-- Adminer 5.4.1 MySQL 8.0.45 dump

SET NAMES utf8;
SET time_zone = '+00:00';
SET foreign_key_checks = 0;
SET sql_mode = 'NO_AUTO_VALUE_ON_ZERO';

SET NAMES utf8mb4;

INSERT INTO `addresses` (`id`, `creation_timestamp`, `update_timestamp`, `address_name`, `city`, `district`, `district_id`, `district_name`, `is_default`, `latitude`, `longitude`, `province`, `province_id`, `province_name`, `recipient_name`, `recipient_phone`, `street_address`, `user_id`, `ward_code`, `ward_name`) VALUES
('12f6a095-ce1c-4462-bebf-74f8883f956d',	'2026-01-25 15:50:43.093151',	'2026-01-25 15:50:43.093668',	'Nhà Riêng',	NULL,	NULL,	2249,	'Huyện Triệu Sơn',	CONVERT(b'1', UNSIGNED),	NULL,	NULL,	'Thanh Hóa',	234,	'Thanh Hóa',	'Hehehe',	'0388509046',	'ádasd',	'3af180f7-1b91-4780-8557-a11cf548ede5',	'281834',	'Xã Xuân Lộc'),
('2d181e7f-fd7a-4b16-a711-b8956f60a6b4',	'2026-01-24 18:13:09.475226',	'2026-01-24 18:13:09.475250',	'Nhà Riêng',	NULL,	NULL,	3147,	'Huyện Cẩm Thủy',	CONVERT(b'1', UNSIGNED),	NULL,	NULL,	'Thanh Hóa',	234,	'Thanh Hóa',	'Hehehe',	'0388509046',	'dsaadasdas\n, , , ádasd',	'8b01475b-a05a-41f7-a350-dfd1ce404b87',	'281419',	'Xã Cẩm Yên'),
('3984cbda-b59b-4543-9a8e-fadcb1c777dc',	'2026-01-25 16:03:15.439570',	'2026-01-25 13:56:21.519176',	'Nhà Riêng',	NULL,	NULL,	1463,	'Quận Thủ Đức',	CONVERT(b'1', UNSIGNED),	NULL,	NULL,	'Hồ Chí Minh',	202,	'Hồ Chí Minh',	'Hehehe',	'0388509046',	'dsaadasdas\n, , , ádasd',	'064c7d5f-75b9-460e-acf7-f486c4a0c406',	'21810',	'Phường Tam Bình'),
('3b0558a6-060c-4b21-9d9b-e83bd1eaea4c',	'2026-01-24 15:40:52.536917',	'2026-01-24 15:40:52.536948',	'Nhà Riêng',	NULL,	NULL,	2249,	'Huyện Triệu Sơn',	CONVERT(b'1', UNSIGNED),	NULL,	NULL,	'Thanh Hóa',	234,	'Thanh Hóa',	'Hehehe',	'0388509046',	'ádasdas',	'3412c965-0fd7-4d44-a069-6dafacf1ced1',	'281834',	'Xã Xuân Lộc'),
('8ccdffeb-bd05-4c7b-8a3d-6bef3cf74384',	'2026-01-25 13:38:09.513774',	'2026-01-25 13:38:09.513820',	'Nhà Riêng',	NULL,	NULL,	3278,	'Huyện Tây Hòa',	CONVERT(b'1', UNSIGNED),	NULL,	NULL,	'Phú Yên',	260,	'Phú Yên',	'Trung Dinh',	'08912038',	'sdfghjk\ndfghjkl',	'c03a55ff-d9dc-40bf-953d-1d651bd3d4f5',	'390911',	'Xã Sơn Thành Tây'),
('addr-u1',	'2026-01-25 09:07:59.000000',	'2026-01-25 09:07:59.000000',	NULL,	NULL,	NULL,	1442,	'Quan 1',	CONVERT(b'1', UNSIGNED),	NULL,	NULL,	NULL,	202,	'Ho Chi Minh',	'Nguyen Van A',	'0900000001',	'123 Le Duan',	'a0b1c2d3-0001-4444-8888-000000000001',	'20101',	'Phuong Ben Nghe'),
('addr-u10',	'2026-01-25 09:07:59.000000',	'2026-01-25 09:07:59.000000',	NULL,	NULL,	NULL,	2003,	'Quan Dong Da',	CONVERT(b'1', UNSIGNED),	NULL,	NULL,	NULL,	201,	'Ha Noi',	'Bui Thi K',	'0900000010',	'90 Lang Ha',	'a0b1c2d3-0010-4444-8888-000000000010',	'10301',	'Phuong Lang Ha'),
('addr-u11',	'2026-01-25 09:07:59.000000',	'2026-01-25 09:07:59.000000',	NULL,	NULL,	NULL,	3001,	'Quan Hai Chau',	CONVERT(b'1', UNSIGNED),	NULL,	NULL,	NULL,	203,	'Da Nang',	'Doan Van L',	'0900000011',	'12 Bach Dang',	'a0b1c2d3-0011-4444-8888-000000000011',	'30101',	'Phuong Hai Chau 1'),
('addr-u12',	'2026-01-25 09:07:59.000000',	'2026-01-25 09:07:59.000000',	NULL,	NULL,	NULL,	3001,	'Quan Hai Chau',	CONVERT(b'1', UNSIGNED),	NULL,	NULL,	NULL,	203,	'Da Nang',	'Ho Thi M',	'0900000012',	'34 Le Duan',	'a0b1c2d3-0012-4444-8888-000000000012',	'30102',	'Phuong Hai Chau 2'),
('addr-u13',	'2026-01-25 09:07:59.000000',	'2026-01-25 09:07:59.000000',	NULL,	NULL,	NULL,	3002,	'Quan Thanh Khe',	CONVERT(b'1', UNSIGNED),	NULL,	NULL,	NULL,	203,	'Da Nang',	'Duong Van N',	'0900000013',	'56 Nguyen Tat Thanh',	'a0b1c2d3-0013-4444-8888-000000000013',	'30201',	'Phuong Thanh Khe Tay'),
('addr-u14',	'2026-01-25 09:07:59.000000',	'2026-01-25 09:07:59.000000',	NULL,	NULL,	NULL,	3002,	'Quan Thanh Khe',	CONVERT(b'1', UNSIGNED),	NULL,	NULL,	NULL,	203,	'Da Nang',	'Ly Thi O',	'0900000014',	'78 Dien Bien Phu',	'a0b1c2d3-0014-4444-8888-000000000014',	'30202',	'Phuong Thac Gian'),
('addr-u15',	'2026-01-25 09:07:59.000000',	'2026-01-25 09:07:59.000000',	NULL,	NULL,	NULL,	3001,	'Quan Hai Chau',	CONVERT(b'1', UNSIGNED),	NULL,	NULL,	NULL,	203,	'Da Nang',	'Truong Van P',	'0900000015',	'90 Hoang Dieu',	'a0b1c2d3-0015-4444-8888-000000000015',	'30103',	'Phuong Phuoc Ninh'),
('addr-u16',	'2026-01-25 09:07:59.000000',	'2026-01-25 09:07:59.000000',	NULL,	NULL,	NULL,	3003,	'Quan Son Tra',	CONVERT(b'1', UNSIGNED),	NULL,	NULL,	NULL,	203,	'Da Nang',	'Dinh Thi Q',	'0900000016',	'123 Pham Van Dong',	'a0b1c2d3-0016-4444-8888-000000000016',	'30301',	'Phuong An Hai Bac'),
('addr-u17',	'2026-01-25 09:07:59.000000',	'2026-01-25 09:07:59.000000',	NULL,	NULL,	NULL,	3003,	'Quan Son Tra',	CONVERT(b'1', UNSIGNED),	NULL,	NULL,	NULL,	203,	'Da Nang',	'Chau Van R',	'0900000017',	'456 Vo Nguyen Giap',	'a0b1c2d3-0017-4444-8888-000000000017',	'30302',	'Phuong Phuoc My'),
('addr-u18',	'2026-01-25 09:07:59.000000',	'2026-01-25 09:07:59.000000',	NULL,	NULL,	NULL,	1450,	'Quan 10',	CONVERT(b'1', UNSIGNED),	NULL,	NULL,	NULL,	202,	'Ho Chi Minh',	'Luu Thi S',	'0900000018',	'789 Cach Mang Thang 8',	'a0b1c2d3-0018-4444-8888-000000000018',	'21001',	'Phuong 12'),
('addr-u19',	'2026-01-25 09:07:59.000000',	'2026-01-25 09:07:59.000000',	NULL,	NULL,	NULL,	1450,	'Quan 10',	CONVERT(b'1', UNSIGNED),	NULL,	NULL,	NULL,	202,	'Ho Chi Minh',	'Mai Van T',	'0900000019',	'101 Ly Thuong Kiet',	'a0b1c2d3-0019-4444-8888-000000000019',	'21002',	'Phuong 14'),
('addr-u2',	'2026-01-25 09:07:59.000000',	'2026-01-25 09:07:59.000000',	NULL,	NULL,	NULL,	1442,	'Quan 1',	CONVERT(b'1', UNSIGNED),	NULL,	NULL,	NULL,	202,	'Ho Chi Minh',	'Tran Thi B',	'0900000002',	'456 Hai Ba Trung',	'a0b1c2d3-0002-4444-8888-000000000002',	'20102',	'Phuong Da Kao'),
('addr-u20',	'2026-01-25 09:07:59.000000',	'2026-01-25 09:07:59.000000',	NULL,	NULL,	NULL,	1450,	'Quan 10',	CONVERT(b'1', UNSIGNED),	NULL,	NULL,	NULL,	202,	'Ho Chi Minh',	'Cao Thi U',	'0900000020',	'202 To Hien Thanh',	'a0b1c2d3-0020-4444-8888-000000000020',	'21003',	'Phuong 15'),
('addr-u3',	'2026-01-25 09:07:59.000000',	'2026-01-25 09:07:59.000000',	NULL,	NULL,	NULL,	1444,	'Quan 3',	CONVERT(b'1', UNSIGNED),	NULL,	NULL,	NULL,	202,	'Ho Chi Minh',	'Le Van C',	'0900000003',	'789 Dien Bien Phu',	'a0b1c2d3-0003-4444-8888-000000000003',	'20301',	'Phuong 1'),
('addr-u4',	'2026-01-25 09:07:59.000000',	'2026-01-25 09:07:59.000000',	NULL,	NULL,	NULL,	1446,	'Quan 5',	CONVERT(b'1', UNSIGNED),	NULL,	NULL,	NULL,	202,	'Ho Chi Minh',	'Pham Thi D',	'0900000004',	'101 Nguyen Trai',	'a0b1c2d3-0004-4444-8888-000000000004',	'20501',	'Phuong 2'),
('addr-u5',	'2026-01-25 09:07:59.000000',	'2026-01-25 09:07:59.000000',	NULL,	NULL,	NULL,	1446,	'Quan 5',	CONVERT(b'1', UNSIGNED),	NULL,	NULL,	NULL,	202,	'Ho Chi Minh',	'Hoang Van E',	'0900000005',	'202 Tran Hung Dao',	'a0b1c2d3-0005-4444-8888-000000000005',	'20502',	'Phuong 3'),
('addr-u6',	'2026-01-25 09:07:59.000000',	'2026-01-25 09:07:59.000000',	NULL,	NULL,	NULL,	2001,	'Quan Hoan Kiem',	CONVERT(b'1', UNSIGNED),	NULL,	NULL,	NULL,	201,	'Ha Noi',	'Do Thi F',	'0900000006',	'12 Trang Tien',	'a0b1c2d3-0006-4444-8888-000000000006',	'10101',	'Phuong Hang Trong'),
('addr-u7',	'2026-01-25 09:07:59.000000',	'2026-01-25 09:07:59.000000',	NULL,	NULL,	NULL,	2001,	'Quan Hoan Kiem',	CONVERT(b'1', UNSIGNED),	NULL,	NULL,	NULL,	201,	'Ha Noi',	'Ngo Van G',	'0900000007',	'34 Hang Gai',	'a0b1c2d3-0007-4444-8888-000000000007',	'10102',	'Phuong Hang Dao'),
('addr-u8',	'2026-01-25 09:07:59.000000',	'2026-01-25 09:07:59.000000',	NULL,	NULL,	NULL,	2002,	'Quan Ba Dinh',	CONVERT(b'1', UNSIGNED),	NULL,	NULL,	NULL,	201,	'Ha Noi',	'Vu Thi H',	'0900000008',	'56 Kim Ma',	'a0b1c2d3-0008-4444-8888-000000000008',	'10201',	'Phuong Kim Ma'),
('addr-u9',	'2026-01-25 09:07:59.000000',	'2026-01-25 09:07:59.000000',	NULL,	NULL,	NULL,	2002,	'Quan Ba Dinh',	CONVERT(b'1', UNSIGNED),	NULL,	NULL,	NULL,	201,	'Ha Noi',	'Dang Van I',	'0900000009',	'78 Giang Vo',	'a0b1c2d3-0009-4444-8888-000000000009',	'10202',	'Phuong Giang Vo'),
('eeca0cb1-b6d8-448d-8e48-bd918ce9cef1',	'2026-01-23 02:35:01.923618',	'2026-01-23 02:35:01.923636',	'Nhà Riêng',	NULL,	NULL,	2060,	'Thị xã Mường Lay',	CONVERT(b'1', UNSIGNED),	NULL,	NULL,	'Điện Biên',	265,	'Điện Biên',	'dasdasdas',	'0388509046',	'sdasdasdasdas',	'b3f1b0fb-3735-467f-af3d-4f45189d2555',	'620203',	'Xã Lay Nưa');

INSERT INTO `admin_wallet` (`id`, `creation_timestamp`, `update_timestamp`, `admin_id`, `balance`, `total_commission`, `total_subscription_revenue`) VALUES
('ccb5a8c1-9dbb-4d8c-9154-89d23c95c751',	'2026-01-23 06:13:32.289966',	'2026-01-25 18:08:07.489703',	'SYSTEM_ADMIN',	556000.00,	8000.00,	548000.00);

INSERT INTO `admin_wallet_entry` (`id`, `creation_timestamp`, `update_timestamp`, `admin_wallet_id`, `amount`, `balance_after`, `balance_before`, `description`, `source_id`, `type`) VALUES
('0395a570-c475-42de-85c0-dfb96f51b3d4',	'2026-01-25 18:08:07.486278',	'2026-01-25 18:08:07.486278',	'ccb5a8c1-9dbb-4d8c-9154-89d23c95c751',	349000.00,	556000.00,	207000.00,	'Subscription Fee: Business Pro',	'SUB_plan-pro_1769339287477',	'SUBSCRIPTION_REVENUE'),
('11d4993a-2591-4039-8241-6894d4ee3687',	'2026-01-25 18:04:27.849839',	'2026-01-25 18:04:27.849839',	'ccb5a8c1-9dbb-4d8c-9154-89d23c95c751',	199000.00,	207000.00,	8000.00,	'Subscription Fee: Voucher Xtra',	'SUB_plan-vx_1769339067801',	'SUBSCRIPTION_REVENUE'),
('21d604ce-8538-4b18-b6e1-bae4af033b66',	'2026-01-24 15:43:29.270640',	'2026-01-24 15:43:29.270656',	'ccb5a8c1-9dbb-4d8c-9154-89d23c95c751',	8000.00,	8000.00,	0.00,	'Commission for order 9484f37e-da1e-4f5b-b161-35bda74bb2d3',	'9484f37e-da1e-4f5b-b161-35bda74bb2d3',	'COMMISSION');

INSERT INTO `advertisements` (`id`, `creation_timestamp`, `update_timestamp`, `ad_type`, `description`, `duration_days`, `end_date`, `image_url`, `placement`, `rejection_reason`, `shop_id`, `start_date`, `status`, `target_url`, `title`, `click_count`, `view_count`) VALUES
('28e750b0-2eb7-4340-a169-d07fe629d38a',	'2026-01-25 13:31:09.631344',	'2026-01-25 21:49:05.030316',	'POPUP',	'dô săn sale nèo',	7,	'2026-02-01 13:31:09.630682',	'/v1/file-storage/get/b1ecfc0d-8219-4f22-a76c-c2eef35bc495',	'POPUP',	NULL,	'ADMIN',	'2026-01-25 13:31:09.630666',	'APPROVED',	'https://impactive-pteridological-sherron.ngrok-free.dev/shop/3af180f7-1b91-4780-8557-a11cf548ede5',	'Tết Đến Xuân Về',	0,	32),
('73e2bd62-44e3-4132-a8bb-e40b78b97d5f',	'2026-01-25 13:29:20.180157',	'2026-01-25 21:49:05.030316',	'BANNER',	'Cận Tết Shop Sale20% nhanh tay dô mua',	7,	'2026-02-01 13:30:15.118760',	'/v1/file-storage/get/f3160a7b-2200-40be-b9f6-d336a53ed385',	'HEADER',	NULL,	'3af180f7-1b91-4780-8557-a11cf548ede5',	'2026-01-25 13:30:15.118745',	'APPROVED',	'https://impactive-pteridological-sherron.ngrok-free.dev/shop/3af180f7-1b91-4780-8557-a11cf548ede5',	'Cận Tết Shop Sale tới 20%',	0,	33),
('74a8a7d2-2a34-47a1-9492-cf61f0f3cfa4',	'2026-01-25 13:49:47.951048',	'2026-01-25 13:49:47.951060',	'BANNER',	'3123',	7,	NULL,	'/v1/file-storage/get/a1960b0e-7fa4-40d9-9a67-2fa82399504a',	NULL,	NULL,	'3af180f7-1b91-4780-8557-a11cf548ede5',	NULL,	'PENDING',	'https://impactive-pteridological-sherron.ngrok-free.dev/shop/3af180f7-1b91-4780-8557-a11cf548ede5',	'12',	0,	0),
('e08ca785-9788-4b89-9417-5620404a352d',	'2026-01-25 13:28:32.257886',	'2026-01-25 21:49:05.030316',	'BANNER',	'123',	7,	'2026-02-01 13:30:17.590793',	'/v1/file-storage/get/461365cb-2925-4d29-abf5-a03efcc9f5b7',	'HEADER',	NULL,	'3af180f7-1b91-4780-8557-a11cf548ede5',	'2026-01-25 13:30:17.590781',	'APPROVED',	'https://impactive-pteridological-sherron.ngrok-free.dev/shop/3af180f7-1b91-4780-8557-a11cf548ede5',	'123',	1,	34);

INSERT INTO `banners` (`id`, `alt_text`, `click_count`, `created_at`, `created_by`, `description`, `display_order`, `end_date`, `image_id`, `image_url`, `is_active`, `link_type`, `link_url`, `open_in_new_tab`, `position`, `start_date`, `target_id`, `title`, `updated_at`, `view_count`) VALUES
('08ad2344-4c21-46ac-8f88-b100cc58cec4',	'12312312312',	2,	'2026-01-25 13:33:12.403648',	NULL,	'123',	1,	'2026-01-26 20:33:00.000000',	'a7b9f7e7-2d01-40d4-842a-f4d940e42874',	NULL,	CONVERT(b'1', UNSIGNED),	'NONE',	'',	CONVERT(b'1', UNSIGNED),	'LEFT_MAIN',	'2026-01-24 20:33:00.000000',	'',	'123',	'2026-01-25 13:33:38.918407',	0);

INSERT INTO `behavior_logs` (`id`, `created_timestamp`, `updated_timestamp`, `duration_seconds`, `event_type`, `product_id`, `search_keyword`, `session_id`, `shop_id`, `source`, `user_id`) VALUES
('000b52fe-0da5-4f11-a0b7-44beb950f6d1',	'2026-01-24 18:12:53.861314',	'2026-01-24 18:12:53.861327',	4,	'VIEW',	'c709fdb1-9747-4f41-85fa-96dfa4e4fa39',	NULL,	'sess_1769278351586_jqw1hqskv',	'3af180f7-1b91-4780-8557-a11cf548ede5',	'product_detail',	'8b01475b-a05a-41f7-a350-dfd1ce404b87'),
('00b585f5-4d21-445e-96c6-f845546add1e',	'2026-01-24 14:19:44.608697',	'2026-01-24 14:19:44.608697',	2,	'VIEW',	'9e28fad0-66a4-4d3a-8e37-f95f712d718c',	NULL,	'sess_1769239184530_8iikmifnk',	'064c7d5f-75b9-460e-acf7-f486c4a0c406',	'product_detail',	'3412c965-0fd7-4d44-a069-6dafacf1ced1'),
('00d25393-9887-4d3d-af55-9826beba328b',	'2026-01-24 15:51:39.424721',	'2026-01-24 15:51:39.424721',	NULL,	'SEARCH',	NULL,	'sản phẩm dưới 300k',	'sess_1769242798346_otxv7bugw',	NULL,	NULL,	'3412c965-0fd7-4d44-a069-6dafacf1ced1'),
('01d0c68e-d9ef-48da-9b0d-c2b2a518163f',	'2026-01-25 18:46:46.388134',	'2026-01-25 18:46:46.388134',	NULL,	'VIEW',	'701565a6-3c0b-4c55-90a9-7835c531f37f',	NULL,	NULL,	'3af180f7-1b91-4780-8557-a11cf548ede5',	'direct',	'3af180f7-1b91-4780-8557-a11cf548ede5'),
('020181c6-b34b-48da-948c-d7292b0f889a',	'2026-01-25 18:31:59.926197',	'2026-01-25 18:31:59.926197',	NULL,	'VIEW',	'701565a6-3c0b-4c55-90a9-7835c531f37f',	NULL,	NULL,	'3af180f7-1b91-4780-8557-a11cf548ede5',	'direct',	'3af180f7-1b91-4780-8557-a11cf548ede5'),
('023567c5-bf80-43fc-9dcb-d88f2bba145e',	'2026-01-23 02:34:36.098737',	'2026-01-23 02:34:36.098746',	NULL,	'SEARCH',	NULL,	'local',	'sess_1769135493028_bby0y05j0',	NULL,	NULL,	'b3f1b0fb-3735-467f-af3d-4f45189d2555'),
('02457030-a9f4-44ff-ad68-2f796d9d386e',	'2026-01-25 16:27:10.728516',	'2026-01-25 16:27:10.729050',	NULL,	'VIEW',	'05495c60-7d2e-434b-b886-c99bcaf8962d',	NULL,	NULL,	'3af180f7-1b91-4780-8557-a11cf548ede5',	'direct',	'3af180f7-1b91-4780-8557-a11cf548ede5'),
('03b0cbbb-526a-4195-8c02-45b2655ce713',	'2026-01-25 18:48:19.922888',	'2026-01-25 18:48:19.922888',	NULL,	'PURCHASE',	'701565a6-3c0b-4c55-90a9-7835c531f37f',	NULL,	NULL,	'3af180f7-1b91-4780-8557-a11cf548ede5',	NULL,	'3af180f7-1b91-4780-8557-a11cf548ede5'),
('03cde67f-ab34-45c7-88d2-11b380f0f63d',	'2026-01-24 14:21:08.634884',	'2026-01-24 14:21:08.634884',	NULL,	'VIEW',	'8659c215-ee16-4768-a139-fcd1a25112a9',	NULL,	NULL,	'3af180f7-1b91-4780-8557-a11cf548ede5',	'direct',	'3412c965-0fd7-4d44-a069-6dafacf1ced1'),
('03e2ae1e-e3e8-4ef4-8203-aea5080aa2d9',	'2026-01-23 05:52:36.548481',	'2026-01-23 05:52:36.548493',	NULL,	'VIEW',	'05495c60-7d2e-434b-b886-c99bcaf8962d',	NULL,	NULL,	'3af180f7-1b91-4780-8557-a11cf548ede5',	'direct',	NULL),
('04cd5148-261f-40b9-8677-b58f5e3adb7d',	'2026-01-25 18:57:50.501893',	'2026-01-25 18:57:50.501893',	3,	'VIEW',	'c709fdb1-9747-4f41-85fa-96dfa4e4fa39',	NULL,	'sess_1769338654715_2hn55qmoc',	'3af180f7-1b91-4780-8557-a11cf548ede5',	'product_detail',	'3af180f7-1b91-4780-8557-a11cf548ede5'),
('04e84cb9-e3df-45ac-b03b-b41176925449',	'2026-01-23 05:52:45.284212',	'2026-01-23 05:52:45.284219',	NULL,	'VIEW',	'8659c215-ee16-4768-a139-fcd1a25112a9',	NULL,	NULL,	'3af180f7-1b91-4780-8557-a11cf548ede5',	'direct',	NULL),
('0506982e-e7ac-4bdf-823c-8eeb0df21ab5',	'2026-01-25 18:35:07.501963',	'2026-01-25 18:35:07.501963',	NULL,	'VIEW',	'ae641784-d4ce-4c68-8880-515f2178158c',	NULL,	NULL,	'3af180f7-1b91-4780-8557-a11cf548ede5',	'direct',	'3af180f7-1b91-4780-8557-a11cf548ede5'),
('05dd9927-eac9-4959-90ba-36546aa4b70c',	'2026-01-25 18:32:41.196786',	'2026-01-25 18:32:41.196786',	2,	'VIEW',	'd9cfbdd4-f9b1-4565-bb0e-ae54cf999bd5',	NULL,	'sess_1769338654715_2hn55qmoc',	'064c7d5f-75b9-460e-acf7-f486c4a0c406',	'product_detail',	'3af180f7-1b91-4780-8557-a11cf548ede5'),
('05f5bf25-844d-4560-a3e4-4c85cf46d337',	'2026-01-24 17:00:06.233940',	'2026-01-24 17:00:06.233940',	5,	'VIEW',	'8c229dbf-18a3-4e17-9fe7-cefe51a06add',	NULL,	'sess_1769239184530_8iikmifnk',	'3af180f7-1b91-4780-8557-a11cf548ede5',	'product_detail',	'3412c965-0fd7-4d44-a069-6dafacf1ced1'),
('05fb8fda-4f71-48bd-8bcb-aed314102ac1',	'2026-01-24 14:19:43.422540',	'2026-01-24 14:19:43.422540',	NULL,	'VIEW',	'9e28fad0-66a4-4d3a-8e37-f95f712d718c',	NULL,	NULL,	'064c7d5f-75b9-460e-acf7-f486c4a0c406',	'direct',	'3412c965-0fd7-4d44-a069-6dafacf1ced1'),
('0620f4af-2260-4ed7-bef8-b41b0e4fce1d',	'2026-01-25 18:09:52.463301',	'2026-01-25 18:09:52.463301',	NULL,	'VIEW',	'8c229dbf-18a3-4e17-9fe7-cefe51a06add',	NULL,	NULL,	'3af180f7-1b91-4780-8557-a11cf548ede5',	'direct',	'3af180f7-1b91-4780-8557-a11cf548ede5'),
('063c617b-4b2e-43c5-88aa-647d31b98251',	'2026-01-24 14:57:08.981422',	'2026-01-24 14:57:08.981950',	1,	'VIEW',	'19e3628f-bb38-45e3-a7a7-72b914792e12',	NULL,	'sess_1769239184530_8iikmifnk',	'3af180f7-1b91-4780-8557-a11cf548ede5',	'product_detail',	'3412c965-0fd7-4d44-a069-6dafacf1ced1'),
('07352bc9-6e99-4e0b-b34d-8d074f4a55ca',	'2026-01-23 02:36:35.062897',	'2026-01-23 02:36:35.062908',	NULL,	'VIEW',	'9e28fad0-66a4-4d3a-8e37-f95f712d718c',	NULL,	NULL,	'064c7d5f-75b9-460e-acf7-f486c4a0c406',	'direct',	'b3f1b0fb-3735-467f-af3d-4f45189d2555'),
('073cd0d8-e3e1-4ac0-83d1-50544cbe76db',	'2026-01-24 14:53:55.638636',	'2026-01-24 14:53:55.638636',	NULL,	'VIEW',	'c709fdb1-9747-4f41-85fa-96dfa4e4fa39',	NULL,	NULL,	'3af180f7-1b91-4780-8557-a11cf548ede5',	'direct',	NULL),
('0922a2de-8887-4f96-aff3-46cf384bcd7f',	'2026-01-24 15:51:27.968983',	'2026-01-24 15:51:27.969577',	NULL,	'SEARCH',	NULL,	'sản phẩm dưới 100k',	'sess_1769242798346_otxv7bugw',	NULL,	NULL,	'3412c965-0fd7-4d44-a069-6dafacf1ced1'),
('09d91059-72ed-4ca2-afdc-65bbbf7592e9',	'2026-01-24 15:52:36.738459',	'2026-01-24 15:52:36.738472',	NULL,	'VIEW',	'c709fdb1-9747-4f41-85fa-96dfa4e4fa39',	NULL,	NULL,	'3af180f7-1b91-4780-8557-a11cf548ede5',	'direct',	'3412c965-0fd7-4d44-a069-6dafacf1ced1'),
('09edcd5e-222b-4b0a-adef-db0d73b305b2',	'2026-01-24 16:05:47.188746',	'2026-01-24 16:05:47.188746',	NULL,	'SEARCH',	NULL,	'100k',	'sess_1769242798346_otxv7bugw',	NULL,	NULL,	'3412c965-0fd7-4d44-a069-6dafacf1ced1'),
('09fd185c-8b1a-4d70-b2bb-4f83abb62519',	'2026-01-23 02:34:40.064446',	'2026-01-23 02:34:40.064460',	3,	'VIEW',	'c709fdb1-9747-4f41-85fa-96dfa4e4fa39',	NULL,	'sess_1769135493028_bby0y05j0',	'3af180f7-1b91-4780-8557-a11cf548ede5',	'product_detail',	'b3f1b0fb-3735-467f-af3d-4f45189d2555'),
('0a658107-826c-431b-8db9-2e3548f1f3dc',	'2026-01-25 18:16:00.130824',	'2026-01-25 18:16:00.130824',	NULL,	'VIEW',	'8659c215-ee16-4768-a139-fcd1a25112a9',	NULL,	NULL,	'3af180f7-1b91-4780-8557-a11cf548ede5',	'direct',	'3af180f7-1b91-4780-8557-a11cf548ede5'),
('0b74b736-93b7-4d71-97a4-9deb8c52da8d',	'2026-01-24 14:20:42.819255',	'2026-01-24 14:20:42.819255',	NULL,	'VIEW',	'05495c60-7d2e-434b-b886-c99bcaf8962d',	NULL,	NULL,	'3af180f7-1b91-4780-8557-a11cf548ede5',	'direct',	NULL),
('0de88c91-70fb-4677-ad76-ac2c2299e8cf',	'2026-01-24 17:00:20.722553',	'2026-01-24 17:00:20.722553',	NULL,	'SEARCH',	NULL,	'sách',	'sess_1769239184530_8iikmifnk',	NULL,	NULL,	'3412c965-0fd7-4d44-a069-6dafacf1ced1'),
('0e10181d-51fd-4237-aa88-012218a7a0bf',	'2026-01-25 18:32:05.571728',	'2026-01-25 18:32:05.571728',	1,	'VIEW',	'ae641784-d4ce-4c68-8880-515f2178158c',	NULL,	'sess_1769338654715_2hn55qmoc',	'3af180f7-1b91-4780-8557-a11cf548ede5',	'product_detail',	'3af180f7-1b91-4780-8557-a11cf548ede5'),
('0f7095ac-eb5a-48b3-922c-c53b7c18dffa',	'2026-01-25 16:47:10.254558',	'2026-01-25 16:47:10.254558',	NULL,	'VIEW',	'05495c60-7d2e-434b-b886-c99bcaf8962d',	NULL,	NULL,	'3af180f7-1b91-4780-8557-a11cf548ede5',	'direct',	'3af180f7-1b91-4780-8557-a11cf548ede5'),
('11185bf7-8749-4457-85e0-5cc294e895d6',	'2026-01-24 14:57:15.167418',	'2026-01-24 14:57:15.167418',	1,	'VIEW',	'ae641784-d4ce-4c68-8880-515f2178158c',	NULL,	'sess_1769239184530_8iikmifnk',	'3af180f7-1b91-4780-8557-a11cf548ede5',	'product_detail',	'3412c965-0fd7-4d44-a069-6dafacf1ced1'),
('1151a615-15ed-423f-96ae-2c1547e1d888',	'2026-01-25 18:32:12.027272',	'2026-01-25 18:32:12.027272',	NULL,	'VIEW',	'701565a6-3c0b-4c55-90a9-7835c531f37f',	NULL,	NULL,	'3af180f7-1b91-4780-8557-a11cf548ede5',	'direct',	'3af180f7-1b91-4780-8557-a11cf548ede5'),
('11a3f71e-9fd7-47fe-9b9f-45c5f65c46f2',	'2026-01-23 02:36:34.288205',	'2026-01-23 02:36:34.288214',	NULL,	'SEARCH',	NULL,	'hehe',	'sess_1769135493028_bby0y05j0',	NULL,	NULL,	'b3f1b0fb-3735-467f-af3d-4f45189d2555'),
('13540820-fd77-4799-996c-937f3688f82e',	'2026-01-24 16:59:46.167325',	'2026-01-24 16:59:46.167325',	NULL,	'SEARCH',	NULL,	'Sách Series sách địa chính trị của tác giả Tim Marshall',	'sess_1769239184530_8iikmifnk',	NULL,	NULL,	'3412c965-0fd7-4d44-a069-6dafacf1ced1'),
('14343cef-987c-4017-af3f-c728d02073fe',	'2026-01-23 02:34:09.338655',	'2026-01-23 02:34:09.338666',	NULL,	'SEARCH',	NULL,	'hehe',	'sess_1769135493028_bby0y05j0',	NULL,	NULL,	'b3f1b0fb-3735-467f-af3d-4f45189d2555'),
('14d7d970-ebc0-4d3d-b26f-c427f0f0ce54',	'2026-01-25 16:48:46.904329',	'2026-01-25 16:48:46.904329',	2,	'VIEW',	'05495c60-7d2e-434b-b886-c99bcaf8962d',	NULL,	'sess_1769333236083_zvt0hdaq6',	'3af180f7-1b91-4780-8557-a11cf548ede5',	'product_detail',	'3af180f7-1b91-4780-8557-a11cf548ede5'),
('14fef0cb-a983-4610-a0a6-9cc290badebd',	'2026-01-23 02:36:20.958236',	'2026-01-23 02:36:20.958246',	NULL,	'VIEW',	'8659c215-ee16-4768-a139-fcd1a25112a9',	NULL,	NULL,	'3af180f7-1b91-4780-8557-a11cf548ede5',	'direct',	'b3f1b0fb-3735-467f-af3d-4f45189d2555'),
('1603a1f3-ac98-4b3e-a290-967fb494b123',	'2026-01-24 14:54:17.236548',	'2026-01-24 14:54:17.236548',	NULL,	'VIEW',	'f4ce5ab1-6910-4cb9-90f8-c65c4a42d72c',	NULL,	NULL,	'3af180f7-1b91-4780-8557-a11cf548ede5',	'direct',	NULL),
('168989dc-e7eb-42bb-bc06-3d88edaefb95',	'2026-01-25 15:54:45.944695',	'2026-01-25 15:54:45.944695',	NULL,	'PURCHASE',	'8659c215-ee16-4768-a139-fcd1a25112a9',	NULL,	NULL,	'3af180f7-1b91-4780-8557-a11cf548ede5',	NULL,	'3af180f7-1b91-4780-8557-a11cf548ede5'),
('171d0cef-5b40-4fb6-9530-b765f5e910ca',	'2026-01-25 18:14:44.797511',	'2026-01-25 18:14:44.797511',	NULL,	'VIEW',	'05495c60-7d2e-434b-b886-c99bcaf8962d',	NULL,	NULL,	'3af180f7-1b91-4780-8557-a11cf548ede5',	'direct',	'3af180f7-1b91-4780-8557-a11cf548ede5'),
('17371889-89d9-4b8a-925c-b7eda21ebbae',	'2026-01-24 15:51:39.132241',	'2026-01-24 15:51:39.132241',	NULL,	'SEARCH',	NULL,	'sản phẩm dưới 100k',	'sess_1769242798346_otxv7bugw',	NULL,	NULL,	'3412c965-0fd7-4d44-a069-6dafacf1ced1'),
('178cda91-398a-4799-af72-f1bc3deaa578',	'2026-01-24 16:06:09.837389',	'2026-01-24 16:06:09.837389',	NULL,	'SEARCH',	NULL,	'400k',	'sess_1769242798346_otxv7bugw',	NULL,	NULL,	'3412c965-0fd7-4d44-a069-6dafacf1ced1'),
('18808fdb-3fa3-4a77-bef7-1c02fc552517',	'2026-01-23 02:00:13.852585',	'2026-01-23 02:00:13.852598',	NULL,	'VIEW',	'9e28fad0-66a4-4d3a-8e37-f95f712d718c',	NULL,	NULL,	'064c7d5f-75b9-460e-acf7-f486c4a0c406',	'direct',	'064c7d5f-75b9-460e-acf7-f486c4a0c406'),
('1967fb29-c92c-4c7a-997e-30c88223156e',	'2026-01-24 16:06:05.797782',	'2026-01-24 16:06:05.797782',	NULL,	'SEARCH',	NULL,	'400k',	'sess_1769242798346_otxv7bugw',	NULL,	NULL,	'3412c965-0fd7-4d44-a069-6dafacf1ced1'),
('198fc1da-37df-491a-9613-ebfb43eeb89d',	'2026-01-24 14:57:18.006547',	'2026-01-24 14:57:18.006547',	1,	'VIEW',	'f4ce5ab1-6910-4cb9-90f8-c65c4a42d72c',	NULL,	'sess_1769239184530_8iikmifnk',	'3af180f7-1b91-4780-8557-a11cf548ede5',	'product_detail',	'3412c965-0fd7-4d44-a069-6dafacf1ced1'),
('1ab55b02-9974-4633-a608-5506f4956161',	'2026-01-24 15:20:26.228180',	'2026-01-24 15:20:26.228206',	NULL,	'VIEW',	'8c229dbf-18a3-4e17-9fe7-cefe51a06add',	NULL,	NULL,	'3af180f7-1b91-4780-8557-a11cf548ede5',	'direct',	'3412c965-0fd7-4d44-a069-6dafacf1ced1'),
('1ab5ce97-7163-403c-807d-20780ee23263',	'2026-01-25 13:55:42.565375',	'2026-01-25 13:55:42.565388',	NULL,	'SEARCH',	NULL,	'Áo Khoác',	'sess_1769349143178_wit30v3iy',	NULL,	NULL,	'064c7d5f-75b9-460e-acf7-f486c4a0c406'),
('1c368ecb-fe87-4964-b6c5-71f4c2c8c81c',	'2026-01-25 18:11:15.823877',	'2026-01-25 18:11:15.823877',	5,	'VIEW',	'f4ce5ab1-6910-4cb9-90f8-c65c4a42d72c',	NULL,	'sess_1769338654715_2hn55qmoc',	'3af180f7-1b91-4780-8557-a11cf548ede5',	'product_detail',	'3af180f7-1b91-4780-8557-a11cf548ede5'),
('1dbde2a7-f951-4e89-aaef-182f86ecbf77',	'2026-01-25 13:34:58.782063',	'2026-01-25 13:34:58.782084',	NULL,	'VIEW',	'9e28fad0-66a4-4d3a-8e37-f95f712d718c',	NULL,	NULL,	'064c7d5f-75b9-460e-acf7-f486c4a0c406',	'direct',	'3af180f7-1b91-4780-8557-a11cf548ede5'),
('1dd06335-676e-4e26-aa31-c6d89eb5c8ec',	'2026-01-25 18:32:39.273383',	'2026-01-25 18:32:39.273383',	NULL,	'VIEW',	'd9cfbdd4-f9b1-4565-bb0e-ae54cf999bd5',	NULL,	NULL,	'064c7d5f-75b9-460e-acf7-f486c4a0c406',	'direct',	'3af180f7-1b91-4780-8557-a11cf548ede5'),
('1de343ae-78d6-41d3-a592-ddd715c36381',	'2026-01-25 18:18:43.861168',	'2026-01-25 18:18:43.861168',	4,	'VIEW',	'8659c215-ee16-4768-a139-fcd1a25112a9',	NULL,	'sess_1769338654715_2hn55qmoc',	'3af180f7-1b91-4780-8557-a11cf548ede5',	'product_detail',	'3af180f7-1b91-4780-8557-a11cf548ede5'),
('1e4c4939-94e8-4db3-9bd2-8f74ec52e617',	'2026-01-23 02:34:33.546723',	'2026-01-23 02:34:33.546732',	5,	'VIEW',	'c709fdb1-9747-4f41-85fa-96dfa4e4fa39',	NULL,	'sess_1769135493028_bby0y05j0',	'3af180f7-1b91-4780-8557-a11cf548ede5',	'product_detail',	'b3f1b0fb-3735-467f-af3d-4f45189d2555'),
('1f537e77-b3f3-4d45-9a1e-3e423de6b557',	'2026-01-24 15:43:48.781465',	'2026-01-24 15:43:48.781497',	NULL,	'VIEW',	'c709fdb1-9747-4f41-85fa-96dfa4e4fa39',	NULL,	NULL,	'3af180f7-1b91-4780-8557-a11cf548ede5',	'direct',	'3412c965-0fd7-4d44-a069-6dafacf1ced1'),
('1fa48b7f-fbb6-4042-a371-a64c42ba0ea5',	'2026-01-23 06:40:07.939383',	'2026-01-23 06:40:07.939392',	NULL,	'VIEW',	'9e28fad0-66a4-4d3a-8e37-f95f712d718c',	NULL,	NULL,	'064c7d5f-75b9-460e-acf7-f486c4a0c406',	'direct',	NULL),
('20d93c2b-5eb7-4e25-a4f9-a693419db5fa',	'2026-01-23 02:05:32.074101',	'2026-01-23 02:05:32.074109',	NULL,	'VIEW',	'9e28fad0-66a4-4d3a-8e37-f95f712d718c',	NULL,	NULL,	'064c7d5f-75b9-460e-acf7-f486c4a0c406',	'direct',	'3af180f7-1b91-4780-8557-a11cf548ede5'),
('217f395e-1f5e-46b7-9ad6-38977d0aa5bd',	'2026-01-23 02:13:37.024168',	'2026-01-23 02:13:37.024177',	2,	'VIEW',	'9e28fad0-66a4-4d3a-8e37-f95f712d718c',	NULL,	'sess_1769134419331_nkhc0ry3o',	'064c7d5f-75b9-460e-acf7-f486c4a0c406',	'product_detail',	'2f370e25-fd3d-40f4-a5bd-902664859f74'),
('22b4bc24-bf78-4bfc-a73d-47e81d12d82e',	'2026-01-25 18:34:31.699915',	'2026-01-25 18:34:31.699915',	2,	'VIEW',	'ae641784-d4ce-4c68-8880-515f2178158c',	NULL,	'sess_1769338654715_2hn55qmoc',	'3af180f7-1b91-4780-8557-a11cf548ede5',	'product_detail',	'3af180f7-1b91-4780-8557-a11cf548ede5'),
('2369b93a-e0a4-4b03-bac6-921d8a0e11a4',	'2026-01-25 15:55:17.758629',	'2026-01-25 15:55:17.758629',	NULL,	'PURCHASE',	'05495c60-7d2e-434b-b886-c99bcaf8962d',	NULL,	NULL,	'3af180f7-1b91-4780-8557-a11cf548ede5',	NULL,	'3af180f7-1b91-4780-8557-a11cf548ede5'),
('24102b4a-0345-4eb7-bff7-66176cf5869e',	'2026-01-23 02:36:53.025590',	'2026-01-23 02:36:53.025600',	NULL,	'SEARCH',	NULL,	'hehe',	'sess_1769135493028_bby0y05j0',	NULL,	NULL,	'b3f1b0fb-3735-467f-af3d-4f45189d2555'),
('247905e6-8ad2-466f-a338-c1e1e33948b9',	'2026-01-25 18:35:06.108843',	'2026-01-25 18:35:06.108843',	3,	'VIEW',	'701565a6-3c0b-4c55-90a9-7835c531f37f',	NULL,	'sess_1769338654715_2hn55qmoc',	'3af180f7-1b91-4780-8557-a11cf548ede5',	'product_detail',	'3af180f7-1b91-4780-8557-a11cf548ede5'),
('2496c4b0-34f3-4fe7-affd-5074dd1147a9',	'2026-01-25 18:12:11.224734',	'2026-01-25 18:12:11.224734',	NULL,	'PURCHASE',	'f4ce5ab1-6910-4cb9-90f8-c65c4a42d72c',	NULL,	NULL,	'3af180f7-1b91-4780-8557-a11cf548ede5',	NULL,	'3af180f7-1b91-4780-8557-a11cf548ede5'),
('25c10b14-31cb-45c3-b575-77eb47ed1ac7',	'2026-01-24 14:57:12.287345',	'2026-01-24 14:57:12.287345',	1,	'VIEW',	'8659c215-ee16-4768-a139-fcd1a25112a9',	NULL,	'sess_1769239184530_8iikmifnk',	'3af180f7-1b91-4780-8557-a11cf548ede5',	'product_detail',	'3412c965-0fd7-4d44-a069-6dafacf1ced1'),
('26a339db-1a22-4396-aac6-926957351ca2',	'2026-01-24 17:00:53.129478',	'2026-01-24 17:00:53.129478',	NULL,	'SEARCH',	NULL,	'LOCAL BRAND Áo thun The Weird Phong Cách Unisex Form Rộng ATK905',	'sess_1769239184530_8iikmifnk',	NULL,	NULL,	'3412c965-0fd7-4d44-a069-6dafacf1ced1'),
('294fb38e-8cf1-485a-b912-f8fec4a387cf',	'2026-01-25 18:32:36.952886',	'2026-01-25 18:32:36.952886',	NULL,	'VIEW',	'38ef5ceb-f9cd-11f0-b554-520e5bbb2950',	NULL,	NULL,	's1o2c3d4-0002-5555-aaaa-000000000002',	'direct',	'3af180f7-1b91-4780-8557-a11cf548ede5'),
('29ea638f-b2f2-437d-8c7a-c69c10bff6c1',	'2026-01-25 13:55:44.761883',	'2026-01-25 13:55:44.761892',	NULL,	'SEARCH',	NULL,	'Áo Khoác',	'sess_1769349143178_wit30v3iy',	NULL,	NULL,	'064c7d5f-75b9-460e-acf7-f486c4a0c406'),
('2a01fbc3-2c2a-49de-8c8b-0a9a0995e341',	'2026-01-24 14:53:45.443627',	'2026-01-24 14:53:45.443627',	NULL,	'VIEW',	'9e28fad0-66a4-4d3a-8e37-f95f712d718c',	NULL,	NULL,	'064c7d5f-75b9-460e-acf7-f486c4a0c406',	'direct',	NULL),
('2a7b44cb-77b9-4e38-9975-04532073c575',	'2026-01-24 18:12:31.979470',	'2026-01-24 18:12:31.979478',	4,	'VIEW',	'c709fdb1-9747-4f41-85fa-96dfa4e4fa39',	NULL,	'sess_1769278351586_jqw1hqskv',	'3af180f7-1b91-4780-8557-a11cf548ede5',	'product_detail',	'3af180f7-1b91-4780-8557-a11cf548ede5'),
('2af55db8-c9dc-446d-acca-9f1adc0877c4',	'2026-01-25 13:28:06.807049',	'2026-01-25 13:28:06.807068',	NULL,	'SEARCH',	NULL,	'hehe',	'sess_1769347686188_7hlw33qnl',	NULL,	NULL,	'064c7d5f-75b9-460e-acf7-f486c4a0c406'),
('2b51989b-9364-4b22-bdc0-a6dda65295b2',	'2026-01-25 18:10:37.869200',	'2026-01-25 18:10:37.869200',	NULL,	'PURCHASE',	'8c229dbf-18a3-4e17-9fe7-cefe51a06add',	NULL,	NULL,	'3af180f7-1b91-4780-8557-a11cf548ede5',	NULL,	'3af180f7-1b91-4780-8557-a11cf548ede5'),
('2bdcdc2a-5774-460a-ae15-03342ae10f7e',	'2026-01-24 15:53:09.061682',	'2026-01-24 15:53:09.061698',	NULL,	'VIEW',	'ae641784-d4ce-4c68-8880-515f2178158c',	NULL,	NULL,	'3af180f7-1b91-4780-8557-a11cf548ede5',	'direct',	'3412c965-0fd7-4d44-a069-6dafacf1ced1'),
('2caf9f3d-86da-4ff6-9c21-92844affa846',	'2026-01-23 02:16:43.586410',	'2026-01-23 02:16:43.586422',	1,	'VIEW',	'c709fdb1-9747-4f41-85fa-96dfa4e4fa39',	NULL,	'sess_1769134603008_wbripst5j',	'3af180f7-1b91-4780-8557-a11cf548ede5',	'product_detail',	'3af180f7-1b91-4780-8557-a11cf548ede5'),
('2cba5d32-d9e4-4bc8-a700-cf32c7330c74',	'2026-01-25 16:47:16.228170',	'2026-01-25 16:47:16.228170',	NULL,	'PURCHASE',	'05495c60-7d2e-434b-b886-c99bcaf8962d',	NULL,	NULL,	'3af180f7-1b91-4780-8557-a11cf548ede5',	NULL,	'3af180f7-1b91-4780-8557-a11cf548ede5'),
('2d2bcb9f-4198-41fe-9b6b-9bf9caa9e1fd',	'2026-01-24 14:57:05.376843',	'2026-01-24 14:57:05.376852',	3,	'VIEW',	'701565a6-3c0b-4c55-90a9-7835c531f37f',	NULL,	'sess_1769266625544_8xfhgjjr1',	'3af180f7-1b91-4780-8557-a11cf548ede5',	'product_detail',	'3af180f7-1b91-4780-8557-a11cf548ede5'),
('2d67f416-9bac-4f6f-be1a-806fb5c19989',	'2026-01-24 17:00:53.059644',	'2026-01-24 17:00:53.059644',	3,	'VIEW',	'701565a6-3c0b-4c55-90a9-7835c531f37f',	NULL,	'sess_1769239184530_8iikmifnk',	'3af180f7-1b91-4780-8557-a11cf548ede5',	'product_detail',	'3412c965-0fd7-4d44-a069-6dafacf1ced1'),
('2e277db6-ee29-4bea-a924-8261805c6163',	'2026-01-24 14:57:07.469479',	'2026-01-24 14:57:07.469479',	2,	'VIEW',	'05495c60-7d2e-434b-b886-c99bcaf8962d',	NULL,	'sess_1769239184530_8iikmifnk',	'3af180f7-1b91-4780-8557-a11cf548ede5',	'product_detail',	'3412c965-0fd7-4d44-a069-6dafacf1ced1'),
('2e5c0eb7-c99c-44f1-8971-f7a13a2ab455',	'2026-01-24 15:04:17.832068',	'2026-01-24 15:04:17.832079',	5,	'VIEW',	'05495c60-7d2e-434b-b886-c99bcaf8962d',	NULL,	'sess_1769267059159_8qyr3rv06',	'3af180f7-1b91-4780-8557-a11cf548ede5',	'product_detail',	'3412c965-0fd7-4d44-a069-6dafacf1ced1'),
('2f11d81c-b011-4283-9fcf-ebac5f241553',	'2026-01-25 18:19:50.700234',	'2026-01-25 18:19:50.700234',	2,	'VIEW',	'701565a6-3c0b-4c55-90a9-7835c531f37f',	NULL,	'sess_1769338654715_2hn55qmoc',	'3af180f7-1b91-4780-8557-a11cf548ede5',	'product_detail',	'3af180f7-1b91-4780-8557-a11cf548ede5'),
('319964d5-955d-46ca-85c6-83da30eb7072',	'2026-01-25 18:14:49.435563',	'2026-01-25 18:14:49.435563',	5,	'VIEW',	'05495c60-7d2e-434b-b886-c99bcaf8962d',	NULL,	'sess_1769338654715_2hn55qmoc',	'3af180f7-1b91-4780-8557-a11cf548ede5',	'product_detail',	'3af180f7-1b91-4780-8557-a11cf548ede5'),
('31c03d5b-ccb5-4f95-ac0e-4bf15a3f5107',	'2026-01-23 06:39:06.963493',	'2026-01-23 06:39:06.963502',	NULL,	'VIEW',	'c709fdb1-9747-4f41-85fa-96dfa4e4fa39',	NULL,	NULL,	'3af180f7-1b91-4780-8557-a11cf548ede5',	'direct',	NULL),
('338c48f4-e540-4a35-aedc-fd5f72f0816f',	'2026-01-25 16:03:54.445011',	'2026-01-25 16:03:54.445011',	NULL,	'VIEW',	'05495c60-7d2e-434b-b886-c99bcaf8962d',	NULL,	NULL,	'3af180f7-1b91-4780-8557-a11cf548ede5',	'direct',	'064c7d5f-75b9-460e-acf7-f486c4a0c406'),
('33efbe51-d60c-49ba-ae46-80a58ef39c8f',	'2026-01-24 16:06:00.056706',	'2026-01-24 16:06:00.056706',	NULL,	'SEARCH',	NULL,	'200k',	'sess_1769242798346_otxv7bugw',	NULL,	NULL,	'3412c965-0fd7-4d44-a069-6dafacf1ced1'),
('34196350-a213-40a0-97f7-97415d6b3603',	'2026-01-24 14:53:41.321024',	'2026-01-24 14:53:41.321024',	NULL,	'VIEW',	'19e3628f-bb38-45e3-a7a7-72b914792e12',	NULL,	NULL,	'3af180f7-1b91-4780-8557-a11cf548ede5',	'direct',	NULL),
('34fa43a6-9a0f-48fc-9d85-ad116b2808f8',	'2026-01-25 18:47:58.643801',	'2026-01-25 18:47:58.644342',	NULL,	'VIEW',	'701565a6-3c0b-4c55-90a9-7835c531f37f',	NULL,	NULL,	'3af180f7-1b91-4780-8557-a11cf548ede5',	'direct',	'3af180f7-1b91-4780-8557-a11cf548ede5'),
('3595f7ac-64b6-4585-aaa8-06188884c276',	'2026-01-24 14:21:01.338143',	'2026-01-24 14:21:01.338143',	NULL,	'VIEW',	'05495c60-7d2e-434b-b886-c99bcaf8962d',	NULL,	NULL,	'3af180f7-1b91-4780-8557-a11cf548ede5',	'direct',	'3412c965-0fd7-4d44-a069-6dafacf1ced1'),
('3660742a-6e4f-439d-bd71-799fa37e37d8',	'2026-01-23 02:01:48.396498',	'2026-01-23 02:01:48.396514',	12,	'VIEW',	'9e28fad0-66a4-4d3a-8e37-f95f712d718c',	NULL,	'sess_1769133606759_mvkyc1i44',	'064c7d5f-75b9-460e-acf7-f486c4a0c406',	'product_detail',	'064c7d5f-75b9-460e-acf7-f486c4a0c406'),
('368c0619-772a-4035-9295-b74eab8fc132',	'2026-01-25 13:37:37.135251',	'2026-01-25 13:37:37.135259',	6,	'VIEW',	'9e28fad0-66a4-4d3a-8e37-f95f712d718c',	NULL,	'sess_1769347686188_7hlw33qnl',	'064c7d5f-75b9-460e-acf7-f486c4a0c406',	'product_detail',	'c03a55ff-d9dc-40bf-953d-1d651bd3d4f5'),
('37f31e58-cf97-472e-b184-679e7c06cdce',	'2026-01-24 14:20:44.941942',	'2026-01-24 14:20:44.941942',	NULL,	'VIEW',	'19e3628f-bb38-45e3-a7a7-72b914792e12',	NULL,	NULL,	'3af180f7-1b91-4780-8557-a11cf548ede5',	'direct',	NULL),
('385064f1-95e8-49f8-9279-150980397a77',	'2026-01-25 18:13:54.231349',	'2026-01-25 18:13:54.231349',	NULL,	'VIEW',	'c709fdb1-9747-4f41-85fa-96dfa4e4fa39',	NULL,	NULL,	'3af180f7-1b91-4780-8557-a11cf548ede5',	'direct',	'3af180f7-1b91-4780-8557-a11cf548ede5'),
('399cea39-efb0-4d86-90c2-15825818a10c',	'2026-01-25 18:09:25.839438',	'2026-01-25 18:09:25.839438',	NULL,	'ADD_CART',	'8659c215-ee16-4768-a139-fcd1a25112a9',	NULL,	NULL,	'3af180f7-1b91-4780-8557-a11cf548ede5',	NULL,	'3af180f7-1b91-4780-8557-a11cf548ede5'),
('3af5c73e-9c18-4067-b156-e973e5dc75ed',	'2026-01-25 13:57:21.950433',	'2026-01-25 13:57:21.950456',	NULL,	'VIEW',	'd9cfbdd4-f9b1-4565-bb0e-ae54cf999bd5',	NULL,	NULL,	'064c7d5f-75b9-460e-acf7-f486c4a0c406',	'direct',	'064c7d5f-75b9-460e-acf7-f486c4a0c406'),
('3b31f9e4-5b29-428b-b95b-d7b33c618d55',	'2026-01-24 15:54:02.147763',	'2026-01-24 15:54:02.147773',	NULL,	'PURCHASE',	'ae641784-d4ce-4c68-8880-515f2178158c',	NULL,	NULL,	'3af180f7-1b91-4780-8557-a11cf548ede5',	NULL,	'3412c965-0fd7-4d44-a069-6dafacf1ced1'),
('3b874681-a253-42e5-9ab2-55ffb91ffcbb',	'2026-01-23 02:36:37.601575',	'2026-01-23 02:36:37.601585',	3,	'VIEW',	'9e28fad0-66a4-4d3a-8e37-f95f712d718c',	NULL,	'sess_1769135493028_bby0y05j0',	'064c7d5f-75b9-460e-acf7-f486c4a0c406',	'product_detail',	'b3f1b0fb-3735-467f-af3d-4f45189d2555'),
('3be63781-8457-491e-9c23-b0ebf63c8d56',	'2026-01-25 19:27:25.850988',	'2026-01-25 19:27:25.850988',	3,	'VIEW',	'f4ce5ab1-6910-4cb9-90f8-c65c4a42d72c',	NULL,	'sess_1769338654715_2hn55qmoc',	'3af180f7-1b91-4780-8557-a11cf548ede5',	'product_detail',	'3af180f7-1b91-4780-8557-a11cf548ede5'),
('3c0e75cc-faae-4077-ba2a-0612ba3924ea',	'2026-01-25 18:32:16.433057',	'2026-01-25 18:32:16.433057',	2,	'VIEW',	'ae641784-d4ce-4c68-8880-515f2178158c',	NULL,	'sess_1769338654715_2hn55qmoc',	'3af180f7-1b91-4780-8557-a11cf548ede5',	'product_detail',	'3af180f7-1b91-4780-8557-a11cf548ede5'),
('3c318bac-1fff-4197-9107-1169d25cede1',	'2026-01-25 18:47:57.285945',	'2026-01-25 18:47:57.285945',	9,	'VIEW',	'701565a6-3c0b-4c55-90a9-7835c531f37f',	NULL,	'sess_1769338654715_2hn55qmoc',	'3af180f7-1b91-4780-8557-a11cf548ede5',	'product_detail',	'3af180f7-1b91-4780-8557-a11cf548ede5'),
('3ccf7fac-eacd-41e4-b20f-76a8895d6aea',	'2026-01-23 02:37:12.566406',	'2026-01-23 02:37:12.566419',	NULL,	'VIEW',	'9e28fad0-66a4-4d3a-8e37-f95f712d718c',	NULL,	NULL,	'064c7d5f-75b9-460e-acf7-f486c4a0c406',	'direct',	'b3f1b0fb-3735-467f-af3d-4f45189d2555'),
('3e47444c-dc21-4a76-95f1-4895701c36c9',	'2026-01-25 15:55:05.503294',	'2026-01-25 15:55:05.503294',	NULL,	'PURCHASE',	'8659c215-ee16-4768-a139-fcd1a25112a9',	NULL,	NULL,	'3af180f7-1b91-4780-8557-a11cf548ede5',	NULL,	'3af180f7-1b91-4780-8557-a11cf548ede5'),
('3e5a3e2c-e5b3-4442-bc42-7e49c275d6bb',	'2026-01-24 14:57:13.638360',	'2026-01-24 14:57:13.638360',	1,	'VIEW',	'9e28fad0-66a4-4d3a-8e37-f95f712d718c',	NULL,	'sess_1769239184530_8iikmifnk',	'064c7d5f-75b9-460e-acf7-f486c4a0c406',	'product_detail',	'3412c965-0fd7-4d44-a069-6dafacf1ced1'),
('3fa732c4-63ad-44af-b9cb-c5a0f42abf95',	'2026-01-25 18:09:45.404511',	'2026-01-25 18:09:45.404511',	1,	'VIEW',	'9e28fad0-66a4-4d3a-8e37-f95f712d718c',	NULL,	'sess_1769338654715_2hn55qmoc',	'064c7d5f-75b9-460e-acf7-f486c4a0c406',	'product_detail',	'3af180f7-1b91-4780-8557-a11cf548ede5'),
('40b6e65f-b87b-4061-8f97-50911c3c17f6',	'2026-01-24 15:20:19.226481',	'2026-01-24 15:20:19.226481',	NULL,	'SEARCH',	NULL,	'combo sách adyashanti - hành trình giác ngộ & điều quan trọng nhất',	'sess_1769242798346_otxv7bugw',	NULL,	NULL,	'3412c965-0fd7-4d44-a069-6dafacf1ced1'),
('40bbcd20-f717-4def-8070-8c6a2502b4ad',	'2026-01-25 16:27:16.347511',	'2026-01-25 16:27:16.347511',	6,	'VIEW',	'05495c60-7d2e-434b-b886-c99bcaf8962d',	NULL,	'sess_1769333236083_zvt0hdaq6',	'3af180f7-1b91-4780-8557-a11cf548ede5',	'product_detail',	'3af180f7-1b91-4780-8557-a11cf548ede5'),
('417496db-4b86-4d0f-a4f5-87fc0553acd4',	'2026-01-25 15:55:13.149039',	'2026-01-25 15:55:13.149039',	NULL,	'VIEW',	'05495c60-7d2e-434b-b886-c99bcaf8962d',	NULL,	NULL,	'3af180f7-1b91-4780-8557-a11cf548ede5',	'direct',	'3af180f7-1b91-4780-8557-a11cf548ede5'),
('41cb2ae5-996a-4cdd-956a-1dd2e51acf85',	'2026-01-23 02:16:46.812776',	'2026-01-23 02:16:46.812784',	NULL,	'VIEW',	'c709fdb1-9747-4f41-85fa-96dfa4e4fa39',	NULL,	NULL,	'3af180f7-1b91-4780-8557-a11cf548ede5',	'direct',	'3af180f7-1b91-4780-8557-a11cf548ede5'),
('424e18a9-0518-423c-943d-f5e1b35dc777',	'2026-01-25 13:35:28.604262',	'2026-01-25 13:35:28.604270',	NULL,	'PURCHASE',	'701565a6-3c0b-4c55-90a9-7835c531f37f',	NULL,	NULL,	'3af180f7-1b91-4780-8557-a11cf548ede5',	NULL,	'3af180f7-1b91-4780-8557-a11cf548ede5'),
('428de57f-2a9a-48f7-b7da-7b072d312475',	'2026-01-23 02:36:54.465534',	'2026-01-23 02:36:54.465554',	NULL,	'VIEW',	'9e28fad0-66a4-4d3a-8e37-f95f712d718c',	NULL,	NULL,	'064c7d5f-75b9-460e-acf7-f486c4a0c406',	'direct',	'b3f1b0fb-3735-467f-af3d-4f45189d2555'),
('4414ed06-761b-4836-915e-7b4d35aac557',	'2026-01-24 15:20:30.975186',	'2026-01-24 15:20:30.975194',	NULL,	'SEARCH',	NULL,	'Sách - Combo 4 Sách Tư Duy Ngược + Tư Duy Mở + Biến Mọi Thứ Thành Tiền (Quyển 1 + 2)',	'sess_1769268030931_3a5b75w20',	NULL,	NULL,	'3412c965-0fd7-4d44-a069-6dafacf1ced1'),
('4429fc44-d6d8-4bb3-a560-a09c29193acd',	'2026-01-24 15:20:02.074506',	'2026-01-24 15:20:02.074506',	NULL,	'SEARCH',	NULL,	'dầu tẩy trang làm sạch sâu pore reset glass skin cleansing oil betheskin 150ml',	'sess_1769242798346_otxv7bugw',	NULL,	NULL,	'3412c965-0fd7-4d44-a069-6dafacf1ced1'),
('44bb1da9-3bed-4ebb-8199-3499e686f89b',	'2026-01-25 13:38:17.469644',	'2026-01-25 13:38:17.469651',	NULL,	'PURCHASE',	'9e28fad0-66a4-4d3a-8e37-f95f712d718c',	NULL,	NULL,	'064c7d5f-75b9-460e-acf7-f486c4a0c406',	NULL,	'c03a55ff-d9dc-40bf-953d-1d651bd3d4f5'),
('4515c839-cabf-491d-aa1f-b03b569b85ea',	'2026-01-25 18:58:15.654794',	'2026-01-25 18:58:15.654794',	NULL,	'PURCHASE',	'f4ce5ab1-6910-4cb9-90f8-c65c4a42d72c',	NULL,	NULL,	'3af180f7-1b91-4780-8557-a11cf548ede5',	NULL,	'3af180f7-1b91-4780-8557-a11cf548ede5'),
('45ff9480-1b52-4b70-a240-cf10886916e6',	'2026-01-23 02:36:53.205685',	'2026-01-23 02:36:53.205695',	NULL,	'SEARCH',	NULL,	'hehe',	'sess_1769135493028_bby0y05j0',	NULL,	NULL,	'b3f1b0fb-3735-467f-af3d-4f45189d2555'),
('46c2e9ce-83ea-4e13-9669-622d12548845',	'2026-01-24 15:40:32.209281',	'2026-01-24 15:40:32.209290',	4,	'VIEW',	'c709fdb1-9747-4f41-85fa-96dfa4e4fa39',	NULL,	'sess_1769269231351_n6twpct08',	'3af180f7-1b91-4780-8557-a11cf548ede5',	'product_detail',	'3412c965-0fd7-4d44-a069-6dafacf1ced1'),
('46d1e2f8-1cea-417d-ac79-1a44f6af2b8d',	'2026-01-24 15:20:05.486059',	'2026-01-24 15:20:05.486059',	NULL,	'VIEW',	'05495c60-7d2e-434b-b886-c99bcaf8962d',	NULL,	NULL,	'3af180f7-1b91-4780-8557-a11cf548ede5',	'direct',	'3412c965-0fd7-4d44-a069-6dafacf1ced1'),
('47e06baf-ca94-46fe-be38-1b5d108fef9a',	'2026-01-25 18:47:18.198925',	'2026-01-25 18:47:18.198925',	29,	'VIEW',	'701565a6-3c0b-4c55-90a9-7835c531f37f',	NULL,	'sess_1769338654715_2hn55qmoc',	'3af180f7-1b91-4780-8557-a11cf548ede5',	'product_detail',	'3af180f7-1b91-4780-8557-a11cf548ede5'),
('480f8a42-cf60-496c-bc86-569930baea3a',	'2026-01-25 18:35:30.945688',	'2026-01-25 18:35:30.945688',	4,	'VIEW',	'ae641784-d4ce-4c68-8880-515f2178158c',	NULL,	'sess_1769338654715_2hn55qmoc',	'3af180f7-1b91-4780-8557-a11cf548ede5',	'product_detail',	'3af180f7-1b91-4780-8557-a11cf548ede5'),
('48d05058-0693-45a7-a7e9-d6a320cb0302',	'2026-01-25 18:18:40.094682',	'2026-01-25 18:18:40.094682',	NULL,	'VIEW',	'8659c215-ee16-4768-a139-fcd1a25112a9',	NULL,	NULL,	'3af180f7-1b91-4780-8557-a11cf548ede5',	'direct',	'3af180f7-1b91-4780-8557-a11cf548ede5'),
('4a1a8ac1-2228-4acc-a50d-90e99578e69d',	'2026-01-25 15:55:31.079602',	'2026-01-25 15:55:31.079602',	NULL,	'PURCHASE',	'8c229dbf-18a3-4e17-9fe7-cefe51a06add',	NULL,	NULL,	'3af180f7-1b91-4780-8557-a11cf548ede5',	NULL,	'3af180f7-1b91-4780-8557-a11cf548ede5'),
('4c29ec4e-5197-4cc1-b9b1-c36697420f0d',	'2026-01-25 13:37:31.072468',	'2026-01-25 13:37:31.072476',	NULL,	'VIEW',	'9e28fad0-66a4-4d3a-8e37-f95f712d718c',	NULL,	NULL,	'064c7d5f-75b9-460e-acf7-f486c4a0c406',	'direct',	'c03a55ff-d9dc-40bf-953d-1d651bd3d4f5'),
('4c300c29-672a-4583-8181-884d5c3719a6',	'2026-01-24 14:54:08.679921',	'2026-01-24 14:54:08.679921',	NULL,	'VIEW',	'701565a6-3c0b-4c55-90a9-7835c531f37f',	NULL,	NULL,	'3af180f7-1b91-4780-8557-a11cf548ede5',	'direct',	NULL),
('4c3d4380-fd3e-426b-989e-e753cb76faf3',	'2026-01-24 15:53:49.502438',	'2026-01-24 15:53:49.502447',	6,	'VIEW',	'ae641784-d4ce-4c68-8880-515f2178158c',	NULL,	'sess_1769269957605_8n0wiyv87',	'3af180f7-1b91-4780-8557-a11cf548ede5',	'product_detail',	'3412c965-0fd7-4d44-a069-6dafacf1ced1'),
('4c60a7b8-aa2d-4dda-801c-313059664155',	'2026-01-25 18:10:37.869200',	'2026-01-25 18:10:37.869200',	NULL,	'PURCHASE',	'8659c215-ee16-4768-a139-fcd1a25112a9',	NULL,	NULL,	'3af180f7-1b91-4780-8557-a11cf548ede5',	NULL,	'3af180f7-1b91-4780-8557-a11cf548ede5'),
('4e09ea4b-c124-4448-abee-24e9c0521a90',	'2026-01-25 18:11:11.001319',	'2026-01-25 18:11:11.001319',	NULL,	'VIEW',	'f4ce5ab1-6910-4cb9-90f8-c65c4a42d72c',	NULL,	NULL,	'3af180f7-1b91-4780-8557-a11cf548ede5',	'direct',	'3af180f7-1b91-4780-8557-a11cf548ede5'),
('50a028d4-84be-4979-9777-45eae7003d84',	'2026-01-23 02:34:36.233711',	'2026-01-23 02:34:36.233719',	NULL,	'SEARCH',	NULL,	'local',	'sess_1769135493028_bby0y05j0',	NULL,	NULL,	'b3f1b0fb-3735-467f-af3d-4f45189d2555'),
('50aa0388-4880-448a-8115-064325fc1d58',	'2026-01-25 18:11:13.583204',	'2026-01-25 18:11:13.583204',	NULL,	'ADD_CART',	'f4ce5ab1-6910-4cb9-90f8-c65c4a42d72c',	NULL,	NULL,	'3af180f7-1b91-4780-8557-a11cf548ede5',	NULL,	'3af180f7-1b91-4780-8557-a11cf548ede5'),
('53c3d3d1-ea53-4126-ba6d-3259d11d9997',	'2026-01-25 18:58:09.908590',	'2026-01-25 18:58:09.908590',	3,	'VIEW',	'f4ce5ab1-6910-4cb9-90f8-c65c4a42d72c',	NULL,	'sess_1769338654715_2hn55qmoc',	'3af180f7-1b91-4780-8557-a11cf548ede5',	'product_detail',	'3af180f7-1b91-4780-8557-a11cf548ede5'),
('5479f331-dcef-4305-b747-daec3785216c',	'2026-01-25 18:48:01.349130',	'2026-01-25 18:48:01.349130',	3,	'VIEW',	'701565a6-3c0b-4c55-90a9-7835c531f37f',	NULL,	'sess_1769338654715_2hn55qmoc',	'3af180f7-1b91-4780-8557-a11cf548ede5',	'product_detail',	'3af180f7-1b91-4780-8557-a11cf548ede5'),
('5550028f-b0b5-493f-bad5-ce3b9d196d6a',	'2026-01-25 18:19:48.355485',	'2026-01-25 18:19:48.355485',	NULL,	'VIEW',	'701565a6-3c0b-4c55-90a9-7835c531f37f',	NULL,	NULL,	'3af180f7-1b91-4780-8557-a11cf548ede5',	'direct',	'3af180f7-1b91-4780-8557-a11cf548ede5'),
('572322cb-c708-4442-9aad-be6aa2c0a796',	'2026-01-24 14:21:02.175920',	'2026-01-24 14:21:02.175920',	1,	'VIEW',	'05495c60-7d2e-434b-b886-c99bcaf8962d',	NULL,	'sess_1769239184530_8iikmifnk',	'3af180f7-1b91-4780-8557-a11cf548ede5',	'product_detail',	'3412c965-0fd7-4d44-a069-6dafacf1ced1'),
('58a274b6-f865-488c-b5af-7857d4139795',	'2026-01-25 16:04:44.011282',	'2026-01-25 16:04:44.011282',	5,	'VIEW',	'05495c60-7d2e-434b-b886-c99bcaf8962d',	NULL,	'sess_1769330924048_orqoj0oeq',	'3af180f7-1b91-4780-8557-a11cf548ede5',	'product_detail',	'064c7d5f-75b9-460e-acf7-f486c4a0c406'),
('58dc4eaf-43aa-4838-b277-85b263b8c403',	'2026-01-24 18:13:23.802534',	'2026-01-24 18:13:23.802542',	NULL,	'PURCHASE',	'c709fdb1-9747-4f41-85fa-96dfa4e4fa39',	NULL,	NULL,	'3af180f7-1b91-4780-8557-a11cf548ede5',	NULL,	'8b01475b-a05a-41f7-a350-dfd1ce404b87'),
('592b7b5c-48d9-4883-a594-ee8cd66c734f',	'2026-01-23 02:36:56.579786',	'2026-01-23 02:36:56.579798',	2,	'VIEW',	'9e28fad0-66a4-4d3a-8e37-f95f712d718c',	NULL,	'sess_1769135493028_bby0y05j0',	'064c7d5f-75b9-460e-acf7-f486c4a0c406',	'product_detail',	'b3f1b0fb-3735-467f-af3d-4f45189d2555'),
('5bf49b22-2238-416d-947e-2046308d7247',	'2026-01-24 15:03:19.345134',	'2026-01-24 15:03:19.345142',	9,	'VIEW',	'f4ce5ab1-6910-4cb9-90f8-c65c4a42d72c',	NULL,	'sess_1769266999394_yjsrcaewm',	'3af180f7-1b91-4780-8557-a11cf548ede5',	'product_detail',	'3412c965-0fd7-4d44-a069-6dafacf1ced1'),
('5f9fffb4-d807-4393-9160-9f406a00c4ae',	'2026-01-25 13:48:23.398981',	'2026-01-25 13:48:23.398994',	NULL,	'VIEW',	'19e3628f-bb38-45e3-a7a7-72b914792e12',	NULL,	NULL,	'3af180f7-1b91-4780-8557-a11cf548ede5',	'direct',	'46fc4d45-8c69-4a99-bd45-3c3d95e1a3c2'),
('601bbb27-930a-4504-a02f-d853206896fb',	'2026-01-25 18:46:47.868990',	'2026-01-25 18:46:47.868990',	1,	'VIEW',	'701565a6-3c0b-4c55-90a9-7835c531f37f',	NULL,	'sess_1769338654715_2hn55qmoc',	'3af180f7-1b91-4780-8557-a11cf548ede5',	'product_detail',	'3af180f7-1b91-4780-8557-a11cf548ede5'),
('60c40c86-336d-4dac-b86d-e89f4e8e5e79',	'2026-01-24 18:13:48.645795',	'2026-01-24 18:13:48.645808',	NULL,	'VIEW',	'ae641784-d4ce-4c68-8880-515f2178158c',	NULL,	NULL,	'3af180f7-1b91-4780-8557-a11cf548ede5',	'direct',	'8b01475b-a05a-41f7-a350-dfd1ce404b87'),
('61fe7c50-d7d1-475f-908c-06ebbe4dfa62',	'2026-01-24 14:57:16.552050',	'2026-01-24 14:57:16.552050',	1,	'VIEW',	'c709fdb1-9747-4f41-85fa-96dfa4e4fa39',	NULL,	'sess_1769239184530_8iikmifnk',	'3af180f7-1b91-4780-8557-a11cf548ede5',	'product_detail',	'3412c965-0fd7-4d44-a069-6dafacf1ced1'),
('629cc5b4-229f-403d-baa8-c6673c2c117b',	'2026-01-24 16:59:45.848685',	'2026-01-24 16:59:45.848685',	8,	'VIEW',	'8659c215-ee16-4768-a139-fcd1a25112a9',	NULL,	'sess_1769239184530_8iikmifnk',	'3af180f7-1b91-4780-8557-a11cf548ede5',	'product_detail',	'3412c965-0fd7-4d44-a069-6dafacf1ced1'),
('6919a00e-f45a-474a-8d8f-f6d79a280be5',	'2026-01-24 18:13:51.376099',	'2026-01-24 18:13:51.376110',	2,	'VIEW',	'ae641784-d4ce-4c68-8880-515f2178158c',	NULL,	'sess_1769278351586_jqw1hqskv',	'3af180f7-1b91-4780-8557-a11cf548ede5',	'product_detail',	'8b01475b-a05a-41f7-a350-dfd1ce404b87'),
('69f3db2b-c5cf-4dfb-b1cb-c81e3c28b925',	'2026-01-25 18:36:15.512810',	'2026-01-25 18:36:15.512810',	5,	'VIEW',	'd9cfbdd4-f9b1-4565-bb0e-ae54cf999bd5',	NULL,	'sess_1769338654715_2hn55qmoc',	'064c7d5f-75b9-460e-acf7-f486c4a0c406',	'product_detail',	'3af180f7-1b91-4780-8557-a11cf548ede5'),
('6aed73ce-5e54-4cc5-b98b-487546bff650',	'2026-01-23 02:16:50.523840',	'2026-01-23 02:16:50.523850',	NULL,	'VIEW',	'c709fdb1-9747-4f41-85fa-96dfa4e4fa39',	NULL,	NULL,	'3af180f7-1b91-4780-8557-a11cf548ede5',	'direct',	'3af180f7-1b91-4780-8557-a11cf548ede5'),
('6bcf9a69-acc5-4c34-8c75-0c2348ce3d38',	'2026-01-23 06:40:29.662655',	'2026-01-23 06:40:29.662667',	NULL,	'VIEW',	'c709fdb1-9747-4f41-85fa-96dfa4e4fa39',	NULL,	NULL,	'3af180f7-1b91-4780-8557-a11cf548ede5',	'direct',	'3412c965-0fd7-4d44-a069-6dafacf1ced1'),
('6bd5875f-5b4f-4e8b-934b-f955659e0a83',	'2026-01-25 16:48:45.341421',	'2026-01-25 16:48:45.341778',	NULL,	'VIEW',	'05495c60-7d2e-434b-b886-c99bcaf8962d',	NULL,	NULL,	'3af180f7-1b91-4780-8557-a11cf548ede5',	'direct',	'3af180f7-1b91-4780-8557-a11cf548ede5'),
('6beea9eb-9448-45b0-b8da-55c5c5ccd904',	'2026-01-25 17:56:22.475559',	'2026-01-25 17:56:22.476068',	NULL,	'PURCHASE',	'05495c60-7d2e-434b-b886-c99bcaf8962d',	NULL,	NULL,	'3af180f7-1b91-4780-8557-a11cf548ede5',	NULL,	'3af180f7-1b91-4780-8557-a11cf548ede5'),
('6d05386b-84e0-49b4-90f6-ac9f8555603f',	'2026-01-25 15:55:15.366092',	'2026-01-25 15:55:15.366092',	2,	'VIEW',	'05495c60-7d2e-434b-b886-c99bcaf8962d',	NULL,	'sess_1769330924048_orqoj0oeq',	'3af180f7-1b91-4780-8557-a11cf548ede5',	'product_detail',	'3af180f7-1b91-4780-8557-a11cf548ede5'),
('6d2b4d93-9f5f-493b-877e-bc8e9cbd78d3',	'2026-01-24 14:57:28.340723',	'2026-01-24 14:57:28.340723',	NULL,	'VIEW',	'8c229dbf-18a3-4e17-9fe7-cefe51a06add',	NULL,	NULL,	'3af180f7-1b91-4780-8557-a11cf548ede5',	'direct',	'3412c965-0fd7-4d44-a069-6dafacf1ced1'),
('6e7ecfa9-f030-475e-82b1-696f7720afa2',	'2026-01-24 15:20:41.600408',	'2026-01-24 15:20:41.600421',	NULL,	'SEARCH',	NULL,	'Sneaker',	'sess_1769268030931_3a5b75w20',	NULL,	NULL,	'3412c965-0fd7-4d44-a069-6dafacf1ced1'),
('6e8b401a-7416-4a7f-8bc3-03d557a6939a',	'2026-01-24 15:20:22.575108',	'2026-01-24 15:20:22.575108',	NULL,	'SEARCH',	NULL,	'dầu tẩy trang làm sạch sâu pore reset glass skin cleansing oil betheskin 150ml',	'sess_1769242798346_otxv7bugw',	NULL,	NULL,	'3412c965-0fd7-4d44-a069-6dafacf1ced1'),
('70954ec0-428f-4cb5-ac9c-89a53e446b4b',	'2026-01-25 18:57:47.747921',	'2026-01-25 18:57:47.747921',	NULL,	'VIEW',	'c709fdb1-9747-4f41-85fa-96dfa4e4fa39',	NULL,	NULL,	'3af180f7-1b91-4780-8557-a11cf548ede5',	'direct',	'3af180f7-1b91-4780-8557-a11cf548ede5'),
('70dc9926-a897-4511-9dce-78a78a3fe86e',	'2026-01-24 15:50:41.935683',	'2026-01-24 15:50:41.935698',	3,	'VIEW',	'701565a6-3c0b-4c55-90a9-7835c531f37f',	NULL,	'sess_1769269487721_hxvr1ypxl',	'3af180f7-1b91-4780-8557-a11cf548ede5',	'product_detail',	'3412c965-0fd7-4d44-a069-6dafacf1ced1'),
('712610de-0f93-4185-ba53-0a9e92dd3724',	'2026-01-25 19:27:45.337016',	'2026-01-25 19:27:45.337016',	NULL,	'PURCHASE',	'f4ce5ab1-6910-4cb9-90f8-c65c4a42d72c',	NULL,	NULL,	'3af180f7-1b91-4780-8557-a11cf548ede5',	NULL,	'3af180f7-1b91-4780-8557-a11cf548ede5'),
('7168539f-0e9e-4c9f-b6ed-fc6bf1b19bb4',	'2026-01-23 02:03:57.988338',	'2026-01-23 02:03:57.988348',	19,	'VIEW',	'9e28fad0-66a4-4d3a-8e37-f95f712d718c',	NULL,	'sess_1769133839558_1b4u35hnr',	'064c7d5f-75b9-460e-acf7-f486c4a0c406',	'product_detail',	'3af180f7-1b91-4780-8557-a11cf548ede5'),
('725cb4fb-5e40-4aa1-942e-e15e2cf78b66',	'2026-01-23 02:16:49.769593',	'2026-01-23 02:16:49.769607',	1,	'VIEW',	'c709fdb1-9747-4f41-85fa-96dfa4e4fa39',	NULL,	'sess_1769134603008_wbripst5j',	'3af180f7-1b91-4780-8557-a11cf548ede5',	'product_detail',	'3af180f7-1b91-4780-8557-a11cf548ede5'),
('73d6662e-8763-458b-bb90-74e8816dd207',	'2026-01-24 15:44:48.409004',	'2026-01-24 15:44:48.409014',	59,	'VIEW',	'c709fdb1-9747-4f41-85fa-96dfa4e4fa39',	NULL,	'sess_1769269487721_hxvr1ypxl',	'3af180f7-1b91-4780-8557-a11cf548ede5',	'product_detail',	'3412c965-0fd7-4d44-a069-6dafacf1ced1'),
('74ce4f8d-2627-4bb3-ab41-bd7714292dd5',	'2026-01-25 17:57:31.770985',	'2026-01-25 17:57:31.770985',	NULL,	'VIEW',	'05495c60-7d2e-434b-b886-c99bcaf8962d',	NULL,	NULL,	'3af180f7-1b91-4780-8557-a11cf548ede5',	'direct',	'3af180f7-1b91-4780-8557-a11cf548ede5'),
('76bece2c-24ed-4093-8a9d-c8655cf0550f',	'2026-01-25 18:47:47.867686',	'2026-01-25 18:47:47.868773',	NULL,	'VIEW',	'701565a6-3c0b-4c55-90a9-7835c531f37f',	NULL,	NULL,	'3af180f7-1b91-4780-8557-a11cf548ede5',	'direct',	'3af180f7-1b91-4780-8557-a11cf548ede5'),
('76d89276-aa8b-4444-876e-5602e9c98aa8',	'2026-01-25 18:32:19.074444',	'2026-01-25 18:32:19.074444',	NULL,	'VIEW',	'38eaf7a8-f9cd-11f0-b554-520e5bbb2950',	NULL,	NULL,	's1o2c3d4-0001-5555-aaaa-000000000001',	'direct',	'3af180f7-1b91-4780-8557-a11cf548ede5'),
('7719d99f-1bbf-4ca1-aad7-ac3b06a8a5ee',	'2026-01-25 18:32:38.456464',	'2026-01-25 18:32:38.456464',	2,	'VIEW',	'38ef5ceb-f9cd-11f0-b554-520e5bbb2950',	NULL,	'sess_1769338654715_2hn55qmoc',	's1o2c3d4-0002-5555-aaaa-000000000002',	'product_detail',	'3af180f7-1b91-4780-8557-a11cf548ede5'),
('7789510c-3045-4820-af21-2410d9c95337',	'2026-01-25 16:00:26.601015',	'2026-01-25 16:00:26.601015',	2,	'VIEW',	'9e28fad0-66a4-4d3a-8e37-f95f712d718c',	NULL,	'sess_1769330924048_orqoj0oeq',	'064c7d5f-75b9-460e-acf7-f486c4a0c406',	'product_detail',	'3af180f7-1b91-4780-8557-a11cf548ede5'),
('77eba015-9597-4510-b2cb-1e01b1b9b82c',	'2026-01-23 02:34:27.111473',	'2026-01-23 02:34:27.111482',	NULL,	'SEARCH',	NULL,	'local',	'sess_1769135493028_bby0y05j0',	NULL,	NULL,	'b3f1b0fb-3735-467f-af3d-4f45189d2555'),
('7840ba71-e716-4145-be7e-51af432f7ae9',	'2026-01-24 15:53:43.644765',	'2026-01-24 15:53:43.644777',	NULL,	'VIEW',	'ae641784-d4ce-4c68-8880-515f2178158c',	NULL,	NULL,	'3af180f7-1b91-4780-8557-a11cf548ede5',	'direct',	'3412c965-0fd7-4d44-a069-6dafacf1ced1'),
('786a990b-d391-4640-a1b5-c9e9e81ed227',	'2026-01-25 15:55:21.337156',	'2026-01-25 15:55:21.337156',	NULL,	'VIEW',	'8c229dbf-18a3-4e17-9fe7-cefe51a06add',	NULL,	NULL,	'3af180f7-1b91-4780-8557-a11cf548ede5',	'direct',	'3af180f7-1b91-4780-8557-a11cf548ede5'),
('78919dca-cc96-4755-9e36-cbec9b1f6543',	'2026-01-25 16:00:04.953006',	'2026-01-25 16:00:04.953006',	2,	'VIEW',	'05495c60-7d2e-434b-b886-c99bcaf8962d',	NULL,	'sess_1769330924048_orqoj0oeq',	'3af180f7-1b91-4780-8557-a11cf548ede5',	'product_detail',	'3af180f7-1b91-4780-8557-a11cf548ede5'),
('7c50f9e3-d7aa-4887-874f-dcdacbf7f3e0',	'2026-01-25 15:55:03.063727',	'2026-01-25 15:55:03.063727',	5,	'VIEW',	'8659c215-ee16-4768-a139-fcd1a25112a9',	NULL,	'sess_1769330924048_orqoj0oeq',	'3af180f7-1b91-4780-8557-a11cf548ede5',	'product_detail',	'3af180f7-1b91-4780-8557-a11cf548ede5'),
('7cf17d7e-97fc-4bb2-8c54-1755fa59e57f',	'2026-01-23 02:36:26.454398',	'2026-01-23 02:36:26.454413',	6,	'VIEW',	'8659c215-ee16-4768-a139-fcd1a25112a9',	NULL,	'sess_1769135493028_bby0y05j0',	'3af180f7-1b91-4780-8557-a11cf548ede5',	'product_detail',	'b3f1b0fb-3735-467f-af3d-4f45189d2555'),
('7d35375f-09de-47a3-b900-69bc09aa13f7',	'2026-01-23 05:52:48.612778',	'2026-01-23 05:52:48.612786',	NULL,	'VIEW',	'701565a6-3c0b-4c55-90a9-7835c531f37f',	NULL,	NULL,	'3af180f7-1b91-4780-8557-a11cf548ede5',	'direct',	NULL),
('7e7291dd-e8cd-40a3-9026-0babe6986b01',	'2026-01-25 18:36:10.776265',	'2026-01-25 18:36:10.776265',	NULL,	'VIEW',	'd9cfbdd4-f9b1-4565-bb0e-ae54cf999bd5',	NULL,	NULL,	'064c7d5f-75b9-460e-acf7-f486c4a0c406',	'direct',	'3af180f7-1b91-4780-8557-a11cf548ede5'),
('7f7cc89f-a259-4a56-b2c6-5c46e2c70eee',	'2026-01-24 15:20:10.812122',	'2026-01-24 15:20:10.812122',	NULL,	'SEARCH',	NULL,	'combo Sách Adyashanti - Hành Trình Giác Ngộ & Điều Quan Trọng Nhất',	'sess_1769242798346_otxv7bugw',	NULL,	NULL,	'3412c965-0fd7-4d44-a069-6dafacf1ced1'),
('7fbcc993-b040-46bf-8137-0a82b3e56c18',	'2026-01-24 15:03:09.677856',	'2026-01-24 15:03:09.677865',	NULL,	'VIEW',	'f4ce5ab1-6910-4cb9-90f8-c65c4a42d72c',	NULL,	NULL,	'3af180f7-1b91-4780-8557-a11cf548ede5',	'direct',	'3412c965-0fd7-4d44-a069-6dafacf1ced1'),
('8187a0e7-547a-4386-9f97-554f74195bf0',	'2026-01-23 02:32:09.069833',	'2026-01-23 02:32:09.069844',	3,	'VIEW',	'c709fdb1-9747-4f41-85fa-96dfa4e4fa39',	NULL,	'sess_1769135493028_bby0y05j0',	'3af180f7-1b91-4780-8557-a11cf548ede5',	'product_detail',	'b3f1b0fb-3735-467f-af3d-4f45189d2555'),
('81d8982c-2b56-4347-bc80-95a3ddb6a469',	'2026-01-25 18:09:46.604094',	'2026-01-25 18:09:46.604094',	NULL,	'VIEW',	'8659c215-ee16-4768-a139-fcd1a25112a9',	NULL,	NULL,	'3af180f7-1b91-4780-8557-a11cf548ede5',	'direct',	'3af180f7-1b91-4780-8557-a11cf548ede5'),
('83402d1e-f81f-4c7e-b4c1-5891cce4a7b7',	'2026-01-23 05:39:28.611510',	'2026-01-23 05:39:28.611519',	NULL,	'VIEW',	'9e28fad0-66a4-4d3a-8e37-f95f712d718c',	NULL,	NULL,	'064c7d5f-75b9-460e-acf7-f486c4a0c406',	'direct',	NULL),
('83a974e5-a06c-4a04-b0e9-ea678fad796e',	'2026-01-24 15:04:13.052650',	'2026-01-24 15:04:13.052659',	NULL,	'VIEW',	'05495c60-7d2e-434b-b886-c99bcaf8962d',	NULL,	NULL,	'3af180f7-1b91-4780-8557-a11cf548ede5',	'direct',	'3412c965-0fd7-4d44-a069-6dafacf1ced1'),
('842009c8-4708-4cd8-82ac-c356e8f0b234',	'2026-01-25 17:57:34.760983',	'2026-01-25 17:57:34.760983',	3,	'VIEW',	'05495c60-7d2e-434b-b886-c99bcaf8962d',	NULL,	'sess_1769338654715_2hn55qmoc',	'3af180f7-1b91-4780-8557-a11cf548ede5',	'product_detail',	'3af180f7-1b91-4780-8557-a11cf548ede5'),
('84292603-eac1-4cc0-8c7f-eb0c359b560e',	'2026-01-25 13:57:59.789176',	'2026-01-25 13:57:59.789195',	NULL,	'PURCHASE',	'd9cfbdd4-f9b1-4565-bb0e-ae54cf999bd5',	NULL,	NULL,	'064c7d5f-75b9-460e-acf7-f486c4a0c406',	NULL,	'064c7d5f-75b9-460e-acf7-f486c4a0c406'),
('84798aff-f869-4dde-9967-659a88edbefd',	'2026-01-25 13:36:59.727918',	'2026-01-25 13:36:59.727925',	2,	'VIEW',	'05495c60-7d2e-434b-b886-c99bcaf8962d',	NULL,	'sess_1769348216470_ffvy46yl2',	'3af180f7-1b91-4780-8557-a11cf548ede5',	'product_detail',	'3412c965-0fd7-4d44-a069-6dafacf1ced1'),
('86a2d375-3871-4291-9651-24b9e7d277f5',	'2026-01-24 14:54:13.743194',	'2026-01-24 14:54:13.743194',	NULL,	'VIEW',	'ae641784-d4ce-4c68-8880-515f2178158c',	NULL,	NULL,	'3af180f7-1b91-4780-8557-a11cf548ede5',	'direct',	NULL),
('86e5ed7d-7c8b-4783-81a2-565b47fc5821',	'2026-01-25 13:57:32.304156',	'2026-01-25 13:57:32.304166',	11,	'VIEW',	'd9cfbdd4-f9b1-4565-bb0e-ae54cf999bd5',	NULL,	'sess_1769347686188_7hlw33qnl',	'064c7d5f-75b9-460e-acf7-f486c4a0c406',	'product_detail',	'064c7d5f-75b9-460e-acf7-f486c4a0c406'),
('886a163f-330a-4e2e-8e5f-9c4e56baa2ed',	'2026-01-23 02:17:03.074093',	'2026-01-23 02:17:03.074106',	11,	'VIEW',	'c709fdb1-9747-4f41-85fa-96dfa4e4fa39',	NULL,	'sess_1769134603008_wbripst5j',	'3af180f7-1b91-4780-8557-a11cf548ede5',	'product_detail',	'3af180f7-1b91-4780-8557-a11cf548ede5'),
('8871722f-6d2d-4e3e-99f8-0dd2a970052f',	'2026-01-24 14:54:05.582576',	'2026-01-24 14:54:05.582576',	NULL,	'VIEW',	'05495c60-7d2e-434b-b886-c99bcaf8962d',	NULL,	NULL,	'3af180f7-1b91-4780-8557-a11cf548ede5',	'direct',	NULL),
('890161ca-2448-4b5c-87b5-61584ab11088',	'2026-01-25 18:08:38.401909',	'2026-01-25 18:08:38.401909',	NULL,	'PURCHASE',	'05495c60-7d2e-434b-b886-c99bcaf8962d',	NULL,	NULL,	'3af180f7-1b91-4780-8557-a11cf548ede5',	NULL,	'3af180f7-1b91-4780-8557-a11cf548ede5'),
('89c73f36-97fd-4be1-a112-1839ba652d20',	'2026-01-25 18:46:36.038103',	'2026-01-25 18:46:36.038103',	NULL,	'VIEW',	'38ef5a34-f9cd-11f0-b554-520e5bbb2950',	NULL,	NULL,	's1o2c3d4-0002-5555-aaaa-000000000002',	'direct',	'3af180f7-1b91-4780-8557-a11cf548ede5'),
('8ae56a23-f539-4b90-a396-463b89530c15',	'2026-01-25 13:30:55.611415',	'2026-01-25 13:30:55.611425',	5,	'VIEW',	'c709fdb1-9747-4f41-85fa-96dfa4e4fa39',	NULL,	'sess_1769347856408_7edhxlgt0',	'3af180f7-1b91-4780-8557-a11cf548ede5',	'product_detail',	'3af180f7-1b91-4780-8557-a11cf548ede5'),
('8b8c7a48-2f61-4af3-8fb7-c0ffa4cd6083',	'2026-01-25 18:35:27.266501',	'2026-01-25 18:35:27.266501',	NULL,	'VIEW',	'ae641784-d4ce-4c68-8880-515f2178158c',	NULL,	NULL,	'3af180f7-1b91-4780-8557-a11cf548ede5',	'direct',	'3af180f7-1b91-4780-8557-a11cf548ede5'),
('8bea0f9a-ab20-4624-a17a-49195b7adc8e',	'2026-01-23 02:31:32.942939',	'2026-01-23 02:31:32.942951',	6,	'VIEW',	'9e28fad0-66a4-4d3a-8e37-f95f712d718c',	NULL,	'sess_1769135493028_bby0y05j0',	'064c7d5f-75b9-460e-acf7-f486c4a0c406',	'product_detail',	'b3f1b0fb-3735-467f-af3d-4f45189d2555'),
('8d4dcbeb-a7a3-42a0-a0e9-76db8d275e06',	'2026-01-25 13:48:25.389913',	'2026-01-25 13:48:25.389921',	2,	'VIEW',	'19e3628f-bb38-45e3-a7a7-72b914792e12',	NULL,	'sess_1769348902338_seqk2jaj1',	'3af180f7-1b91-4780-8557-a11cf548ede5',	'product_detail',	'46fc4d45-8c69-4a99-bd45-3c3d95e1a3c2'),
('8e3dddc1-ac66-445a-a2c7-b8e3edf493d4',	'2026-01-25 13:30:51.158160',	'2026-01-25 13:30:51.158180',	NULL,	'VIEW',	'c709fdb1-9747-4f41-85fa-96dfa4e4fa39',	NULL,	NULL,	'3af180f7-1b91-4780-8557-a11cf548ede5',	'direct',	'3af180f7-1b91-4780-8557-a11cf548ede5'),
('8eb9104e-2d7d-4f72-991b-9a02bc0e127d',	'2026-01-25 18:09:55.061192',	'2026-01-25 18:09:55.061192',	3,	'VIEW',	'8c229dbf-18a3-4e17-9fe7-cefe51a06add',	NULL,	'sess_1769338654715_2hn55qmoc',	'3af180f7-1b91-4780-8557-a11cf548ede5',	'product_detail',	'3af180f7-1b91-4780-8557-a11cf548ede5'),
('8ec0facc-33a4-40ec-8930-6018f2b23da9',	'2026-01-23 02:37:23.541615',	'2026-01-23 02:37:23.541626',	12,	'VIEW',	'9e28fad0-66a4-4d3a-8e37-f95f712d718c',	NULL,	'sess_1769135493028_bby0y05j0',	'064c7d5f-75b9-460e-acf7-f486c4a0c406',	'product_detail',	'b3f1b0fb-3735-467f-af3d-4f45189d2555'),
('8fa3a609-5fdf-4208-803e-b1c88d069cc5',	'2026-01-25 18:49:43.258165',	'2026-01-25 18:49:43.258165',	NULL,	'PURCHASE',	'701565a6-3c0b-4c55-90a9-7835c531f37f',	NULL,	NULL,	'3af180f7-1b91-4780-8557-a11cf548ede5',	NULL,	'3af180f7-1b91-4780-8557-a11cf548ede5'),
('8fd3528f-3724-4e8e-a8ea-ac0b26612bd6',	'2026-01-23 02:34:26.915700',	'2026-01-23 02:34:26.915714',	NULL,	'SEARCH',	NULL,	'local',	'sess_1769135493028_bby0y05j0',	NULL,	NULL,	'b3f1b0fb-3735-467f-af3d-4f45189d2555'),
('90a13b8e-759e-4f48-8b1e-5e7db500b6c8',	'2026-01-23 02:16:41.382150',	'2026-01-23 02:16:41.382167',	NULL,	'VIEW',	'9e28fad0-66a4-4d3a-8e37-f95f712d718c',	NULL,	NULL,	'064c7d5f-75b9-460e-acf7-f486c4a0c406',	'direct',	'064c7d5f-75b9-460e-acf7-f486c4a0c406'),
('91173770-ffab-4927-b4bc-9ce6fe44f7d0',	'2026-01-23 05:30:35.732887',	'2026-01-23 05:30:35.732927',	NULL,	'VIEW',	'c709fdb1-9747-4f41-85fa-96dfa4e4fa39',	NULL,	NULL,	'3af180f7-1b91-4780-8557-a11cf548ede5',	'direct',	NULL),
('916e92dc-7b21-4885-9b21-f1cf4642ea8d',	'2026-01-24 14:57:12.864186',	'2026-01-24 14:57:12.864186',	NULL,	'VIEW',	'9e28fad0-66a4-4d3a-8e37-f95f712d718c',	NULL,	NULL,	'064c7d5f-75b9-460e-acf7-f486c4a0c406',	'direct',	'3412c965-0fd7-4d44-a069-6dafacf1ced1'),
('91a86623-1243-4104-a3aa-fef017d743b3',	'2026-01-25 16:00:03.262081',	'2026-01-25 16:00:03.262081',	NULL,	'VIEW',	'05495c60-7d2e-434b-b886-c99bcaf8962d',	NULL,	NULL,	'3af180f7-1b91-4780-8557-a11cf548ede5',	'direct',	'3af180f7-1b91-4780-8557-a11cf548ede5'),
('92233427-298a-4413-8531-d7954f52fcc3',	'2026-01-24 14:20:46.612556',	'2026-01-24 14:20:46.612556',	NULL,	'VIEW',	'8659c215-ee16-4768-a139-fcd1a25112a9',	NULL,	NULL,	'3af180f7-1b91-4780-8557-a11cf548ede5',	'direct',	NULL),
('92dd0d35-2c99-425c-a141-e58311d5c76d',	'2026-01-23 02:33:32.806989',	'2026-01-23 02:33:32.807006',	5,	'VIEW',	'c709fdb1-9747-4f41-85fa-96dfa4e4fa39',	NULL,	'sess_1769135493028_bby0y05j0',	'3af180f7-1b91-4780-8557-a11cf548ede5',	'product_detail',	'b3f1b0fb-3735-467f-af3d-4f45189d2555'),
('9301f916-2e8a-4f6f-b846-7574dfec9102',	'2026-01-25 13:36:56.688847',	'2026-01-25 13:36:56.688854',	NULL,	'VIEW',	'05495c60-7d2e-434b-b886-c99bcaf8962d',	NULL,	NULL,	'3af180f7-1b91-4780-8557-a11cf548ede5',	'direct',	'3412c965-0fd7-4d44-a069-6dafacf1ced1'),
('94655493-0779-4696-b164-8dff161c4384',	'2026-01-25 18:12:11.243542',	'2026-01-25 18:12:11.243542',	NULL,	'PURCHASE',	'f4ce5ab1-6910-4cb9-90f8-c65c4a42d72c',	NULL,	NULL,	'3af180f7-1b91-4780-8557-a11cf548ede5',	NULL,	'3af180f7-1b91-4780-8557-a11cf548ede5'),
('95886d34-448d-4a55-b25d-f8931de15953',	'2026-01-23 02:32:05.974454',	'2026-01-23 02:32:05.974463',	NULL,	'VIEW',	'c709fdb1-9747-4f41-85fa-96dfa4e4fa39',	NULL,	NULL,	'3af180f7-1b91-4780-8557-a11cf548ede5',	'direct',	'b3f1b0fb-3735-467f-af3d-4f45189d2555'),
('95899fe3-1de6-49d8-a39c-620c63038be5',	'2026-01-25 18:46:49.614276',	'2026-01-25 18:46:49.614276',	NULL,	'VIEW',	'701565a6-3c0b-4c55-90a9-7835c531f37f',	NULL,	NULL,	'3af180f7-1b91-4780-8557-a11cf548ede5',	'direct',	'3af180f7-1b91-4780-8557-a11cf548ede5'),
('965dd93e-6584-4fa4-8a63-e7444a6d136f',	'2026-01-25 16:27:15.515880',	'2026-01-25 16:27:15.515880',	NULL,	'ADD_CART',	'05495c60-7d2e-434b-b886-c99bcaf8962d',	NULL,	NULL,	'3af180f7-1b91-4780-8557-a11cf548ede5',	NULL,	'3af180f7-1b91-4780-8557-a11cf548ede5'),
('966e75ad-70e8-4d0c-8141-355f9697723a',	'2026-01-24 16:05:52.617431',	'2026-01-24 16:05:52.617431',	NULL,	'SEARCH',	NULL,	'100k',	'sess_1769242798346_otxv7bugw',	NULL,	NULL,	'3412c965-0fd7-4d44-a069-6dafacf1ced1'),
('968134cc-b723-4bac-ba85-fa2a386abdaf',	'2026-01-25 18:32:02.642913',	'2026-01-25 18:32:02.642913',	3,	'VIEW',	'701565a6-3c0b-4c55-90a9-7835c531f37f',	NULL,	'sess_1769338654715_2hn55qmoc',	'3af180f7-1b91-4780-8557-a11cf548ede5',	'product_detail',	'3af180f7-1b91-4780-8557-a11cf548ede5'),
('98017882-c14c-4f5f-bedd-d6931172fd96',	'2026-01-24 15:20:30.590634',	'2026-01-24 15:20:30.590645',	5,	'VIEW',	'8c229dbf-18a3-4e17-9fe7-cefe51a06add',	NULL,	'sess_1769268030931_3a5b75w20',	'3af180f7-1b91-4780-8557-a11cf548ede5',	'product_detail',	'3412c965-0fd7-4d44-a069-6dafacf1ced1'),
('9910c0b7-09cc-46d1-ad70-5699e2670cac',	'2026-01-25 13:34:21.449576',	'2026-01-25 13:34:21.449584',	NULL,	'VIEW',	'701565a6-3c0b-4c55-90a9-7835c531f37f',	NULL,	NULL,	'3af180f7-1b91-4780-8557-a11cf548ede5',	'direct',	'3af180f7-1b91-4780-8557-a11cf548ede5'),
('9956000f-5ca8-4dcc-8ef0-c53a8c8be20a',	'2026-01-25 18:32:09.207603',	'2026-01-25 18:32:09.207603',	2,	'VIEW',	'ae641784-d4ce-4c68-8880-515f2178158c',	NULL,	'sess_1769338654715_2hn55qmoc',	'3af180f7-1b91-4780-8557-a11cf548ede5',	'product_detail',	'3af180f7-1b91-4780-8557-a11cf548ede5'),
('99e4ee49-450d-409a-b232-7f1fa1225be5',	'2026-01-24 14:57:10.834249',	'2026-01-24 14:57:10.834249',	1,	'VIEW',	'701565a6-3c0b-4c55-90a9-7835c531f37f',	NULL,	'sess_1769239184530_8iikmifnk',	'3af180f7-1b91-4780-8557-a11cf548ede5',	'product_detail',	'3412c965-0fd7-4d44-a069-6dafacf1ced1'),
('9b4a354b-307b-42e8-ac6b-76b20c330337',	'2026-01-25 18:09:26.821273',	'2026-01-25 18:09:26.821273',	6,	'VIEW',	'8659c215-ee16-4768-a139-fcd1a25112a9',	NULL,	'sess_1769338654715_2hn55qmoc',	'3af180f7-1b91-4780-8557-a11cf548ede5',	'product_detail',	'3af180f7-1b91-4780-8557-a11cf548ede5'),
('9cff4eae-5a55-4a47-8dbc-d073c7171d7b',	'2026-01-25 18:18:42.825864',	'2026-01-25 18:18:42.825864',	NULL,	'ADD_CART',	'8659c215-ee16-4768-a139-fcd1a25112a9',	NULL,	NULL,	'3af180f7-1b91-4780-8557-a11cf548ede5',	NULL,	'3af180f7-1b91-4780-8557-a11cf548ede5'),
('9fbced95-dfd1-41cc-8549-9e5c4a666fd2',	'2026-01-25 18:32:30.454444',	'2026-01-25 18:32:30.454444',	3,	'VIEW',	'38eaf7a8-f9cd-11f0-b554-520e5bbb2950',	NULL,	'sess_1769338654715_2hn55qmoc',	's1o2c3d4-0001-5555-aaaa-000000000001',	'product_detail',	'3af180f7-1b91-4780-8557-a11cf548ede5'),
('a0225c7b-ad79-4587-b5d1-ab89135c744a',	'2026-01-25 18:09:44.355913',	'2026-01-25 18:09:44.355913',	NULL,	'VIEW',	'9e28fad0-66a4-4d3a-8e37-f95f712d718c',	NULL,	NULL,	'064c7d5f-75b9-460e-acf7-f486c4a0c406',	'direct',	'3af180f7-1b91-4780-8557-a11cf548ede5'),
('a04dbc0a-1cbe-4b8d-b979-6e5d3ca29d68',	'2026-01-24 14:57:29.533761',	'2026-01-24 14:57:29.533761',	1,	'VIEW',	'8c229dbf-18a3-4e17-9fe7-cefe51a06add',	NULL,	'sess_1769239184530_8iikmifnk',	'3af180f7-1b91-4780-8557-a11cf548ede5',	'product_detail',	'3412c965-0fd7-4d44-a069-6dafacf1ced1'),
('a2ba1c47-fc57-4882-a018-0780693372df',	'2026-01-25 18:32:27.457119',	'2026-01-25 18:32:27.457119',	NULL,	'VIEW',	'38eaf7a8-f9cd-11f0-b554-520e5bbb2950',	NULL,	NULL,	's1o2c3d4-0001-5555-aaaa-000000000001',	'direct',	'3af180f7-1b91-4780-8557-a11cf548ede5'),
('a2d81037-c143-412e-bd01-c78d089248f3',	'2026-01-24 14:57:11.430233',	'2026-01-24 14:57:11.430233',	NULL,	'VIEW',	'8659c215-ee16-4768-a139-fcd1a25112a9',	NULL,	NULL,	'3af180f7-1b91-4780-8557-a11cf548ede5',	'direct',	'3412c965-0fd7-4d44-a069-6dafacf1ced1'),
('a40b709f-7e0b-47e0-863e-4536d22a59fd',	'2026-01-25 15:54:54.385784',	'2026-01-25 15:54:54.385784',	2,	'VIEW',	'8c229dbf-18a3-4e17-9fe7-cefe51a06add',	NULL,	'sess_1769330924048_orqoj0oeq',	'3af180f7-1b91-4780-8557-a11cf548ede5',	'product_detail',	'3af180f7-1b91-4780-8557-a11cf548ede5'),
('a4619938-11ec-4ae4-bc48-c90eeb631109',	'2026-01-25 18:32:32.406139',	'2026-01-25 18:32:32.406139',	NULL,	'VIEW',	'701565a6-3c0b-4c55-90a9-7835c531f37f',	NULL,	NULL,	'3af180f7-1b91-4780-8557-a11cf548ede5',	'direct',	'3af180f7-1b91-4780-8557-a11cf548ede5'),
('a47739b7-46f5-4d8d-abb2-285cde506c42',	'2026-01-25 18:31:01.508678',	'2026-01-25 18:31:01.508678',	NULL,	'PURCHASE',	'8659c215-ee16-4768-a139-fcd1a25112a9',	NULL,	NULL,	'3af180f7-1b91-4780-8557-a11cf548ede5',	NULL,	'3af180f7-1b91-4780-8557-a11cf548ede5'),
('a66d7280-375b-41df-8320-144f43c63f29',	'2026-01-25 18:32:14.920405',	'2026-01-25 18:32:14.920405',	NULL,	'VIEW',	'ae641784-d4ce-4c68-8880-515f2178158c',	NULL,	NULL,	'3af180f7-1b91-4780-8557-a11cf548ede5',	'direct',	'3af180f7-1b91-4780-8557-a11cf548ede5'),
('a71499cb-84ff-4fbe-9a3c-e876ff4da18a',	'2026-01-25 13:55:35.944653',	'2026-01-25 13:55:35.944667',	NULL,	'SEARCH',	NULL,	'Áo Khoác',	'sess_1769349143178_wit30v3iy',	NULL,	NULL,	'064c7d5f-75b9-460e-acf7-f486c4a0c406'),
('a805d3c3-fb29-4eb2-ab4e-6ad762006cac',	'2026-01-25 15:54:58.392827',	'2026-01-25 15:54:58.392827',	NULL,	'VIEW',	'8659c215-ee16-4768-a139-fcd1a25112a9',	NULL,	NULL,	'3af180f7-1b91-4780-8557-a11cf548ede5',	'direct',	'3af180f7-1b91-4780-8557-a11cf548ede5'),
('a81f9e60-f687-44fd-8c9a-86e19e3de977',	'2026-01-24 14:21:09.985325',	'2026-01-24 14:21:09.985325',	1,	'VIEW',	'8659c215-ee16-4768-a139-fcd1a25112a9',	NULL,	'sess_1769239184530_8iikmifnk',	'3af180f7-1b91-4780-8557-a11cf548ede5',	'product_detail',	'3412c965-0fd7-4d44-a069-6dafacf1ced1'),
('a902658c-c14e-4d0c-8cae-36d19d3490b5',	'2026-01-24 17:00:01.273305',	'2026-01-24 17:00:01.273305',	NULL,	'VIEW',	'8c229dbf-18a3-4e17-9fe7-cefe51a06add',	NULL,	NULL,	'3af180f7-1b91-4780-8557-a11cf548ede5',	'direct',	'3412c965-0fd7-4d44-a069-6dafacf1ced1'),
('a9261854-ff2e-4cb7-8333-633706a2f948',	'2026-01-25 18:34:29.465633',	'2026-01-25 18:34:29.465633',	NULL,	'VIEW',	'ae641784-d4ce-4c68-8880-515f2178158c',	NULL,	NULL,	'3af180f7-1b91-4780-8557-a11cf548ede5',	'direct',	'3af180f7-1b91-4780-8557-a11cf548ede5'),
('a9db8536-5572-48f7-8529-ff382f967c4b',	'2026-01-24 14:56:39.636978',	'2026-01-24 14:56:39.636978',	NULL,	'VIEW',	'19e3628f-bb38-45e3-a7a7-72b914792e12',	NULL,	NULL,	'3af180f7-1b91-4780-8557-a11cf548ede5',	'direct',	NULL),
('a9e52fa4-228e-4e37-9a00-2389ae4fd19e',	'2026-01-23 02:16:47.797887',	'2026-01-23 02:16:47.797897',	7,	'VIEW',	'9e28fad0-66a4-4d3a-8e37-f95f712d718c',	NULL,	'sess_1769133606759_mvkyc1i44',	'064c7d5f-75b9-460e-acf7-f486c4a0c406',	'product_detail',	'064c7d5f-75b9-460e-acf7-f486c4a0c406'),
('aab6d98e-a1c8-4d72-b088-e2b1c71fab8a',	'2026-01-25 18:50:25.917574',	'2026-01-25 18:50:25.917574',	5,	'VIEW',	'ae641784-d4ce-4c68-8880-515f2178158c',	NULL,	'sess_1769338654715_2hn55qmoc',	'3af180f7-1b91-4780-8557-a11cf548ede5',	'product_detail',	'3af180f7-1b91-4780-8557-a11cf548ede5'),
('ab180c96-f9ec-4326-9bb3-efe296d4dae3',	'2026-01-24 14:54:11.777996',	'2026-01-24 14:54:11.777996',	NULL,	'VIEW',	'9e28fad0-66a4-4d3a-8e37-f95f712d718c',	NULL,	NULL,	'064c7d5f-75b9-460e-acf7-f486c4a0c406',	'direct',	NULL),
('abf67a1e-8e0b-4003-bbd1-925d4b2a7645',	'2026-01-23 02:16:40.505075',	'2026-01-23 02:16:40.505094',	NULL,	'VIEW',	'8659c215-ee16-4768-a139-fcd1a25112a9',	NULL,	NULL,	'3af180f7-1b91-4780-8557-a11cf548ede5',	'direct',	'3af180f7-1b91-4780-8557-a11cf548ede5'),
('ac4b5a57-cdcd-4f5a-b38c-0ed2b9c861cb',	'2026-01-25 16:44:41.246328',	'2026-01-25 16:44:41.246328',	NULL,	'PURCHASE',	'9e28fad0-66a4-4d3a-8e37-f95f712d718c',	NULL,	NULL,	'064c7d5f-75b9-460e-acf7-f486c4a0c406',	NULL,	'3af180f7-1b91-4780-8557-a11cf548ede5'),
('ac95911e-1355-4100-a5dd-d64f4e9ed4a0',	'2026-01-25 16:44:41.246328',	'2026-01-25 16:44:41.246328',	NULL,	'PURCHASE',	'05495c60-7d2e-434b-b886-c99bcaf8962d',	NULL,	NULL,	'3af180f7-1b91-4780-8557-a11cf548ede5',	NULL,	'3af180f7-1b91-4780-8557-a11cf548ede5'),
('ad448286-a9c9-42fb-ae12-e56843e65768',	'2026-01-24 15:50:38.646416',	'2026-01-24 15:50:38.646452',	NULL,	'VIEW',	'701565a6-3c0b-4c55-90a9-7835c531f37f',	NULL,	NULL,	'3af180f7-1b91-4780-8557-a11cf548ede5',	'direct',	'3412c965-0fd7-4d44-a069-6dafacf1ced1'),
('aea076c8-88b6-4610-82d3-d18b43709173',	'2026-01-24 14:57:05.953608',	'2026-01-24 14:57:05.953608',	NULL,	'VIEW',	'05495c60-7d2e-434b-b886-c99bcaf8962d',	NULL,	NULL,	'3af180f7-1b91-4780-8557-a11cf548ede5',	'direct',	'3412c965-0fd7-4d44-a069-6dafacf1ced1'),
('b066a153-f08d-486a-9487-731a71c07c05',	'2026-01-24 14:54:15.412516',	'2026-01-24 14:54:15.412516',	NULL,	'VIEW',	'c709fdb1-9747-4f41-85fa-96dfa4e4fa39',	NULL,	NULL,	'3af180f7-1b91-4780-8557-a11cf548ede5',	'direct',	NULL),
('b0aaf1ed-f255-4bbe-85ba-3b81353b50d5',	'2026-01-23 02:31:27.398219',	'2026-01-23 02:31:27.398242',	NULL,	'VIEW',	'9e28fad0-66a4-4d3a-8e37-f95f712d718c',	NULL,	NULL,	'064c7d5f-75b9-460e-acf7-f486c4a0c406',	'direct',	'b3f1b0fb-3735-467f-af3d-4f45189d2555'),
('b11c1e7b-7457-4658-991e-d8ea428b8b64',	'2026-01-24 15:53:48.238367',	'2026-01-24 15:53:48.238380',	NULL,	'ADD_CART',	'ae641784-d4ce-4c68-8880-515f2178158c',	NULL,	NULL,	'3af180f7-1b91-4780-8557-a11cf548ede5',	NULL,	'3412c965-0fd7-4d44-a069-6dafacf1ced1'),
('b249d71e-202c-4888-9a5c-b102002c37fb',	'2026-01-25 18:13:57.829806',	'2026-01-25 18:13:57.829806',	4,	'VIEW',	'c709fdb1-9747-4f41-85fa-96dfa4e4fa39',	NULL,	'sess_1769338654715_2hn55qmoc',	'3af180f7-1b91-4780-8557-a11cf548ede5',	'product_detail',	'3af180f7-1b91-4780-8557-a11cf548ede5'),
('b307601a-4146-4ca5-a091-ef19c5166c30',	'2026-01-25 16:04:39.410883',	'2026-01-25 16:04:39.410883',	NULL,	'VIEW',	'05495c60-7d2e-434b-b886-c99bcaf8962d',	NULL,	NULL,	'3af180f7-1b91-4780-8557-a11cf548ede5',	'direct',	'064c7d5f-75b9-460e-acf7-f486c4a0c406'),
('b35d8bd6-face-42b8-8c0c-3c5f0990b05f',	'2026-01-23 02:03:38.519724',	'2026-01-23 02:03:38.519736',	NULL,	'VIEW',	'9e28fad0-66a4-4d3a-8e37-f95f712d718c',	NULL,	NULL,	'064c7d5f-75b9-460e-acf7-f486c4a0c406',	'direct',	'3af180f7-1b91-4780-8557-a11cf548ede5'),
('b3a96776-f29d-4b5b-9bca-7720369fab0e',	'2026-01-25 18:16:05.316651',	'2026-01-25 18:16:05.316651',	5,	'VIEW',	'8659c215-ee16-4768-a139-fcd1a25112a9',	NULL,	'sess_1769338654715_2hn55qmoc',	'3af180f7-1b91-4780-8557-a11cf548ede5',	'product_detail',	'3af180f7-1b91-4780-8557-a11cf548ede5'),
('b3b962e4-98b0-4e1f-bf64-4301e7f5b3b5',	'2026-01-25 18:06:15.484120',	'2026-01-25 18:06:15.484629',	NULL,	'VIEW',	'05495c60-7d2e-434b-b886-c99bcaf8962d',	NULL,	NULL,	'3af180f7-1b91-4780-8557-a11cf548ede5',	'direct',	'3af180f7-1b91-4780-8557-a11cf548ede5'),
('b451e204-da7a-4b1b-95fe-6b88851a4c9d',	'2026-01-24 15:52:38.372839',	'2026-01-24 15:52:38.372853',	2,	'VIEW',	'c709fdb1-9747-4f41-85fa-96dfa4e4fa39',	NULL,	'sess_1769269957605_8n0wiyv87',	'3af180f7-1b91-4780-8557-a11cf548ede5',	'product_detail',	'3412c965-0fd7-4d44-a069-6dafacf1ced1'),
('b562dbae-0428-48ef-9de9-1c8c15a12998',	'2026-01-25 18:35:02.959989',	'2026-01-25 18:35:02.959989',	NULL,	'VIEW',	'701565a6-3c0b-4c55-90a9-7835c531f37f',	NULL,	NULL,	'3af180f7-1b91-4780-8557-a11cf548ede5',	'direct',	'3af180f7-1b91-4780-8557-a11cf548ede5'),
('b5a2c251-6740-4d61-bcb9-8e128bcdbd5d',	'2026-01-24 14:57:08.103644',	'2026-01-24 14:57:08.103644',	NULL,	'VIEW',	'19e3628f-bb38-45e3-a7a7-72b914792e12',	NULL,	NULL,	'3af180f7-1b91-4780-8557-a11cf548ede5',	'direct',	'3412c965-0fd7-4d44-a069-6dafacf1ced1'),
('b734b9d9-03be-4426-a992-4e4849a657ff',	'2026-01-25 13:34:52.625207',	'2026-01-25 13:34:52.625214',	NULL,	'VIEW',	'f4ce5ab1-6910-4cb9-90f8-c65c4a42d72c',	NULL,	NULL,	'3af180f7-1b91-4780-8557-a11cf548ede5',	'direct',	'3af180f7-1b91-4780-8557-a11cf548ede5'),
('b74a980a-3d5c-4773-b02a-224009c9cf25',	'2026-01-25 18:32:07.089744',	'2026-01-25 18:32:07.089744',	NULL,	'VIEW',	'ae641784-d4ce-4c68-8880-515f2178158c',	NULL,	NULL,	'3af180f7-1b91-4780-8557-a11cf548ede5',	'direct',	'3af180f7-1b91-4780-8557-a11cf548ede5'),
('b857fc7d-b605-443f-84a4-8780c7ed4700',	'2026-01-24 16:59:38.800276',	'2026-01-24 16:59:38.800276',	NULL,	'VIEW',	'8659c215-ee16-4768-a139-fcd1a25112a9',	NULL,	NULL,	'3af180f7-1b91-4780-8557-a11cf548ede5',	'direct',	'3412c965-0fd7-4d44-a069-6dafacf1ced1'),
('b8e7b229-edad-440c-aa41-1e54efc4c65c',	'2026-01-25 16:03:57.761878',	'2026-01-25 16:03:57.761878',	3,	'VIEW',	'05495c60-7d2e-434b-b886-c99bcaf8962d',	NULL,	'sess_1769330924048_orqoj0oeq',	'3af180f7-1b91-4780-8557-a11cf548ede5',	'product_detail',	'064c7d5f-75b9-460e-acf7-f486c4a0c406'),
('b964ba8e-2171-4bff-8350-daf311769b15',	'2026-01-23 02:33:28.309313',	'2026-01-23 02:33:28.309339',	NULL,	'VIEW',	'c709fdb1-9747-4f41-85fa-96dfa4e4fa39',	NULL,	NULL,	'3af180f7-1b91-4780-8557-a11cf548ede5',	'direct',	'b3f1b0fb-3735-467f-af3d-4f45189d2555'),
('b992567c-70de-49f6-8327-75db96647d5f',	'2026-01-25 18:19:57.227634',	'2026-01-25 18:19:57.227634',	NULL,	'PURCHASE',	'701565a6-3c0b-4c55-90a9-7835c531f37f',	NULL,	NULL,	'3af180f7-1b91-4780-8557-a11cf548ede5',	NULL,	'3af180f7-1b91-4780-8557-a11cf548ede5'),
('bbed6387-727e-4e14-a070-86a9375097e6',	'2026-01-24 16:06:00.431526',	'2026-01-24 16:06:00.431526',	NULL,	'SEARCH',	NULL,	'300k',	'sess_1769242798346_otxv7bugw',	NULL,	NULL,	'3412c965-0fd7-4d44-a069-6dafacf1ced1'),
('bd9e6768-5c01-48db-ba36-3742384cc1fe',	'2026-01-24 17:00:06.323869',	'2026-01-24 17:00:06.324407',	NULL,	'SEARCH',	NULL,	'Sách - Combo 4 Sách Tư Duy Ngược + Tư Duy Mở + Biến Mọi Thứ Thành Tiền (Quyển 1 + 2)',	'sess_1769239184530_8iikmifnk',	NULL,	NULL,	'3412c965-0fd7-4d44-a069-6dafacf1ced1'),
('c0e21f6b-3889-4d95-b7b0-4f81dccd21f8',	'2026-01-23 05:53:01.839421',	'2026-01-23 05:53:01.839428',	NULL,	'VIEW',	'19e3628f-bb38-45e3-a7a7-72b914792e12',	NULL,	NULL,	'3af180f7-1b91-4780-8557-a11cf548ede5',	'direct',	NULL),
('c2f42232-05d2-43b3-a5dd-c922d6e82123',	'2026-01-23 02:05:34.736255',	'2026-01-23 02:05:34.736263',	NULL,	'VIEW',	'9e28fad0-66a4-4d3a-8e37-f95f712d718c',	NULL,	NULL,	'064c7d5f-75b9-460e-acf7-f486c4a0c406',	'direct',	'3412c965-0fd7-4d44-a069-6dafacf1ced1'),
('c4019c75-8322-4f5f-b6f5-e316ff888514',	'2026-01-24 15:20:40.984434',	'2026-01-24 15:20:40.984446',	5,	'VIEW',	'9e28fad0-66a4-4d3a-8e37-f95f712d718c',	NULL,	'sess_1769268030931_3a5b75w20',	'064c7d5f-75b9-460e-acf7-f486c4a0c406',	'product_detail',	'3412c965-0fd7-4d44-a069-6dafacf1ced1'),
('c40ac1fd-01a8-4848-bf2a-21f667041f41',	'2026-01-24 14:57:15.751443',	'2026-01-24 14:57:15.751443',	NULL,	'VIEW',	'c709fdb1-9747-4f41-85fa-96dfa4e4fa39',	NULL,	NULL,	'3af180f7-1b91-4780-8557-a11cf548ede5',	'direct',	'3412c965-0fd7-4d44-a069-6dafacf1ced1'),
('c68fb731-4b8b-454e-9ee3-683e1b3d0024',	'2026-01-24 18:12:30.967153',	'2026-01-24 18:12:30.967195',	NULL,	'VIEW',	'c709fdb1-9747-4f41-85fa-96dfa4e4fa39',	NULL,	NULL,	'3af180f7-1b91-4780-8557-a11cf548ede5',	'direct',	'3af180f7-1b91-4780-8557-a11cf548ede5'),
('c6ec0546-5db2-4cd1-b662-c47d86c6ef0f',	'2026-01-24 15:20:10.733778',	'2026-01-24 15:20:10.733778',	5,	'VIEW',	'05495c60-7d2e-434b-b886-c99bcaf8962d',	NULL,	'sess_1769242798346_otxv7bugw',	'3af180f7-1b91-4780-8557-a11cf548ede5',	'product_detail',	'3412c965-0fd7-4d44-a069-6dafacf1ced1'),
('c78a2d43-03c7-4016-b300-0fdb555202ca',	'2026-01-25 15:54:52.716531',	'2026-01-25 15:54:52.716531',	NULL,	'VIEW',	'8c229dbf-18a3-4e17-9fe7-cefe51a06add',	NULL,	NULL,	'3af180f7-1b91-4780-8557-a11cf548ede5',	'direct',	'3af180f7-1b91-4780-8557-a11cf548ede5'),
('c9359dc7-8cd5-41e4-b93b-6f96cbc5bd43',	'2026-01-23 02:00:16.086834',	'2026-01-23 02:00:16.086851',	4,	'VIEW',	'9e28fad0-66a4-4d3a-8e37-f95f712d718c',	NULL,	'sess_1769133606759_mvkyc1i44',	'064c7d5f-75b9-460e-acf7-f486c4a0c406',	'product_detail',	'064c7d5f-75b9-460e-acf7-f486c4a0c406'),
('c9d37833-e06e-4f58-b29d-200c650389dd',	'2026-01-23 02:13:35.409443',	'2026-01-23 02:13:35.409472',	NULL,	'VIEW',	'9e28fad0-66a4-4d3a-8e37-f95f712d718c',	NULL,	NULL,	'064c7d5f-75b9-460e-acf7-f486c4a0c406',	'direct',	'2f370e25-fd3d-40f4-a5bd-902664859f74'),
('ca0eb2da-f1f3-43d3-ab1e-0ee0b08674a2',	'2026-01-24 17:00:26.387708',	'2026-01-24 17:00:26.387708',	NULL,	'SEARCH',	NULL,	'local',	'sess_1769239184530_8iikmifnk',	NULL,	NULL,	'3412c965-0fd7-4d44-a069-6dafacf1ced1'),
('cc5569a5-afb4-4bf8-af86-10d572427b2a',	'2026-01-25 18:32:21.628798',	'2026-01-25 18:32:21.628798',	NULL,	'ADD_CART',	'38eaf7a8-f9cd-11f0-b554-520e5bbb2950',	NULL,	NULL,	's1o2c3d4-0001-5555-aaaa-000000000001',	NULL,	'3af180f7-1b91-4780-8557-a11cf548ede5'),
('cc7c770d-334c-45ba-8e94-65cd595676ca',	'2026-01-25 15:50:25.111360',	'2026-01-25 15:50:25.111360',	4,	'VIEW',	'8659c215-ee16-4768-a139-fcd1a25112a9',	NULL,	'sess_1769330924048_orqoj0oeq',	'3af180f7-1b91-4780-8557-a11cf548ede5',	'product_detail',	'3af180f7-1b91-4780-8557-a11cf548ede5'),
('cc8964df-abe4-4b02-8a42-6101badbeab6',	'2026-01-24 17:00:49.815855',	'2026-01-24 17:00:49.815855',	NULL,	'VIEW',	'701565a6-3c0b-4c55-90a9-7835c531f37f',	NULL,	NULL,	'3af180f7-1b91-4780-8557-a11cf548ede5',	'direct',	'3412c965-0fd7-4d44-a069-6dafacf1ced1'),
('cd4ab576-a0f5-4c01-bfea-9c191367e948',	'2026-01-25 18:50:20.823173',	'2026-01-25 18:50:20.823173',	NULL,	'VIEW',	'ae641784-d4ce-4c68-8880-515f2178158c',	NULL,	NULL,	'3af180f7-1b91-4780-8557-a11cf548ede5',	'direct',	'3af180f7-1b91-4780-8557-a11cf548ede5'),
('ceffba42-d1fc-4f99-b86b-51bbb742d5ce',	'2026-01-23 05:52:50.534581',	'2026-01-23 05:52:50.534589',	NULL,	'VIEW',	'ae641784-d4ce-4c68-8880-515f2178158c',	NULL,	NULL,	'3af180f7-1b91-4780-8557-a11cf548ede5',	'direct',	NULL),
('cf0e056d-034d-43f4-b194-4253a4e9c89d',	'2026-01-25 13:28:07.025549',	'2026-01-25 13:28:07.025563',	NULL,	'SEARCH',	NULL,	'hehe',	'sess_1769347686188_7hlw33qnl',	NULL,	NULL,	'064c7d5f-75b9-460e-acf7-f486c4a0c406'),
('d0528422-b58f-4052-8220-87d207da804f',	'2026-01-25 18:16:30.700748',	'2026-01-25 18:16:30.700748',	NULL,	'PURCHASE',	'8659c215-ee16-4768-a139-fcd1a25112a9',	NULL,	NULL,	'3af180f7-1b91-4780-8557-a11cf548ede5',	NULL,	'3af180f7-1b91-4780-8557-a11cf548ede5'),
('d06ce3d1-e1b8-41df-bb3c-72c0608cf1da',	'2026-01-23 02:01:37.023662',	'2026-01-23 02:01:37.023673',	NULL,	'VIEW',	'9e28fad0-66a4-4d3a-8e37-f95f712d718c',	NULL,	NULL,	'064c7d5f-75b9-460e-acf7-f486c4a0c406',	'direct',	'064c7d5f-75b9-460e-acf7-f486c4a0c406'),
('d2db345b-4036-47e7-b70a-9e6d5aaed423',	'2026-01-24 14:21:04.995544',	'2026-01-24 14:21:04.995544',	NULL,	'VIEW',	'8659c215-ee16-4768-a139-fcd1a25112a9',	NULL,	NULL,	'3af180f7-1b91-4780-8557-a11cf548ede5',	'direct',	'3412c965-0fd7-4d44-a069-6dafacf1ced1'),
('d3b74693-dde7-4750-af61-dc97005375c0',	'2026-01-24 15:20:36.444656',	'2026-01-24 15:20:36.444669',	NULL,	'VIEW',	'9e28fad0-66a4-4d3a-8e37-f95f712d718c',	NULL,	NULL,	'064c7d5f-75b9-460e-acf7-f486c4a0c406',	'direct',	'3412c965-0fd7-4d44-a069-6dafacf1ced1'),
('d4d08783-6863-40b7-8a9d-679bf70a44af',	'2026-01-25 18:33:38.517299',	'2026-01-25 18:33:38.517299',	NULL,	'PURCHASE',	'd9cfbdd4-f9b1-4565-bb0e-ae54cf999bd5',	NULL,	NULL,	'064c7d5f-75b9-460e-acf7-f486c4a0c406',	NULL,	'3af180f7-1b91-4780-8557-a11cf548ede5'),
('d5216757-0357-4438-8db4-28e898c70077',	'2026-01-23 02:16:42.884593',	'2026-01-23 02:16:42.884601',	NULL,	'VIEW',	'c709fdb1-9747-4f41-85fa-96dfa4e4fa39',	NULL,	NULL,	'3af180f7-1b91-4780-8557-a11cf548ede5',	'direct',	'3af180f7-1b91-4780-8557-a11cf548ede5'),
('d82c5ea7-90a3-489c-801f-04e494f4daad',	'2026-01-25 16:02:40.994430',	'2026-01-25 16:02:40.994430',	2,	'VIEW',	'9e28fad0-66a4-4d3a-8e37-f95f712d718c',	NULL,	'sess_1769330924048_orqoj0oeq',	'064c7d5f-75b9-460e-acf7-f486c4a0c406',	'product_detail',	'064c7d5f-75b9-460e-acf7-f486c4a0c406'),
('d96a0bad-49f7-4800-8018-62b7af154f63',	'2026-01-25 18:06:17.270343',	'2026-01-25 18:06:17.270343',	2,	'VIEW',	'05495c60-7d2e-434b-b886-c99bcaf8962d',	NULL,	'sess_1769338654715_2hn55qmoc',	'3af180f7-1b91-4780-8557-a11cf548ede5',	'product_detail',	'3af180f7-1b91-4780-8557-a11cf548ede5'),
('d979fe96-5bc8-43f7-a524-6145f6d178a3',	'2026-01-23 02:16:47.425832',	'2026-01-23 02:16:47.425859',	1,	'VIEW',	'c709fdb1-9747-4f41-85fa-96dfa4e4fa39',	NULL,	'sess_1769134603008_wbripst5j',	'3af180f7-1b91-4780-8557-a11cf548ede5',	'product_detail',	'3af180f7-1b91-4780-8557-a11cf548ede5'),
('db8c7b9e-1aae-4eb0-bd54-2ba21c48bfb5',	'2026-01-25 16:47:12.331313',	'2026-01-25 16:47:12.331313',	2,	'VIEW',	'05495c60-7d2e-434b-b886-c99bcaf8962d',	NULL,	'sess_1769333236083_zvt0hdaq6',	'3af180f7-1b91-4780-8557-a11cf548ede5',	'product_detail',	'3af180f7-1b91-4780-8557-a11cf548ede5'),
('dcbcd23a-8abe-47a8-b004-58f43a19d30d',	'2026-01-25 15:48:43.687543',	'2026-01-25 15:48:43.687543',	NULL,	'VIEW',	'8659c215-ee16-4768-a139-fcd1a25112a9',	NULL,	NULL,	'3af180f7-1b91-4780-8557-a11cf548ede5',	'direct',	NULL),
('dd933f67-d4ff-4a81-bea6-e117bc912059',	'2026-01-25 16:02:39.192416',	'2026-01-25 16:02:39.192416',	NULL,	'VIEW',	'9e28fad0-66a4-4d3a-8e37-f95f712d718c',	NULL,	NULL,	'064c7d5f-75b9-460e-acf7-f486c4a0c406',	'direct',	'064c7d5f-75b9-460e-acf7-f486c4a0c406'),
('ddf6b8be-f1a1-470d-a1fa-cad68c123eb9',	'2026-01-25 15:50:20.892386',	'2026-01-25 15:50:20.892386',	NULL,	'VIEW',	'8659c215-ee16-4768-a139-fcd1a25112a9',	NULL,	NULL,	'3af180f7-1b91-4780-8557-a11cf548ede5',	'direct',	'3af180f7-1b91-4780-8557-a11cf548ede5'),
('de85c8ce-cb07-49e1-9880-1c4d6308cc39',	'2026-01-24 14:21:06.067226',	'2026-01-24 14:21:06.067226',	1,	'VIEW',	'8659c215-ee16-4768-a139-fcd1a25112a9',	NULL,	'sess_1769239184530_8iikmifnk',	'3af180f7-1b91-4780-8557-a11cf548ede5',	'product_detail',	'3412c965-0fd7-4d44-a069-6dafacf1ced1'),
('ded418e9-4fda-4efc-8379-e312fafd8772',	'2026-01-24 17:00:11.899119',	'2026-01-24 17:00:11.899119',	NULL,	'SEARCH',	NULL,	'sách - combo 4 sách tư duy ngược + tư duy mở + biến mọi thứ thành tiền (quyển 1 + 2)',	'sess_1769239184530_8iikmifnk',	NULL,	NULL,	'3412c965-0fd7-4d44-a069-6dafacf1ced1'),
('df1aedba-570d-4075-b869-58fdf17b5247',	'2026-01-23 05:52:39.594370',	'2026-01-23 05:52:39.594377',	NULL,	'VIEW',	'8c229dbf-18a3-4e17-9fe7-cefe51a06add',	NULL,	NULL,	'3af180f7-1b91-4780-8557-a11cf548ede5',	'direct',	NULL),
('df730bdc-d0f7-4148-8c62-adf6f6e75d51',	'2026-01-24 14:54:10.371041',	'2026-01-24 14:54:10.371041',	NULL,	'VIEW',	'8659c215-ee16-4768-a139-fcd1a25112a9',	NULL,	NULL,	'3af180f7-1b91-4780-8557-a11cf548ede5',	'direct',	NULL),
('dfda7f69-4932-48e3-8488-18ade48f4e8e',	'2026-01-23 02:34:05.469551',	'2026-01-23 02:34:05.469577',	NULL,	'SEARCH',	NULL,	'hehe',	'sess_1769135493028_bby0y05j0',	NULL,	NULL,	'b3f1b0fb-3735-467f-af3d-4f45189d2555'),
('e05559b1-135f-4508-8cea-a69ddfed7780',	'2026-01-25 13:35:05.012719',	'2026-01-25 13:35:05.012731',	7,	'VIEW',	'9e28fad0-66a4-4d3a-8e37-f95f712d718c',	NULL,	'sess_1769348064605_ejx17dmtv',	'064c7d5f-75b9-460e-acf7-f486c4a0c406',	'product_detail',	'3af180f7-1b91-4780-8557-a11cf548ede5'),
('e1951889-ef51-4b98-8fd4-56dbeb7f2983',	'2026-01-24 18:13:15.902309',	'2026-01-24 18:13:15.902317',	NULL,	'PURCHASE',	'c709fdb1-9747-4f41-85fa-96dfa4e4fa39',	NULL,	NULL,	'3af180f7-1b91-4780-8557-a11cf548ede5',	NULL,	'8b01475b-a05a-41f7-a350-dfd1ce404b87'),
('e1c1e8e4-c45e-4887-a7c0-34e5955874da',	'2026-01-25 18:36:33.620983',	'2026-01-25 18:36:33.620983',	NULL,	'PURCHASE',	'd9cfbdd4-f9b1-4565-bb0e-ae54cf999bd5',	NULL,	NULL,	'064c7d5f-75b9-460e-acf7-f486c4a0c406',	NULL,	'3af180f7-1b91-4780-8557-a11cf548ede5'),
('e1c95c0d-cf30-4d6e-bd51-c6c1fe618dc6',	'2026-01-23 02:34:37.129989',	'2026-01-23 02:34:37.129996',	NULL,	'VIEW',	'c709fdb1-9747-4f41-85fa-96dfa4e4fa39',	NULL,	NULL,	'3af180f7-1b91-4780-8557-a11cf548ede5',	'direct',	'b3f1b0fb-3735-467f-af3d-4f45189d2555'),
('e22d6295-c27b-4bc3-bee2-07330ebc01ac',	'2026-01-24 14:54:07.151252',	'2026-01-24 14:54:07.151252',	NULL,	'VIEW',	'19e3628f-bb38-45e3-a7a7-72b914792e12',	NULL,	NULL,	'3af180f7-1b91-4780-8557-a11cf548ede5',	'direct',	NULL),
('e28453fa-62d9-49ad-ad80-eb8196c29f57',	'2026-01-24 14:57:17.049822',	'2026-01-24 14:57:17.049822',	NULL,	'VIEW',	'f4ce5ab1-6910-4cb9-90f8-c65c4a42d72c',	NULL,	NULL,	'3af180f7-1b91-4780-8557-a11cf548ede5',	'direct',	'3412c965-0fd7-4d44-a069-6dafacf1ced1'),
('e39d8712-83e0-43a9-951c-34d9478f6140',	'2026-01-24 15:40:26.509352',	'2026-01-24 15:40:26.509374',	NULL,	'VIEW',	'c709fdb1-9747-4f41-85fa-96dfa4e4fa39',	NULL,	NULL,	'3af180f7-1b91-4780-8557-a11cf548ede5',	'direct',	'3412c965-0fd7-4d44-a069-6dafacf1ced1'),
('e4f7783f-07fd-4466-86d8-f5a0cc3146e9',	'2026-01-23 02:34:28.617516',	'2026-01-23 02:34:28.617523',	NULL,	'VIEW',	'c709fdb1-9747-4f41-85fa-96dfa4e4fa39',	NULL,	NULL,	'3af180f7-1b91-4780-8557-a11cf548ede5',	'direct',	'b3f1b0fb-3735-467f-af3d-4f45189d2555'),
('e5289eec-1e45-43f6-8556-9dc0acf41f64',	'2026-01-23 02:16:41.217800',	'2026-01-23 02:16:41.217812',	1,	'VIEW',	'8659c215-ee16-4768-a139-fcd1a25112a9',	NULL,	'sess_1769134603008_wbripst5j',	'3af180f7-1b91-4780-8557-a11cf548ede5',	'product_detail',	'3af180f7-1b91-4780-8557-a11cf548ede5'),
('e633ca88-c0d5-473b-9788-ee3a2c1863b4',	'2026-01-24 16:05:52.966138',	'2026-01-24 16:05:52.966138',	NULL,	'SEARCH',	NULL,	'200k',	'sess_1769242798346_otxv7bugw',	NULL,	NULL,	'3412c965-0fd7-4d44-a069-6dafacf1ced1'),
('e7a091ef-b6be-41fd-a510-1080b689c2e9',	'2026-01-24 15:20:30.915466',	'2026-01-24 15:20:30.915485',	NULL,	'SEARCH',	NULL,	'Sách - Combo 4 Sách Tư Duy Ngược + Tư Duy Mở + Biến Mọi Thứ Thành Tiền (Quyển 1 + 2)',	'sess_1769268030931_3a5b75w20',	NULL,	NULL,	'3412c965-0fd7-4d44-a069-6dafacf1ced1'),
('e8319d9e-b0cf-4a93-a850-29ce2714a6b0',	'2026-01-25 18:32:13.301332',	'2026-01-25 18:32:13.301332',	1,	'VIEW',	'701565a6-3c0b-4c55-90a9-7835c531f37f',	NULL,	'sess_1769338654715_2hn55qmoc',	'3af180f7-1b91-4780-8557-a11cf548ede5',	'product_detail',	'3af180f7-1b91-4780-8557-a11cf548ede5'),
('e8781a64-97e8-461d-a9b5-c62029940c55',	'2026-01-25 18:50:47.926721',	'2026-01-25 18:50:47.926721',	NULL,	'PURCHASE',	'ae641784-d4ce-4c68-8880-515f2178158c',	NULL,	NULL,	'3af180f7-1b91-4780-8557-a11cf548ede5',	NULL,	'3af180f7-1b91-4780-8557-a11cf548ede5'),
('e8b32db5-d0ab-4b5b-a238-71ad5d159e69',	'2026-01-24 16:06:10.127622',	'2026-01-24 16:06:10.127622',	NULL,	'SEARCH',	NULL,	'50k',	'sess_1769242798346_otxv7bugw',	NULL,	NULL,	'3412c965-0fd7-4d44-a069-6dafacf1ced1'),
('e8e98fcd-36fd-41e0-9666-18a47ed25d08',	'2026-01-25 13:52:23.884154',	'2026-01-25 13:52:23.884165',	NULL,	'SEARCH',	NULL,	'áo khoác',	'sess_1769349143178_wit30v3iy',	NULL,	NULL,	'064c7d5f-75b9-460e-acf7-f486c4a0c406'),
('e9920327-a841-4a06-953c-0f45a33be6a1',	'2026-01-23 02:16:49.005072',	'2026-01-23 02:16:49.005079',	NULL,	'VIEW',	'c709fdb1-9747-4f41-85fa-96dfa4e4fa39',	NULL,	NULL,	'3af180f7-1b91-4780-8557-a11cf548ede5',	'direct',	'3af180f7-1b91-4780-8557-a11cf548ede5'),
('e9fb7c53-f16e-4562-bcd9-a303b957d4ed',	'2026-01-24 16:06:05.449921',	'2026-01-24 16:06:05.449921',	NULL,	'SEARCH',	NULL,	'300k',	'sess_1769242798346_otxv7bugw',	NULL,	NULL,	'3412c965-0fd7-4d44-a069-6dafacf1ced1'),
('ea4b9068-1f5b-41d5-8510-542fd153efa4',	'2026-01-23 06:36:26.776545',	'2026-01-23 06:36:26.776572',	NULL,	'VIEW',	'ae641784-d4ce-4c68-8880-515f2178158c',	NULL,	NULL,	'3af180f7-1b91-4780-8557-a11cf548ede5',	'direct',	NULL),
('ebe5cbb1-6d6b-4f1c-9c25-46e4d39bcf0d',	'2026-01-25 19:27:22.995323',	'2026-01-25 19:27:22.995323',	NULL,	'VIEW',	'f4ce5ab1-6910-4cb9-90f8-c65c4a42d72c',	NULL,	NULL,	'3af180f7-1b91-4780-8557-a11cf548ede5',	'direct',	'3af180f7-1b91-4780-8557-a11cf548ede5'),
('ebee406e-2b8b-46c2-a729-c0efaf62af2c',	'2026-01-24 14:57:14.291100',	'2026-01-24 14:57:14.291100',	NULL,	'VIEW',	'ae641784-d4ce-4c68-8880-515f2178158c',	NULL,	NULL,	'3af180f7-1b91-4780-8557-a11cf548ede5',	'direct',	'3412c965-0fd7-4d44-a069-6dafacf1ced1'),
('ec24fc6b-3dbb-4a6e-94f5-921eca277e9c',	'2026-01-23 06:36:53.679510',	'2026-01-23 06:36:53.679518',	NULL,	'VIEW',	'05495c60-7d2e-434b-b886-c99bcaf8962d',	NULL,	NULL,	'3af180f7-1b91-4780-8557-a11cf548ede5',	'direct',	NULL),
('ec30dec8-8f2b-4656-8f2b-9e7cc5314f61',	'2026-01-24 14:57:09.598735',	'2026-01-24 14:57:09.598735',	NULL,	'VIEW',	'701565a6-3c0b-4c55-90a9-7835c531f37f',	NULL,	NULL,	'3af180f7-1b91-4780-8557-a11cf548ede5',	'direct',	'3412c965-0fd7-4d44-a069-6dafacf1ced1'),
('ed8dae16-c8be-4cb6-9332-a65ad511fca8',	'2026-01-25 16:00:24.824045',	'2026-01-25 16:00:24.824045',	NULL,	'VIEW',	'9e28fad0-66a4-4d3a-8e37-f95f712d718c',	NULL,	NULL,	'064c7d5f-75b9-460e-acf7-f486c4a0c406',	'direct',	'3af180f7-1b91-4780-8557-a11cf548ede5'),
('ee32aad5-b724-4898-aead-0c1e8ca5abd5',	'2026-01-25 13:34:53.803137',	'2026-01-25 13:34:53.803146',	1,	'VIEW',	'f4ce5ab1-6910-4cb9-90f8-c65c4a42d72c',	NULL,	'sess_1769348064605_ejx17dmtv',	'3af180f7-1b91-4780-8557-a11cf548ede5',	'product_detail',	'3af180f7-1b91-4780-8557-a11cf548ede5'),
('ee453c1c-95c7-4d1a-af7f-5b69cf77aa06',	'2026-01-25 18:09:50.501416',	'2026-01-25 18:09:50.501416',	4,	'VIEW',	'8659c215-ee16-4768-a139-fcd1a25112a9',	NULL,	'sess_1769338654715_2hn55qmoc',	'3af180f7-1b91-4780-8557-a11cf548ede5',	'product_detail',	'3af180f7-1b91-4780-8557-a11cf548ede5'),
('ee638a01-ff98-4fb7-86af-9c9f9c193166',	'2026-01-25 18:46:37.994949',	'2026-01-25 18:46:37.994949',	2,	'VIEW',	'38ef5a34-f9cd-11f0-b554-520e5bbb2950',	NULL,	'sess_1769338654715_2hn55qmoc',	's1o2c3d4-0002-5555-aaaa-000000000002',	'product_detail',	'3af180f7-1b91-4780-8557-a11cf548ede5'),
('f254e710-eb40-432f-bb45-f28ac63deccc',	'2026-01-25 18:32:34.869469',	'2026-01-25 18:32:34.869469',	2,	'VIEW',	'701565a6-3c0b-4c55-90a9-7835c531f37f',	NULL,	'sess_1769338654715_2hn55qmoc',	'3af180f7-1b91-4780-8557-a11cf548ede5',	'product_detail',	'3af180f7-1b91-4780-8557-a11cf548ede5'),
('f3cff169-14f0-4c46-aded-965f7a3ff7b6',	'2026-01-25 13:34:24.472739',	'2026-01-25 13:34:24.472747',	3,	'VIEW',	'701565a6-3c0b-4c55-90a9-7835c531f37f',	NULL,	'sess_1769348064605_ejx17dmtv',	'3af180f7-1b91-4780-8557-a11cf548ede5',	'product_detail',	'3af180f7-1b91-4780-8557-a11cf548ede5'),
('f420d62b-0898-4892-a0b2-ab269dd75f08',	'2026-01-25 18:09:20.451121',	'2026-01-25 18:09:20.451121',	NULL,	'VIEW',	'8659c215-ee16-4768-a139-fcd1a25112a9',	NULL,	NULL,	'3af180f7-1b91-4780-8557-a11cf548ede5',	'direct',	'3af180f7-1b91-4780-8557-a11cf548ede5'),
('f57faf35-8fc4-4f82-8587-5eeecd6dd9d6',	'2026-01-24 14:57:02.889730',	'2026-01-24 14:57:02.889755',	NULL,	'VIEW',	'701565a6-3c0b-4c55-90a9-7835c531f37f',	NULL,	NULL,	'3af180f7-1b91-4780-8557-a11cf548ede5',	'direct',	'3af180f7-1b91-4780-8557-a11cf548ede5'),
('f68e204e-45b4-452e-9dd9-06d3a0ca19d4',	'2026-01-25 18:15:04.003049',	'2026-01-25 18:15:04.003049',	NULL,	'PURCHASE',	'05495c60-7d2e-434b-b886-c99bcaf8962d',	NULL,	NULL,	'3af180f7-1b91-4780-8557-a11cf548ede5',	NULL,	'3af180f7-1b91-4780-8557-a11cf548ede5'),
('f6a9ae53-0921-4ad5-80bb-1d33bb98f0a9',	'2026-01-25 15:55:26.736655',	'2026-01-25 15:55:26.736655',	5,	'VIEW',	'8c229dbf-18a3-4e17-9fe7-cefe51a06add',	NULL,	'sess_1769330924048_orqoj0oeq',	'3af180f7-1b91-4780-8557-a11cf548ede5',	'product_detail',	'3af180f7-1b91-4780-8557-a11cf548ede5'),
('f6debfbf-6f7e-4e92-8654-ad6aae4aec56',	'2026-01-25 18:32:04.142315',	'2026-01-25 18:32:04.142315',	NULL,	'VIEW',	'ae641784-d4ce-4c68-8880-515f2178158c',	NULL,	NULL,	'3af180f7-1b91-4780-8557-a11cf548ede5',	'direct',	'3af180f7-1b91-4780-8557-a11cf548ede5'),
('f730a58a-5f04-4407-8e87-10ac4db715c9',	'2026-01-23 05:52:37.905785',	'2026-01-23 05:52:37.905792',	NULL,	'VIEW',	'8659c215-ee16-4768-a139-fcd1a25112a9',	NULL,	NULL,	'3af180f7-1b91-4780-8557-a11cf548ede5',	'direct',	NULL),
('f911b7b9-dd2d-44c3-a842-8bd68eedb6b8',	'2026-01-24 18:12:50.506482',	'2026-01-24 18:12:50.506504',	NULL,	'VIEW',	'c709fdb1-9747-4f41-85fa-96dfa4e4fa39',	NULL,	NULL,	'3af180f7-1b91-4780-8557-a11cf548ede5',	'direct',	'8b01475b-a05a-41f7-a350-dfd1ce404b87'),
('fb951e4d-3ba6-40e9-ab2e-ba4b5f46c7fc',	'2026-01-25 18:35:09.563959',	'2026-01-25 18:35:09.563959',	2,	'VIEW',	'ae641784-d4ce-4c68-8880-515f2178158c',	NULL,	'sess_1769338654715_2hn55qmoc',	'3af180f7-1b91-4780-8557-a11cf548ede5',	'product_detail',	'3af180f7-1b91-4780-8557-a11cf548ede5'),
('fc6a361c-a559-4791-bdf0-f026896a5291',	'2026-01-25 18:58:07.393905',	'2026-01-25 18:58:07.393905',	NULL,	'VIEW',	'f4ce5ab1-6910-4cb9-90f8-c65c4a42d72c',	NULL,	NULL,	'3af180f7-1b91-4780-8557-a11cf548ede5',	'direct',	'3af180f7-1b91-4780-8557-a11cf548ede5'),
('fcf9ba13-2f27-4136-a1eb-c8d8b482ba25',	'2026-01-24 15:19:58.552919',	'2026-01-24 15:19:58.552919',	NULL,	'SEARCH',	NULL,	'Dầu Tẩy Trang Làm Sạch Sâu Pore Reset Glass Skin Cleansing Oil BETHESKIN 150ml',	'sess_1769242798346_otxv7bugw',	NULL,	NULL,	'3412c965-0fd7-4d44-a069-6dafacf1ced1');

INSERT INTO `cart_items` (`id`, `created_timestamp`, `updated_timestamp`, `is_flash_sale`, `is_from_live`, `live_price`, `live_product_id`, `live_room_id`, `original_price`, `quantity`, `total_price`, `unit_price`, `cart_id`, `product_id`, `size_id`) VALUES
('2ab960f2-5247-478f-b0e9-29c2496ed80a',	'2026-01-23 02:36:26.162646',	'2026-01-23 02:36:26.162665',	CONVERT(b'0', UNSIGNED),	NULL,	NULL,	NULL,	NULL,	NULL,	10,	2000000,	200000,	'35a1846d-7d7b-459e-a1e0-21e803cb754b',	'8659c215-ee16-4768-a139-fcd1a25112a9',	'7f6c607c-ab2c-4995-a745-41dafd7459a3'),
('568ac6e8-2a4e-474a-8108-78c82cc0cb23',	'2026-01-23 02:34:39.740946',	'2026-01-24 14:56:35.816154',	CONVERT(b'0', UNSIGNED),	NULL,	NULL,	NULL,	NULL,	NULL,	1,	100000,	100000,	'35a1846d-7d7b-459e-a1e0-21e803cb754b',	'c709fdb1-9747-4f41-85fa-96dfa4e4fa39',	'ba0f2d5c-703e-4a04-bdc2-3f2cc3919caa'),
('a09f8a45-804e-4178-a7e9-f83589525733',	'2026-01-25 16:04:43.887883',	'2026-01-25 16:04:43.887883',	CONVERT(b'0', UNSIGNED),	NULL,	NULL,	NULL,	NULL,	NULL,	1,	218000,	218000,	'c37ab468-1a97-40eb-b236-461a3a674e3d',	'05495c60-7d2e-434b-b886-c99bcaf8962d',	'd378c686-4625-4aa3-98c2-fe7e7889b2d3'),
('bd73eb33-b7c4-4843-ae2a-b04f4ae322aa',	'2026-01-24 18:13:50.410514',	'2026-01-24 18:13:50.410525',	CONVERT(b'1', UNSIGNED),	NULL,	NULL,	NULL,	NULL,	300000,	1,	150000,	150000,	'ca9a7093-c5c0-4691-ae93-5365df0eda37',	'ae641784-d4ce-4c68-8880-515f2178158c',	'2bd5b0d9-7e09-49eb-944e-a805079fafc1'),
('cf74497c-5679-47d8-869f-bd5427cf41b4',	'2026-01-25 16:02:40.882138',	'2026-01-25 13:28:32.077008',	CONVERT(b'0', UNSIGNED),	NULL,	NULL,	NULL,	NULL,	NULL,	1,	10000,	10000,	'c37ab468-1a97-40eb-b236-461a3a674e3d',	'9e28fad0-66a4-4d3a-8e37-f95f712d718c',	'a1231495-10dd-40f9-9066-9cedb316cc4c'),
('ea4eafab-a275-4f61-b9a2-e1c4912b6bc3',	'2026-01-23 02:36:37.339747',	'2026-01-25 13:28:32.083433',	CONVERT(b'0', UNSIGNED),	NULL,	NULL,	NULL,	NULL,	NULL,	1,	10000,	10000,	'35a1846d-7d7b-459e-a1e0-21e803cb754b',	'9e28fad0-66a4-4d3a-8e37-f95f712d718c',	'a1231495-10dd-40f9-9066-9cedb316cc4c');

INSERT INTO `carts` (`id`, `created_timestamp`, `updated_timestamp`, `total_amount`, `user_id`) VALUES
('35a1846d-7d7b-459e-a1e0-21e803cb754b',	'2026-01-23 02:34:39.734577',	'2026-01-24 14:56:35.811705',	2110000,	'b3f1b0fb-3735-467f-af3d-4f45189d2555'),
('568ce651-7f87-45ae-a79c-0d30eef1dd9c',	'2026-01-24 14:19:44.387742',	'2026-01-24 15:41:37.361110',	0,	'3412c965-0fd7-4d44-a069-6dafacf1ced1'),
('59d5ff23-f9c3-4ad5-abf9-0cbb03b74a0d',	'2026-01-23 02:12:56.890482',	'2026-01-23 02:12:56.890491',	0,	'2f370e25-fd3d-40f4-a5bd-902664859f74'),
('74ff3c9c-a3aa-40fa-968f-30194d8c7e9f',	'2026-01-23 02:10:31.912236',	'2026-01-25 13:49:25.319621',	0,	'3af180f7-1b91-4780-8557-a11cf548ede5'),
('c37ab468-1a97-40eb-b236-461a3a674e3d',	'2026-01-25 16:02:40.870110',	'2026-01-25 13:57:29.087002',	228000,	'064c7d5f-75b9-460e-acf7-f486c4a0c406'),
('ca9a7093-c5c0-4691-ae93-5365df0eda37',	'2026-01-24 18:12:53.500333',	'2026-01-24 18:12:53.500351',	0,	'8b01475b-a05a-41f7-a350-dfd1ce404b87'),
('cffd2ad2-3d26-46d7-86ba-730f89e6791d',	'2026-01-25 13:37:36.754149',	'2026-01-25 13:37:36.754161',	0,	'c03a55ff-d9dc-40bf-953d-1d651bd3d4f5');

INSERT INTO `category_products` (`id`, `created_timestamp`, `updated_timestamp`, `description`, `image_id`, `name`) VALUES
('1',	'2026-01-23 05:32:06.000000',	'2026-01-23 05:34:59.114493',	'Fashion items designed for men, including shirts, t-shirts, jackets, pants, suits, and accessories suitable for daily wear, work, and special occasions.',	'811ecd31-9471-4867-9d7c-ed61bc5a3983',	'Men Clothes'),
('10',	'2026-01-23 05:32:06.000000',	'2026-01-23 05:34:24.987936',	'Electronic devices and accessories such as laptops, tablets, headphones, smart devices, cables, and technology gadgets for work and entertainment.',	'e405eb16-b9cd-423e-a215-3e66d278c7f7',	'Electronics & Accessories'),
('2',	'2026-01-23 05:32:06.000000',	'2026-01-23 05:35:20.952334',	'A variety of fashionable clothing for women such as dresses, tops, skirts, pants, and accessories, following the latest trends and styles.',	'57bb125f-b9ec-4097-b65b-1d6ec41fa0b3',	'Women Clothes'),
('3',	'2026-01-23 05:32:06.000000',	'2026-01-23 05:34:08.967487',	'Beauty and personal care products including skincare, makeup, hair care, perfumes, and cosmetic tools for enhancing appearance and self-care.',	'aa0d541d-6309-4a07-b36b-fe69dce8a53d',	'Beauty'),
('4',	'2026-01-23 05:32:06.000000',	'2026-01-23 05:35:14.613836',	'Products for sports activities and outdoor adventures, including sportswear, equipment, fitness tools, camping gear, and outdoor accessories.',	'46a268ab-d66e-4062-940f-b886f904e925',	'Sport & Outdoor'),
('5',	'2026-01-23 05:32:06.000000',	'2026-01-23 05:34:43.357739',	'Health-related products such as supplements, medical devices, personal healthcare items, and wellness products to support a healthy lifestyle.',	'2a360f55-5776-4442-9cd3-ab47dea9ba98',	'Health'),
('6',	'2026-01-23 05:32:06.000000',	'2026-01-23 05:34:37.027235',	'Daily grocery items including food, beverages, fresh products, packaged goods, and household consumables for everyday needs.',	'54e17b3c-f126-4c4a-9c94-ecf4fdcc6ef4',	'Grocery'),
('7',	'2026-01-23 05:32:06.000000',	'2026-01-23 05:35:04.344952',	'Mobile phones and related products such as smartphones, phone accessories, cases, chargers, and mobile-related gadgets.',	'878c1461-83a1-4031-9c50-542e32eb2636',	'Mobile'),
('85c72c80-9d69-4dfe-a7e2-4b0b947ad9f4',	'2026-01-23 01:55:08.325007',	'2026-01-23 01:55:08.325030',	'123',	'3f1baf8c-f244-40de-ad38-766b5b6bbe76',	'Đồ Đi Biển'),
('9',	'2026-01-23 05:32:06.000000',	'2026-01-23 05:34:53.236691',	'Home improvement and living products including furniture, home décor, kitchenware, bedding, lighting, and household essentials.',	'2272875b-484b-4082-b6d2-d488ff3ebe98',	'Home & Living'),
('ba11d6d3-f702-4a2e-94ec-16d113d4fa03',	'2026-01-23 01:57:47.555029',	'2026-01-23 01:57:47.555051',	'123',	'84dcf6c7-e507-43e4-9860-cb86ea74998c',	'Sách'),
('e505c910-09bd-48c1-851c-116b2adc123d',	'2026-01-23 01:54:25.292053',	'2026-01-23 01:54:25.292107',	'áo áo áo áo',	'3c308046-8959-4a75-90d5-b3e49556b603',	'Áo');

INSERT INTO `conversations` (`id`, `client_id`, `client_unread_count`, `created_at`, `last_message_at`, `last_message_content`, `last_message_sender_id`, `product_id`, `shop_owner_id`, `shop_owner_unread_count`, `status`, `title`, `updated_at`) VALUES
('07f31475-02b6-4309-8b8e-639e9f812acd',	'064c7d5f-75b9-460e-acf7-f486c4a0c406',	0,	'2026-01-23 02:01:40.473682',	'2026-01-23 02:01:41.185482',	'I would like to ask about this product:',	'064c7d5f-75b9-460e-acf7-f486c4a0c406',	'9e28fad0-66a4-4d3a-8e37-f95f712d718c',	'064c7d5f-75b9-460e-acf7-f486c4a0c406',	0,	'ACTIVE',	'Chat with Kiroww',	'2026-01-23 02:01:41.539018'),
('78ab1c08-c74e-4412-a792-6ac385238b75',	'3412c965-0fd7-4d44-a069-6dafacf1ced1',	0,	'2026-01-23 06:40:31.420671',	'2026-01-24 15:08:26.567978',	'thuận  hú',	'3af180f7-1b91-4780-8557-a11cf548ede5',	'c709fdb1-9747-4f41-85fa-96dfa4e4fa39',	'3af180f7-1b91-4780-8557-a11cf548ede5',	0,	'ACTIVE',	'Chat with quy@gmail.com',	'2026-01-24 15:42:01.419634');

INSERT INTO `files` (`id`, `file_path`, `type`) VALUES
('0dc893e3-d632-48f1-ba1b-7a8c3b22b9c6',	'/app/uploads/0dc893e3-d632-48f1-ba1b-7a8c3b22b9c6',	'image/jpeg'),
('1089fd23-49d2-48ba-941b-54ee0abc72a6',	'/app/uploads/1089fd23-49d2-48ba-941b-54ee0abc72a6',	'image/png'),
('141b5ef4-f482-4c5b-a80b-f24b82db0c5f',	'/app/uploads/141b5ef4-f482-4c5b-a80b-f24b82db0c5f',	'image/jpeg'),
('17d97e9e-1032-4a78-8227-a551adc7170f',	'/app/uploads/17d97e9e-1032-4a78-8227-a551adc7170f',	'image/jpeg'),
('18060616-93b4-498d-95cf-d8e4d89fa56d',	'/app/uploads/18060616-93b4-498d-95cf-d8e4d89fa56d',	'image/jpeg'),
('1aa0d002-2d49-4d92-a60e-d24d289b6c87',	'/app/uploads/1aa0d002-2d49-4d92-a60e-d24d289b6c87',	'image/jpeg'),
('1c1fddc5-5200-404b-9937-47e435aed5ed',	'/app/uploads/1c1fddc5-5200-404b-9937-47e435aed5ed',	'image/png'),
('1c76d525-ac26-4320-bfb3-a2cb1177ab9a',	'/app/uploads/1c76d525-ac26-4320-bfb3-a2cb1177ab9a',	'image/png'),
('1e56c634-46e8-48fe-970e-96bf2de89fd3',	'/app/uploads/1e56c634-46e8-48fe-970e-96bf2de89fd3',	'image/png'),
('20089c93-09a8-4faf-9566-382212d0fa96',	'/app/uploads/20089c93-09a8-4faf-9566-382212d0fa96',	'image/jpeg'),
('2225f0ec-d95a-4cee-9ef6-241dfdd261cb',	'/app/uploads/2225f0ec-d95a-4cee-9ef6-241dfdd261cb',	'image/png'),
('2272875b-484b-4082-b6d2-d488ff3ebe98',	'/app/uploads/2272875b-484b-4082-b6d2-d488ff3ebe98',	'image/png'),
('2a360f55-5776-4442-9cd3-ab47dea9ba98',	'/app/uploads/2a360f55-5776-4442-9cd3-ab47dea9ba98',	'image/png'),
('32608ba2-e79e-459a-8848-928d38493b4f',	'/app/uploads/32608ba2-e79e-459a-8848-928d38493b4f',	'image/jpeg'),
('3c308046-8959-4a75-90d5-b3e49556b603',	'/app/uploads/3c308046-8959-4a75-90d5-b3e49556b603',	'image/png'),
('3f1baf8c-f244-40de-ad38-766b5b6bbe76',	'/app/uploads/3f1baf8c-f244-40de-ad38-766b5b6bbe76',	'image/png'),
('3f1c4942-e5ec-4e85-a4d5-bd39fbf8af53',	'/app/uploads/3f1c4942-e5ec-4e85-a4d5-bd39fbf8af53',	'image/png'),
('3fa75314-856d-4bcd-aeed-f56d979bbc45',	'/app/uploads/3fa75314-856d-4bcd-aeed-f56d979bbc45',	'image/png'),
('4017e732-2256-4095-b1df-34416760a799',	'/app/uploads/4017e732-2256-4095-b1df-34416760a799',	'image/jpeg'),
('4160dac8-2291-4c98-803a-126ef3afae2c',	'/app/uploads/4160dac8-2291-4c98-803a-126ef3afae2c',	'image/png'),
('427eb03f-100d-4d24-8224-128077e27ffb',	'/app/uploads/427eb03f-100d-4d24-8224-128077e27ffb',	'image/jpeg'),
('436ee35e-9009-48cc-a144-35815240dab2',	'/app/uploads/436ee35e-9009-48cc-a144-35815240dab2',	'image/png'),
('461365cb-2925-4d29-abf5-a03efcc9f5b7',	'/app/uploads/461365cb-2925-4d29-abf5-a03efcc9f5b7',	'image/jpeg'),
('46a268ab-d66e-4062-940f-b886f904e925',	'/app/uploads/46a268ab-d66e-4062-940f-b886f904e925',	'image/png'),
('54e17b3c-f126-4c4a-9c94-ecf4fdcc6ef4',	'/app/uploads/54e17b3c-f126-4c4a-9c94-ecf4fdcc6ef4',	'image/png'),
('55b9c16f-f012-4c9c-a527-6a1323c5229b',	'/app/uploads/55b9c16f-f012-4c9c-a527-6a1323c5229b',	'image/jpeg'),
('5651e3c7-dc8c-4f03-b117-a770f8418bcb',	'/app/uploads/5651e3c7-dc8c-4f03-b117-a770f8418bcb',	'image/jpeg'),
('57bb125f-b9ec-4097-b65b-1d6ec41fa0b3',	'/app/uploads/57bb125f-b9ec-4097-b65b-1d6ec41fa0b3',	'image/png'),
('5e99e931-633f-42d4-bbcd-cebc6d30b008',	'/app/uploads/5e99e931-633f-42d4-bbcd-cebc6d30b008',	'image/jpeg'),
('6046cfe6-d576-4797-8a9d-cfae586b54e7',	'/app/uploads/6046cfe6-d576-4797-8a9d-cfae586b54e7',	'image/jpeg'),
('6229a75a-9364-47d2-b82b-ac41672ac0f8',	'/app/uploads/6229a75a-9364-47d2-b82b-ac41672ac0f8',	'image/jpeg'),
('643bf671-3625-4a8f-9f98-7ccc0f5b63d9',	'/app/uploads/643bf671-3625-4a8f-9f98-7ccc0f5b63d9',	'image/jpeg'),
('66a10e62-bc75-4c9d-b7f8-05125e5337f0',	'/app/uploads/66a10e62-bc75-4c9d-b7f8-05125e5337f0',	'image/png'),
('67d502b8-2292-418f-8fde-4459bfe0a6a4',	'/app/uploads/67d502b8-2292-418f-8fde-4459bfe0a6a4',	'image/jpeg'),
('73472877-539d-453b-a58b-8eee03b62e5f',	'/app/uploads/73472877-539d-453b-a58b-8eee03b62e5f',	'image/jpeg'),
('741ef3c0-a799-4af1-a9ff-61f088fe3866',	'/app/uploads/741ef3c0-a799-4af1-a9ff-61f088fe3866',	'image/png'),
('77e57042-3488-4fa9-b918-831b42ebd3bd',	'/app/uploads/77e57042-3488-4fa9-b918-831b42ebd3bd',	'image/jpeg'),
('7bd2dde4-59c4-4d0b-aad3-fd5fd02facef',	'/app/uploads/7bd2dde4-59c4-4d0b-aad3-fd5fd02facef',	'image/jpeg'),
('7ebfac0b-439b-4026-bf7d-8ffd6008538e',	'/app/uploads/7ebfac0b-439b-4026-bf7d-8ffd6008538e',	'image/png'),
('808e0fdf-b92c-414a-b431-e8b68a0b9201',	'/app/uploads/808e0fdf-b92c-414a-b431-e8b68a0b9201',	'image/png'),
('811ecd31-9471-4867-9d7c-ed61bc5a3983',	'/app/uploads/811ecd31-9471-4867-9d7c-ed61bc5a3983',	'image/png'),
('82d97434-4185-4362-a609-5e082b8d5227',	'/app/uploads/82d97434-4185-4362-a609-5e082b8d5227',	'image/jpeg'),
('8483b886-6393-4284-bb20-bfc7d157640a',	'/app/uploads/8483b886-6393-4284-bb20-bfc7d157640a',	'image/jpeg'),
('84dcf6c7-e507-43e4-9860-cb86ea74998c',	'/app/uploads/84dcf6c7-e507-43e4-9860-cb86ea74998c',	'image/png'),
('878c1461-83a1-4031-9c50-542e32eb2636',	'/app/uploads/878c1461-83a1-4031-9c50-542e32eb2636',	'image/png'),
('8f9ce2f5-2a38-4200-b475-de1dc3b66307',	'/app/uploads/8f9ce2f5-2a38-4200-b475-de1dc3b66307',	'image/png'),
('946ef9f7-a468-49ac-bf43-3b97c25f35fe',	'/app/uploads/946ef9f7-a468-49ac-bf43-3b97c25f35fe',	'image/jpeg'),
('96c72355-c64c-40cb-a314-2187be9313fb',	'/app/uploads/96c72355-c64c-40cb-a314-2187be9313fb',	'image/jpeg'),
('9f4ed542-abc2-4a13-af0a-f71c03a46833',	'/app/uploads/9f4ed542-abc2-4a13-af0a-f71c03a46833',	'image/jpeg'),
('a1960b0e-7fa4-40d9-9a67-2fa82399504a',	'/app/uploads/a1960b0e-7fa4-40d9-9a67-2fa82399504a',	'image/jpeg'),
('a1d62d98-be32-4640-aa89-f802d942dd52',	'/app/uploads/a1d62d98-be32-4640-aa89-f802d942dd52',	'image/png'),
('a7b9f7e7-2d01-40d4-842a-f4d940e42874',	'/app/uploads/a7b9f7e7-2d01-40d4-842a-f4d940e42874',	'image/jpeg'),
('a821a240-2030-4028-a423-76beb411d80d',	'/app/uploads/a821a240-2030-4028-a423-76beb411d80d',	'image/jpeg'),
('aa0d541d-6309-4a07-b36b-fe69dce8a53d',	'/app/uploads/aa0d541d-6309-4a07-b36b-fe69dce8a53d',	'image/png'),
('b1ecfc0d-8219-4f22-a76c-c2eef35bc495',	'/app/uploads/b1ecfc0d-8219-4f22-a76c-c2eef35bc495',	'image/jpeg'),
('b2280dd8-e083-40f8-b95d-e805443a2559',	'/app/uploads/b2280dd8-e083-40f8-b95d-e805443a2559',	'image/png'),
('b2c72e0e-c5cf-4df2-85e6-ccad5ec4ce9f',	'/app/uploads/b2c72e0e-c5cf-4df2-85e6-ccad5ec4ce9f',	'image/jpeg'),
('b3fcf4ea-beec-462f-99d0-16fff76d04fe',	'/app/uploads/b3fcf4ea-beec-462f-99d0-16fff76d04fe',	'image/png'),
('b4132e6c-e57c-4fc7-8b76-545ee83076fb',	'/app/uploads/b4132e6c-e57c-4fc7-8b76-545ee83076fb',	'image/jpeg'),
('b465076c-3205-4305-a790-6966077bcf95',	'/app/uploads/b465076c-3205-4305-a790-6966077bcf95',	'image/png'),
('b728b6bd-1d06-4272-a3df-e615de5d8d29',	'/app/uploads/b728b6bd-1d06-4272-a3df-e615de5d8d29',	'image/png'),
('bc9fc258-38aa-4382-878e-9c8d288d696a',	'/app/uploads/bc9fc258-38aa-4382-878e-9c8d288d696a',	'image/jpeg'),
('bf8b78f9-7700-4e19-a3aa-11e68c6f3752',	'/app/uploads/bf8b78f9-7700-4e19-a3aa-11e68c6f3752',	'image/png'),
('c0ffb818-63a1-4189-b10b-08cf3f1131ab',	'/app/uploads/c0ffb818-63a1-4189-b10b-08cf3f1131ab',	'image/png'),
('c3070106-2ed5-4f40-b732-591f8d339e89',	'/app/uploads/c3070106-2ed5-4f40-b732-591f8d339e89',	'image/jpeg'),
('c94e18c4-83d3-4437-a1e1-a69eaa2266f9',	'/app/uploads/c94e18c4-83d3-4437-a1e1-a69eaa2266f9',	'image/jpeg'),
('ced119e3-025c-420b-890c-e74bb34b1105',	'/app/uploads/ced119e3-025c-420b-890c-e74bb34b1105',	'image/jpeg'),
('d14021f0-bca8-4555-8297-8d9a864ea57a',	'/app/uploads/d14021f0-bca8-4555-8297-8d9a864ea57a',	'image/jpeg'),
('d431b9b5-8916-4470-a7ba-20cfa61c30ca',	'/app/uploads/d431b9b5-8916-4470-a7ba-20cfa61c30ca',	'image/jpeg'),
('d9a55eaf-2a4f-433a-a067-ed9bbdf3bb5f',	'/app/uploads/d9a55eaf-2a4f-433a-a067-ed9bbdf3bb5f',	'image/jpeg'),
('e405eb16-b9cd-423e-a215-3e66d278c7f7',	'/app/uploads/e405eb16-b9cd-423e-a215-3e66d278c7f7',	'image/png'),
('e93d74ef-d3d4-40ef-acd7-7b2b5d33658d',	'/app/uploads/e93d74ef-d3d4-40ef-acd7-7b2b5d33658d',	'image/png'),
('ebfc3b90-fbda-481c-aaeb-46f046bb0fa6',	'/app/uploads/ebfc3b90-fbda-481c-aaeb-46f046bb0fa6',	'image/png'),
('f3160a7b-2200-40be-b9f6-d336a53ed385',	'/app/uploads/f3160a7b-2200-40be-b9f6-d336a53ed385',	'image/jpeg'),
('f47a50df-dae3-4bf5-b625-4e9b24bbcb31',	'/app/uploads/f47a50df-dae3-4bf5-b625-4e9b24bbcb31',	'image/jpeg'),
('fa094537-e346-4f9c-b87d-39fc8761e839',	'/app/uploads/fa094537-e346-4f9c-b87d-39fc8761e839',	'image/jpeg'),
('fac77eca-e836-4fba-a72c-ad4efb5aef8a',	'/app/uploads/fac77eca-e836-4fba-a72c-ad4efb5aef8a',	'image/jpeg');

INSERT INTO `flash_sale_product_sizes` (`id`, `created_timestamp`, `updated_timestamp`, `flash_sale_price`, `flash_sale_stock`, `size_id`, `sold_count`, `flash_sale_product_id`) VALUES
('10c8002b-78fe-46c3-b0e2-3a494885585e',	'2026-01-24 14:56:17.162848',	'2026-01-25 13:35:28.397926',	100000,	0,	'b1db3080-7b1d-44b1-b47e-591ec786b547',	5,	'9c63148f-ca51-4422-a793-3c8b9fcaf06b'),
('22f08e84-8470-464d-aa18-8406f4dbe4d5',	'2026-01-24 14:55:44.835803',	'2026-01-24 14:55:44.835823',	80000,	21,	'ba0f2d5c-703e-4a04-bdc2-3f2cc3919caa',	0,	'dec574bd-d0ae-42af-bf82-24f923037a7a'),
('33ed37ce-278f-45b2-af7a-13e42b05e9e0',	'2026-01-24 14:55:28.495301',	'2026-01-25 18:57:40.427374',	150000,	5,	'2bd5b0d9-7e09-49eb-944e-a805079fafc1',	5,	'dfa8ec67-27fa-4bc7-88ac-d724031c26ca'),
('4a86ee04-c7ab-4617-b503-6c09076580a3',	'2026-01-23 02:31:16.985067',	'2026-01-24 18:13:22.443495',	11111,	6,	'ba0f2d5c-703e-4a04-bdc2-3f2cc3919caa',	6,	'4c3d63a5-c9c5-486b-bc40-85a97df850cc'),
('4d45a9f2-62b8-43df-883c-cc804cda2ad2',	'2026-01-25 13:50:19.674500',	'2026-01-25 13:50:19.674513',	18000,	4,	'd378c686-4625-4aa3-98c2-fe7e7889b2d3',	0,	'6d3802c6-48ad-461e-8d03-86fa67b798cf'),
('98edb41e-9cf8-4e5b-88a7-45469952909b',	'2026-01-24 14:54:51.013837',	'2026-01-24 14:54:51.013856',	100000,	10,	'cff30908-31ef-41b6-a37f-b7c34be053e7',	0,	'ab65cc68-4230-492c-a310-e1ae77e1deab'),
('9a3ac5a9-08d6-4a30-96a7-b7badff8f2f4',	'2026-01-24 14:54:51.011564',	'2026-01-24 14:54:51.011583',	100000,	5,	'b1db3080-7b1d-44b1-b47e-591ec786b547',	0,	'ab65cc68-4230-492c-a310-e1ae77e1deab'),
('ba864aa1-c327-4c24-82fa-f042cc409e40',	'2026-01-24 14:56:17.164080',	'2026-01-24 14:56:17.164093',	120000,	10,	'cff30908-31ef-41b6-a37f-b7c34be053e7',	0,	'9c63148f-ca51-4422-a793-3c8b9fcaf06b');

INSERT INTO `flash_sale_products` (`id`, `created_timestamp`, `updated_timestamp`, `flash_sale_stock`, `original_price`, `product_id`, `rejection_reason`, `sale_price`, `session_id`, `shop_id`, `sold_count`, `status`) VALUES
('4c3d63a5-c9c5-486b-bc40-85a97df850cc',	'2026-01-23 02:31:16.981969',	'2026-01-24 18:13:22.431370',	12,	100000,	'c709fdb1-9747-4f41-85fa-96dfa4e4fa39',	NULL,	11111,	'd07333b4-5c67-4eab-aed1-974095c6617b',	'3af180f7-1b91-4780-8557-a11cf548ede5',	6,	'APPROVED'),
('6d3802c6-48ad-461e-8d03-86fa67b798cf',	'2026-01-25 13:50:19.663799',	'2026-01-25 13:50:19.663810',	4,	218000,	'05495c60-7d2e-434b-b886-c99bcaf8962d',	NULL,	18000,	'fa516d09-b6d6-479c-8266-ba1e582eba56',	'3af180f7-1b91-4780-8557-a11cf548ede5',	0,	'PENDING'),
('9c63148f-ca51-4422-a793-3c8b9fcaf06b',	'2026-01-24 14:56:17.160937',	'2026-01-25 13:35:28.394105',	12,	150000,	'701565a6-3c0b-4c55-90a9-7835c531f37f',	NULL,	100000,	'fa516d09-b6d6-479c-8266-ba1e582eba56',	'3af180f7-1b91-4780-8557-a11cf548ede5',	5,	'APPROVED'),
('ab65cc68-4230-492c-a310-e1ae77e1deab',	'2026-01-24 14:54:51.007189',	'2026-01-24 14:56:25.575292',	15,	150000,	'701565a6-3c0b-4c55-90a9-7835c531f37f',	NULL,	100000,	'32546c12-fb83-4e1a-b971-8fa5af4a1cf6',	'3af180f7-1b91-4780-8557-a11cf548ede5',	0,	'APPROVED'),
('dec574bd-d0ae-42af-bf82-24f923037a7a',	'2026-01-24 14:55:44.833261',	'2026-01-24 14:56:35.773708',	21,	100000,	'c709fdb1-9747-4f41-85fa-96dfa4e4fa39',	NULL,	80000,	'fa516d09-b6d6-479c-8266-ba1e582eba56',	'3af180f7-1b91-4780-8557-a11cf548ede5',	0,	'APPROVED'),
('dfa8ec67-27fa-4bc7-88ac-d724031c26ca',	'2026-01-24 14:55:28.493690',	'2026-01-25 18:57:40.422616',	10,	300000,	'ae641784-d4ce-4c68-8880-515f2178158c',	NULL,	150000,	'32546c12-fb83-4e1a-b971-8fa5af4a1cf6',	'3af180f7-1b91-4780-8557-a11cf548ede5',	5,	'APPROVED');

INSERT INTO `flash_sale_sessions` (`id`, `created_timestamp`, `updated_timestamp`, `description`, `end_time`, `name`, `start_time`, `status`) VALUES
('32546c12-fb83-4e1a-b971-8fa5af4a1cf6',	'2026-01-24 14:52:50.990685',	'2026-01-24 14:54:07.215602',	'Mua sắm cận tết sắm đồ tết đi',	'2026-01-30 04:00:00.000000',	'Sale Cận Tết ',	'2026-01-24 02:00:00.000000',	'ACTIVE'),
('fa516d09-b6d6-479c-8266-ba1e582eba56',	'2026-01-24 14:54:02.343223',	'2026-01-24 14:54:10.640215',	'',	'2026-01-28 04:00:00.000000',	'Sale 25 Tết',	'2026-01-26 02:00:00.000000',	'ACTIVE');

INSERT INTO `identification` (`id`, `created_at`, `full_name`, `identification_number`, `identification_type`, `image_back_url`, `image_front_url`, `updated_at`, `user_id`) VALUES
('17eb7d4a-4c74-4c9a-a578-4febb6d595b5',	'2026-01-23 06:25:18.116188',	'Pham Gia Huy',	'012345678901',	'CCCD',	'data:image/png;base64,iVBORw0KGgoAAAANSUhEUgAAAlYAAAG0CAYAAADwwWkLAAAAAXNSR0IArs4c6QAAAARnQU1BAACxjwv8YQUAAAAJcEhZcwAADsMAAA7DAcdvqGQAAFBSSURBVHhe7d1/cBznnd/5T4MgqB/mwKIky8naiYXRwPQiSAhJi1swZnbLBmCAVG0Rt2CuUqk7GkkW4yVzhIAorKASVnmXV0EVVwEI3oFnYHPBMVV3e2dgA9auCHAHlLMXOoQDSwISGll4hgMlkbOxRJHSDC2KBCn2/dHzo6enZzADNIAB+X5VTUno5+mnn366Z+Y7z/eZofH222+bgUBAAAAAWL1IJCLj+vXr5o4dO5xlAAAAKMKdO3dkxONx01kAAACA4pU5NwAAAGB1ip6xMs0Huv7JvCIf/l+qeMxQ1ef/tnbt+GsyDGI0AADwaCsqsPrF8n/Vuzf+SO99/KaWH3ykx5/cpse279JfeOIb+tLOA3qi/JecuwAAADwyCgqs7t7/WO99fEnv3vxj/eLuz2SaD7RtW7ke/9w2yfhMhsr0RPmX9OWdB/TFJ76pim2VziYAAAA2zaeffqrHH3/cuTlDIXVWsmL+7r0Pp/XvfvZd/eS/DevW3fdkypTv8b+s2l/6e/ras39Xn6v4y5JM3b7/nsIf/b6u3vyu/uutf+1sBgAAYFN8+umn+pVf+RX98Ic/dBal/PCHP9Sv/Mqv6NNPP3UWFWXFwOrfv/q/6uaPFmQ++EyPbX9KX33uN9Xg/8eqerZVX/Z9S3Vf/Ef6yufbtKP8KT0wH+jtd2/rH//hnzubcWWaIXX5fPJ1hVy2N2oouuJkWtFMM6qhRp98vsSjcUhR0/vjeMGMDqnRw3EIdfnUFUq35TbOZqhLvq6Q58dOcjsmAADr6fHHH9f3vvc9HT582DW4+uEPf6jDhw/re9/73vrPWJmTD1T2j8u16+Ju7a36J/rlv/i39WTFF2SaD2TqgR4vf1Yv7Ppb+trT/1CzC/+jhic7NPNndc5m8qhX/UJ7xhv+ejGjQ2qqrFP4eEzxeFzxeFyxYenitLPm5nAGHYb/qC7FL+mo33BWXZWmAx0avWA72aWIFjSriYtLtk0Lqq/2e35sAAA209e//nWdO3cuK7hKBlXnzp3T17/+9Yx9VmPFwErbJN2QKsPP65cqG1RRvlMy0m+29x+Yiv2iTJ/c+pqW/uvXFb/9OZUZDzKaWEnb8T4tnDq7rjNHphnV2WCvasZjGmxO99/wH9VR298PNX+16hciqXFeujihmr4+KRyVEmN0cUJqa6ly7AgAwNbnDK68DqpUUGAlyTQklZkyjG16bPvn9UTFMyove1yf3CnTz29s04exMt29Z8owHsjQKoIj/xEdr+lV8Gx65sTOSksl03ddCplmRlrLOdNjRofU6EgvaumiJmY7dKApc7Nd5nFc2h/qSpU1DiWDkdxl2W1afbf2y0xJHvuTkF6tbNeoZtVbV2ml49zOq8j+ZahqUZsmdHEpHURVtwRUM3oh0a+owrM1ClRljml0qDGdOvWlU7ehruxtyf26uhpT52vvd9PZiKNTAABsHHtw5XVQpUIDK6dtZTtUvu3zuhnfrk/vWrM9tkmsVWk6Pa6a3mDW2hvTDOnVugm1zVnpu9i4dOrsUmZaa/qCFuqVSmktXZyQqv0Z7UiS6qvlslVKHcea0YrH44rN9WmhvcnWn1n1hg8k+tCh2d4zqSApV1muvptmVGeb6jTRNpdKSZ75VrNOx8bVoXr1zcUUH2y29W6t/bMYhl+BmtnEBFVUYbWppapJBzoWFFmyxnG044CaHRfTf/SS1W5sXB3q0PhpKzptHkykU2Pj6hg9ldGXhephxeODatJ0Rr+HNaHRjNYBAHh4FBxYmYYhldnfcA3JTAdURuKxWobRrNPjNeo941jwlFgH1FtXKZ/Pp8r2Uc2GoxlprekLC2o73iZNXFQ0XzprNiyXeRzLUkQLSs9oGf6jOt6RDEIkqV59xxKFTQfUoUQwkq8sV98Ts2fHj7j0MZc19S8tFZBOX9BoTUB+w5C/2gpKk+urcpl+tV0aP50KvMyQNUNWWdnuCJbq0+O/FNFCfZ+SXas6clwdGXUBANg49vSf25qrtVoxsDIl7Sgvl+/PY7r/75ck5yxI4r/vxqQb5uPaVl5u7bQaTcfUt9CuV7MWk3doPJZecB4fbLaltaZ1YaFNLU0talNY0aWLmlCbsuKqqha11Y/KvnZ7Y7j0fTMlAtLpyII6ElFaVUubFL6YOyBNBFHtGk+tTzOjQ2pql8ZjMcVic+qrd+4BAEBpca6pcq658sKKgdUvVVZqz9Nf1F/8zx8p3jmoT35vXA9+9qGMsjKVlUnXP5X+8KeGBt8q0wdllar8pef0uad2OpspiGH4dWS4TwvtthmQqoBqNKpTjvVXhuFXS5s0ETylhbYW+Q2/WtoWdOFMWGprkd+RzjIMv44c79Boe2XmTw5EhzQUMlPHSQZeZnRIp0bzr8laUY6+J4O8rO35eNW/qha1qVftvbZsaVVANaO96k2sr3IyzZCsySrbwaJhzSZTq0sXNTFr28GuKqCa2V4lJyKXzp4iFQgA2HDOoCrJ6+BqxcDqrw106en/7pdlbCvTgw8+1u2zf6zY3+3Xrf/7T/Wn1z5T/4/L9EfXDH18V9pWJr34/JM62b76f9rG8B/VsG36wzCadXquT+qty1ooXdXSJs2mZ1mqWtq0MLqQc9bFaB5MrE2yUnM+n0+VQamlKX2cZFll3YTa5tJpr9XI1XfD8OvI9LhqbNu7QqYMo1kHOtKL193aWmv/rIC0XqpPz+pZx5Xksr5KiRTgqEbVXpkYt8YhRRv/Z/WpV3WVlaoMhlWTY8bKSvFaAa3P51NQbaQCAQAb6tNPP9V3vvOdrKAqKRlcfec731nzD4QW9E/amB/9Qg/e+LHuf/+yzP/8gYzPPtP7u55R96Hf1p9/7iltk6kvVxo6uHu7vuXfps8/lv3mDAAAsFkK+edqCqmzkoICqyTzv1zX/e9flt74sf78Xrl6Dn1Hd7/4tL5VVaa23dv1JR8BFQAAeHQVFVhJkj57oAc/DuvP/59/p9GGb6ll3xf00l8oy/zCIAAAwCOo+MAKAAAArlZcvA4AAIDCEFgBAAB4hMAKAADAIwRWAAAAHiGwAgAA8AiBFQAAgEcIrAAAADxCYAUAAOARAisAAACPEFgBAAB4hMAKAADAIwRWAAAAHiGwAgAA8AiBFQAAgEcIrAAAADxCYAUAAOARAisAAACPEFgBAAB4hMAKAADAIwRWAAAAHiGwAgAA8AiBFQAAgEdWFVhFhxrl8/lSj8ahqLPKpjJDXZ73q9TP2Wk9xgAAAORXdGAV6vKprndWHeMxxeNxxWLjanNWKlDyzb8rZDqLSoqX57xetspYAgDwMDPi8XjB78RmdEhNdb2a7RhXfLDZWVy0UJdP7aNSx3hMg82Gs7gkeH3O62UrjCUAAA+7omasli5OaFZSx4EmZ1FW6imZOusKmTLNkLpsaTRfVygVCEjSaHulfF2hjHacKTczOqRGn0++xkbrvz6ffL5GdXXZUnSONhqHolkpPJ/PJ1/jkKKmmW7Tsd0u3zkrX3+T2+39TR43T5ns51pAWeNQ1HUsnddjNf0EAADFKSqwioZnJdWr2u8syW/61XaNql59c1YqLT7YrObBuMY7rPKO8Zjig80yQ12qtKZdFI/HNddXr9neOkd6q03DsZjm+uolzWpUxxWLzamvXtLoKQ1FMwMC/9FLqfSddbh69Q0fUZWm9WpyJioeV2yuT/Wzvap7dTpj/3znXHR/Z3t1JqP57DLTDOXsV2r2rL5PczFrLC8d9buOpd3a+wkAAApRVGBlmVW4yPXQ/morCOqtq8y7mHr6gjXtkpwdqmppU72k0Qu2d/magPxGOtVVX+2XYfgVqElXcWMFd1J937CO+g1p+oJGJWm0XT6fT5V1vZp17pTifs6r6e9CZCl/WZ5+JWfP6ttaMvZbyZr7CQAAClJUYNV0wJoWKfZN13/0kmKJKZXZ3roNTzVFhxqtVFl9n4aPVEmSliILkqT6vjlrFi35cMz2rPacV6uQftUErHMAAAClpajASk3HZGWK0mkk0wxpyDYLNZuY2rFSaGlG86AtHWexZrLSnEHMSuubCmFGhxTstdJ5fcNHUrMyyVmb2d4zCiXXL4WGslKJ+c55Pfqbr1+pmaZTZ7MCU+dY2q1HPwEAQLaiAivD8OvItLWeabS90kpVVbZrQukAJJnCOrWQfqMPdVmLoisrE2utEgFO1ZHj6rAtuDaaBxUb77BmtXzWTxzU982t+ltupvlfdDaYTKVZqcjk4uylqiOanutTvUbVXpk4l/YJZxN5z9nr/kqS4T+as1+pstle1SXKkqlV51hmtLkO/QQAANmK+rkFAAAA5FbUjBUAAAByI7ACAADwSFGpQJ/P59wEAADw0IvH485NrooKrAAAAJAbqUAAAACPEFgBAAB4hMAKAADAIwRWAAAAHiGwAgAA8AiBFQAAgEcIrAAAADxCYAUAAOARAisAAACPEFgBAAB4hMAKAADAIwRWAAAAHiGwAgAA8AiBFQAAgEcIrAAAADxCYAUAAOARAisAAACPGPF43HRuxPq7f/++3nvvPcXjcZkmlwAAgFJjGIYqKyv15S9/Wdu2bXMWuyKw2iTvvvuunnrqKX3pS1+SYRjOYgAAsMlM09TPfvYzffzxx/rKV77iLHZFKnCT3Lp1i6AKAIASZhiGvvSlLykejzuLciKw2iQPHjwgqAIAoMQZhqEHDx44N+fkSWBlmiF1+Xzy2R6NQ1FntRQzOqRGX6OGot5mIVP96Aq5bPf+eAAAAHaeBFaWevXNxRSPxxWLjaumty4rwEky/Ed1KX5JR/3rMWNTr/qFdnWFCKIAAMDG8jCwSjOMZp2e61P96AWFNuEbb23H+7Rw6qyim3BsAADw6FqXwEqSVNWitvpRXZhOp+K6uhrl83XpTx5Yf/9v165pqNGXMbtkhrrkaxxS1DQTKcNkerFLIdPMass1cPMf0fGaXgXPLjlLJEmhLlvaMjGrlkoXhtLH7AqZig41uqY3Xftm6/vaTSlo7NVAxLndK1MKGoYM22NvxsGyy4NTtmKHyMBeGcGpovdz58W552sjX1kuq9nHA5EB7d2M4xZjKijDCCrjMk8Fc9xXDm77JkQG9srYO6CIpKngCu14Yr2vcfZzg+dcPul9Nub6A95Yv8Aqy6wWqocVjw+qOZEBNAy/jhzv0OiF6VSt6Quj6jh+RFWa1qt1E2pLphfHpVOpQMnelns6sen0uGp6g67rqpoH46mUZcfoKVudWfWekoZjMcXGOzTaXqmghhPH79Bs75lUcJe7b1tJg/rDpkzTlGlOqranOvFC7VIe7tfV/e5vgIoM6PDYIYWHWxMb7O2aSm1G8QLdumJeUXfAWVAKIhrYa8g4L3VmbJ9ScL80mbqvDru8oebaN2lKr/fMpP5qHQ7r0JhbO1sNz7nVeHiuPzbb8vKyc1OGlcoLsc6BVb2q/en/b2upyiyWpKYD6kikDE0zpAsLfTrWJGkpogXNqreuUj6fT5Xto5oNJ2eMcrRlYxjNOj1eo94z6aAtyQx1WW1Wtms0o6RefcNH5DcMq1/24zQdUIcWFFnK3TejeVDxS0et/becVg2H+9Uwct79hTywW7W6qkWXF7bIG2PSoVdUku/9WNFUsNiZhKSAuq+YMocPZm6eOq+RzoOy3ttb9Vq/NPaG8wA59k2IDJyU+vvVkNoSUPeJWvW87np3blE85wr3MF5/bLTl5WV997vfVTgcdhZJksLhsL773e+uObhav8Bq6aImZmsUyB//yDCadaxvQafOLmnp7CkttLXYApMOjcesWaF4PK74YLNj7xU0HVPfQrtetcVWZnRITe3SeCymWGxOffX2HYqxxr4VaSpom+oPTqU+8Wd82J0KZqROMusXIPCKDjWM6Lxb9anzGuk84TJzEpH1Gp9V4JCY1p8a0F5buiIysDdHWkTStXTdjLJIentGGsm2fe/AYrp+EWUFt5cl//VwP4Y1JsHgXhlGUJPJWRzb+GSlUDLasR8vUW+gwBScEv0zDJ0/6O2MWGTxqhp2v5D6O7C7VjOL1zLq5BUZ0OHFExp+xbH9hd1quLpojaeTl+OSkP0cyn+Ns+sXgOdc4e3lu/5AASoqKvTtb39bIyMjWcFVOBzWyMiIvv3tb6uioiKjrFjrElhZqbJe1Yyfzpmqs6tqaZMmzujMRI2OH0lEYlUB1Wh0TSk2w/DryHCfFtptM1PRsGbrq+VXMvjL2KUwOfrm7RqrTK3D6fRB58hJDUQC6j7RqRHbK/LU+RF1nuhWwLV+RnMFmlFPdeLFb7806ZpfuKbFmVrtzniNt+2XsX5mRj0npXOmKXOyUyP7DR3WOaufk52a6XndvW64X0qlk6YUrB7ToWTaY1I6ORBJbO9R7aS1/ZzGNJJqa6WyYttzk+965DqGJM3o6u5zMs1h7Z96XT21k3nSOZl9slJF9tmmGfUsHswxnjbJN6/zVt2M4zgClOSj0Dhh7SIaODymQ69lnbw1gzOzqOwQzaNxcch+DuW7xm71M5orEM85933yXX+gcNXV1ers7MwIrpJBVWdnp6qrq527FM3DwMqWGqs8peq5mAaTi6lWUtWiNo1qtOZAKhBLfrNQvXVZC82LYfiPatg+LdV0TH3qVV1lpSqDYdWsYsbKq74VJbUYeH/6xab1oDpTaYQpnb/ar9T7kVv9gjQoPdlgX++xWycLXnxqX+8xnEgJJbafs96E1HpQnWpIf+puPajOjLSHrW6gWyc6Z7R4TVJkUVcz3nxGrNmQyKKuNqTPP9B9Ir12Z6WyYtvLJdf1yHUMSbKPwQu71TCyP3sWISmyqKvq1MHkgNrHRbLGLNnhrPFMm3q9RzP2unaBbl1JBHb2h+v7+zqIDBzW2KFzLrM0kvSCdje4nJNH45LF7TmU6xrnql8QnnMrtiflvv5AkezBVSgU8jSokleBlWE0azCZEovHFXf8RpVVnt6W/bdfRy9lp9Os37uytTvYnLVvRv0cZf6jl1J9Sh0rHlf80qAGLyW3O/u0wt9ufVuvNVaRAe1NLQYOqz+18KRVr/Vf1cmBiCIDJ3U1ueYiZ/0VRN7QWNYn4YTAKzrUYH+z2kgRLV61/92ZOLfEY83v+l61l+N6SIUdIxHUnNPhdZ0lsmZWzkmHnbMb3nCm/pypwdysBeszPdXWG251j2ZmelSdTKe6ztSsk5zPoRzXOGf9FfCcK6K9Dbz+eOglg6tQKORpUCWvAiusg6nzGmk4pFcCkq4taqZht15Q8oU4XS3wyiFp7HW9PlarE8mP+Xnq55achrd/2rWJvKGxGfsn66T1+hQ5k17wHHlDYzOJGYnAbtVqxJZKSwjsVu1Mj5JrWyMDJ9OzBiuVFdteHq7XI9cxcgh0X1G4v0FXnYOaaCeViYoM6OSIbaamKInF4+ZBnc+zhiv5KCrIe2G3bUH2lF7vSa4HWukr960atr/ZhvvV0NCv8JXELEpkUVeT97WdV+PCc660n3O5rj+wStXV1fqn//SfehpUicCqFCV+k2b/VdsU/mvqV4+qDUPG4UXV2j8NB17RIY1opDb5LawV6mewr8s4qd1hZ8rHVl49pkNht0XOAb1yyPmtL3u7LgtkC9Kg2kVr5sbIePOxvkml5KyGkVwo3KrhxBoSwzB0WIdsaYQVyoptz74o3cnteuQ8hoPtt5+qe2xv2ilWO1cTfbKuSY435YK1atj+cw5epAID3boyKe03DBnGfmnS7b5ZhWuLmqnd7fJNuLWOC885Swk/55Tv+gOrt9aF6m6MeDzu/UprrGh+fl779u1zbt6aIgPae1g6l5xZeMhNBQ2dP+h8Q8T6imjAuslcAo1H0CP2nOP6Y7NdvnxZe/bscW52xYwV1i7QrXOHxlTtNgvz0JnS+dWkmbAmU8Fq9dS6/fTAI+qRes5x/bG1MGO1SR6qGSsAAB5izFhtAWVlZTLX4feuAACAd0zTVFlZ4eFS4TXhqZ07d+pnP/sZwRUAACXKNE397Gc/k8/ncxblRCpwk9y/f1/vvfee4vE4wRUAACXIMAxVVlbqy1/+srZt2+YsdkVgBQAA4BFSgQAAAB4hsAIAAPAIgRUAAIBHCKwAAAA8QmAFAADgEQIrAAAAjxBYAQAAeITACgAAwCMEVgAAAB4hsAIAAPAIgRUAAIBH+LcCN8n8/LxzEwAAKFF79uxxbnJFYLVJ5ufntW/fPudmAABQYi5fvlxwYEUqEAAAwCMEVgAAAB7xJLAyzZC6fD75bI/Goaiz2qpZ7TdqKErWEgAAlC5PAitLvfrmYorH44rFxlXTWydfV8hZKQMBEwAAeJh4GFilGUazTs/1qX70gkImQRMAAHg0rEtgJUmqalFb/aguTFt/hrpsqcKukEwzpFcr2zWqWfXWVaZmt5z1MkTPqtEl1ei2j2lGNdSY3t4VsgI8MzqUasPn61LINGWGuuRrHFK0ZILAKQUNQ4btEZxy1vFeZGBvxjFTj3U5ePY57h2IOMr3KmMTAAAlbv0CK4fmwXgqTdgxekpnl5p0OjaujmQKcbDZtV46TTir3lPScCym2Fyf1BtMlbnuM31GvTXjisetssFmwwrm6ibUlkxZjkunzi7ZellKGtQfNmWa1mO41VnuvUD3ldTxTNOUOdkpqVOT63Zw+zlOqranep2COAAANsY6B1b1qvZb/2eGuuTz+VRZ2a5RZzWb3PXq1Td8RH7DkOE/quMdswonJq1c9/FXq360PXMR/VJEC8kZMp9Ple2jmg1HZTQPKn7pqPyGka77yJtScP+IOieHtV5hVaZWDYf71TByXoRWAICtav0Cq6WLmpitUaDKSr81tUvjsZhisTn11TsrWwquZ0YVWUj8f459DP9RXYrHNaxgRipQ6tB4zJqxisfjqZmyrSOigb0uKcLIgPa6pg4TKbWpdHlwKjPtl5mCs0QGTmqkczJzpmylYwwE3dvM2C+YO3AKvKJDDSM6b69wLb2vWz8BACgl6xJYWSm3XtWMn1azYUjRsGbrq+VXMuBy7pGQt96sJi4m0nZLFzUx26EDTSvtI/mPXtJcX70WIktSVUA1Gs1K/5XeGitJmlFPtTMYiWhgb7XGDoUdKcIpBat7VDuZSKuF+3V1v3190ox6TkrnEum9kf2GDutcKt030/N6ZrATGdDhHqn/NXtUVcAxFg+6tDmlYPWYDiVTfpPSyYIDJFu/w/1Sz2HWXAEASpqHgZUtxVZ5StVzMQ02J1JrTcfUp17VVVaqMhhWTXJWyWjWgQ7b4vUc9Sz1qglbs0+V9qAtxz7J9KDP51Ndb42OH6lKfVtRvXVZi91Lj339USIdF3lDYzOdOtEdyKwaWdRVdepgMg4KdOtE54wWryUrNKj/XLcCktR6UJ1q0KFXEm20HlSnrmoxFbBENHC4R+o/p4zDFHKMZCBmbzOyqKv2IHH/iGbSO7lo0O4X0v+f6nfW8QAAKD2eBFaG0azBZGotHlc8fklH/en1Sobh19FLibJLgxq8lC5PLjyPDzbnrGe1f0mDg5cyFqPna9toHrT1Z9AKwmwpQnsqkDVWaZGBw+pRv845g7c16dSkfVF8rsXwkTc0NlOr3a6HjmjxqnMbAAClxZPAChsksQYpK5UW2K1a2dYmRQZ0csQ2u1SwKb3eo/Qskd1qj5HYL6vPWZKpRvti+RmNvZHYLzFbt+LxAADYRARWJcu+xiq5cDug7iuJnyXIWEBufaPu6v5E/eoxHQoX/22+qeB+jTiOaxjJ37Fa7TGs/WTrc/onFezHOqndYefPSjSodvFw4njOoAsAgNJjxOPxUlqx/ciYn5/Xvn37nJsBAECJuXz5svbs2ePc7IoZKwAAAI8QWAEAAHiEwAoAAMAjBFYAAAAeYfH6Jpmfn3duAgAAJarQxesEVgAAAB4hFQgAAOARAisAAACPEFgBAAB4hMAKAADAIwRWAAAAHiGwAgAA8AiBFQAAgEcIrAAAADxCYAUAAOARAisAAACPEFgBAAB4hMAKAADAIwRWAAAAHiGwAgAA8AiBFQAAgEcIrAAAADxCYAUAAOARAisAAACPEFgBAAB4hMAKAADAIwRWAAAAHiGwAgAA8AiBFQAAgEcIrAAAADxCYAUAAOARAisAAACPEFgBAAB4hMAKAADAI0Y8HjedG7H+5ufnnZsAAECJ2rNnj3OTKwKrTTI/P699+/Y5NwMAgBJz+fLlggMrUoEAAAAeIbACAADwCIEVAACARwisAAAAPEJgBQAA4BFPAivTDKnL16ihaPoLhm7b1spq0ydfV8hlu7fHAgAAKJYngdXGqlf9Qru6QgRRAACgtGzBwEpqO96nhVNnFTUJrgAAQOnYkMDKNKMaavTJ57MeydkmMzqkxsQ2n69LIdNMpfW6uhpT27L4j+h4Ta+CZ5ecJZKkUFf6WMm0YSpdGEofsytkKjrUmKrbOBRNteHat1CXfI1DGxDQRTSw15BhWI/glLV1KpjeZiQ3AgCAkrEhgZWmz6i3ZlzxeFzxeFyDzYZMM6RX6ybUNhdTPB5XbFw6lQqUZrVQPax4fFDNhuFozNJ0elw1vUHXdVXNg9ZxYrFxdYyestWZVe8paTgWU2y8Q6PtlQpqOHH8Ds32nkkFd7n7tgGmXldP7aRM05RpmhputTa3Dlt/m+akOkdOaiDi3BEAAGymjQms/NWqH23PmBHSUkQLmlVvXaV8Pp8q20c1G06W16utpSpd14VhNOv0eI16z0w7i6yZJZ9PlZXtGs0oqVff8BH5DUNqOqAO+3GaDqhDC4os5e6b0Tyo+KWj1v7r6YXdahjZr73OyGkqmJix2q+RzBIAAFACPAqs/Kqud2xaimhBNQpUSYb/qC7F4xpWMCMVKHVoPGbNCsXjccUHmx2NrKDpmPoW2vWqLbYyo0NqapfGYzHFYnPqc/arYGvs21oEunXFNHVOh9OpwMiA9u6XJk1TphlWf4NzJwAAsNk8CawMw69Azax6g+kF5dNnejXbcSAjlec/eklzffVaiCxJVQHVaHRNKTbD8OvIcJ8W2m0zU9GwZuur5ZekpYuamM3YpTA5+rZxa6wsge4rCvc36OpiRLq2qJmG3XpBkiJvaGzGWRsAAGw2TwIrSWo6Pac+9aqu0kqftS/0ae50k2RLzfl8PtX11uj4kSorlTfXJ/XWZS00L4bhP6ph+7RU07FUPyqDYdWsYsbKq76tWirlZ6i6p1YnugNS62vqV4+qDUPG4UXVMmMFAEDJMeLx+MZMvyDD/Py89u3b59wMAABKzOXLl7Vnzx7nZleezVgBAAA86gisAAAAPEJgBQAA4BECKwAAAI+weH2TzM/POzcBAIASVejidQIrAAAAj5AKBAAA8AiBFQAAgEcIrAAAADxCYAUAAOARAisAAACP8K3ATcLPLQAAsHXwcwsljn+EGQCArYF/hBkAAGATEFgBAAB4hMAKAADAIwRWAAAAHiGwAgAA8IgngZVphtTl88mXejRqKLo1vmxo9X3r9BcAAJQuTwIrS7365mKKx+Oa65N6g2cVNQlWAADAo8PDwCqt6shxdcxO6OKSswQAAODhtS6BlVOoy5Ym7ApJkkwzqqHG9PaukOm6LdRl/dfaJzNtZ0aH1JhsLzqkRls60rlPV1ejfL4uhUwzo27T2Uiqn2aoS77GIWbaAADAqqxLYLV09pRG69vUUmX93TwYVzweVyw2ro7RU1ZgNH1GvTXjisetssFmw3Vb04EOjV6YthqavqCFemkiMRW2dHFCqvbLNEN6ta5XNeNWKjI216eF9ibbuqlZLVQPKx4fVJOmM+oOa0KjiVqlZCpoyDAM7R1IB35u2wAAQOnwMLCaVW9dpXw+n+p6azQ+fUR+w5CSM0E+nyor29NBjL9a9aPtahyKppvItW0hoqhpavrCgtqOt0kTFxU1o7o4IbW1VElLES2oQwearF0M/1Ed75hVONVMvVVPsurW9+lYom7VkePqSNQymgcVv3Q01e/NM6XzI9b/zfS8rqmc2wAAQCnxMLBKL16PxwfVnAyqokNqapfGYzHFYnPqq7dqG/6juhSPa1jBVOrObZuqWtSmCV1cmtaFhTa1NLWoTWFFly5qQulZsYdLqw52Wv/X0P+aWnNuAwAApcTDwCqHaFiz9dXyS9LSRU3MZhb7j17SXF+9FiLple72bYbhV0ubNBE8pYW2FvkNv1raFnThTFhqa7Fml6oCqtGokhlDMzqkU6PpGawMVQHVzPbqTKLu0tlTqVm0Ulpj1TpsyjRNXekO5N0GAABKx/oHVk3H1Kde1VVWqjIYVk1ixiqZHkymDo8fqXLdJklVLW3SbCLtl/h7YXQh9bdhNOv0XJ8W2q1UZGXdhNrmTqdmzewMo1mnxzs0mqgbVFsqFQgAALAWRjwe3/zpmUfQ/Py89u3b59wMAABKzOXLl7Vnzx7nZlfrP2MFAADwiCCwAgAA8AiBFQAAgEcIrAAAADzC4vVNMj8/79wEAABKVKGL1wmsAAAAPEIqEAAAwCMEVgAAAB4hsAIAAPAIgRUAAIBHCKwAAAA8QmAFAADgEQIrAAAAjxBYAQAAeITACgAAwCP88vom+/c//0z/x9vLunn7gbPI1a4nyvR3X6rQX/viNmcRAADYZARWm6zrwqdq/dqTaqt9QuVlhrM4w/0Hpiau3tbUn32iwQOPO4sBAMAmIxW4yW7cfqCDfyV/UHX3vqkfvntHD0zp4F95QjcKnN0CAAAbi8CqBGzfljuokqTByzH93r/+WD/6z3dz1jXNkLp8Pvlsj65QaU1GWn1s1FC0tPq1GRgLAHg4EViVuDcjn+rfvntHzzy5TS/+UoWz2KFefXMxxeNxxcY7NNr+qkImb9wAAGwUAqsS9t/in2nkR3GVGVL3r1XqczuKuFxNB9ShBUWWnAUAAGC9FPFOjfW0/Jmpy0t3tPyZNcP02QPpn/1/H+vOPVO/+Vef1F/54kqzVQ7TFzRa36aWKutPMzqkxlSasEsh00yno0Lpsq6QqehQYyqd2DgUTTXpRRuSpOjZVN1C2+/qakxtS9V3Oba9vVCXLTXaFUrsE9VQY2a61G1bqCudSnWm7czokBqT7WX0OXsfe7/tdZvORlL9BAA8PAisSsSP/tNdvf6nH2voh3FJ0h/M3VLk+j0Fnt2uv1W301k9h1n11lXK5/Op8sIBxS8dld8wZJohvVo3obZUmlA6dTY5lTWr3lPScCyWSB9WKqjhVDpxtvdMKsBZaxtZdef6pN6ghqIrt79QPax4fFDNhnONmXt7ktQ8GLfaio2rY/SUtX36jHprxhWPW2WDzYbrtqYDHRq9MG0dYvqCFuqliYtWf5YuTkjV/kSfe1UznujzXJ8W2pts66bS/W7SdEbdYU1oNHkKAICHBoFViXjxSxV66oky/Wn0U5378S394X/4RI9tN/QPfu3z2lbwVbLWWMXm+lQ/eiEdzCxFtGAPutpHNRtOzuzUq2/4iPyGkUgf1qstOc1lTyd60YajruE/quMdswpHV24/1V6WHO1JMkNdVluV7ekgxl+t+tH2zFm0XNsWIoqapqYvLKjteJs0cVFRM6qLE7L6sxTRgjp0oMnaxXn8jH4vRbRQ36djibpVR46rI1kNAPDQKPgtG+vrczvKdGRvpSTpX139RA9MqfNXffoLvuJ/CNTwH9Vw34JtxkeSOjQes2ZL4vG44oPNtrJCedFGmmlGFVmwb1lb+/b2zOiQmtql8VhMsdic+uqt7Yb/qC7F4xpWMJW6c9umqha1aUIXl6Z1YaFNLU0talNY0aWLmlA6xQoAgB2BVQmp/0s79Ot+64c///rzj+mbgdX/CGjVkeOqSabFqgKq0agj0CqSF21IkmZTKTUtXdTEbGLGZ9Xt52gvGtZsfbX8qe2Ze/mPXtJcX70WbKv77dsMw6+WNmkieEoLbS3yG361tC3owpmw1NZizc4l+pzMGJrRIZ0aTc9gZagKqGa2V2cSdZfOniIVCAAPIQKrEnAvsWBdkn77r/t0bF+ljn3dmr1ystfNxzCadaxP6g2e1ZKadHquT+qty1rMXSjDaF5zG5Z61YStmaHKul7VjJ9Ws2GsoX339tR0TH3qVV1lpSqDYdUkZqyS6UGfz6e63hodP1Lluk2SqlrapNlE2i/x98LoQurvZJ8X2hPpy7oJtc0lju9gGM06nVh/5vP5FFQbqUAAeAjxT9psMv5Jm9UzzZBerTyl6rlpHfXnHzsAADYCgdUm4x9hXj0CKwBAqSGwwpZFYAUAKDUEVgAAAB5h8ToAAIBHCKwAAAA8QmAFAADgEQIrAAAAjxBYAQAAeITACgAAwCMEVgAAAB4hsAIAAPAIgRUAAIBHCKwAAAA8QmAFAADgEQIrAAAAjxBYAQAAeITACgAAwCMEVgAAAB4hsAIAAPAIgRUAAIBHCKwAAAA8QmAFAADgEQIrAAAAjxBYAQAAeITACgAAwCMEVgAAAB4hsAIAAPAIgRUAAIBHCKwAAAA8YsTjcdO5EevPNE1dv35dH374oZaXl53FwIoqKir0zDPP6Nlnn5VhGM5iifvsoVHItQZQGgisNsn777+vO3fuqLq6WhUVFc5iYEXLy8sKh8N67LHH9NxzzzmLJe6zh0Yh1xpAaSAVuElu3LihQCDAmx1WraKiQoFAQDdu3HAWpXCfPRwKudYASgOB1SZZXl7Wjh07nJuBouzYsSNvio/77OGx0rUGUBoIrAAAADxCYAUAAOARAisAAACPEFhtaREN7DVkGInH3gFFnFVKRWRAe429GvCsg1MKJs/bMGR42vYaeX6um2MqaB/f9GPvupzYo3wvA3iYEFhtVZEB7TWqtXjClGkmHuekN6acFTfLlIL2N59At66YV9QdcFRbkwb1h61zD/dLPYc36814I85147UOJ++tSXXaxvpK0SfmGB8n7mUADxECqy0pooHDPaqdNDXcatsc6Fa3/e9HSKD7hDpnxvRGrjdvlCjuZQAPFwKrrSjyhsZmOnUw3xtPZEB7bembYOrTf+LT90DQJbWTr8zZZlDpCYXMNE7n5JSCxn6NaEY91YaM4FT2p/5V9a9QVhvB4N50P1c63lS6fOVztrffqv1FnWuyjcwxS/dnCyngvNzvBXsb3MsAHi4EVltVw2694NyWMqVgtTULYJqmzHC/ru63p2Jm1LN40Cqb7NRMz+u2N5ZcZVMKVo/pUCIdZE5KJwciiTeiao0dCqfSOCP7WzVsTx9lTEUk21pt/9xFBk5qpOGQXkmlZ2Z0dfc5meawWgs53knpXKJMPYcTZbnO2d7+lCZXPFeXNqZeV0/tZGrMsnYreYWd18r3AvcygIcLgdVWNbOoa85tSZFFXZVtFiDQrROdM1pM7dCg/tcSha0H1amrWky9EeQoiyzqavJTu2HI2D+imcVrqRmHE8UsOFlT/+zS/anuqdXklW6le9GgQ8koq5DjnUvsay/Ldc6JfVLt55OrjRd2q2Fk/9adwfDyvLiXATxECKy2osArOtQwovMb/tG3U5OJT/Km6fbpfaOlF1RbM1NeiGjxqv1vL87ZpY1At66Yps7psCN9tJV4cF7cywAeMgRWW1JA3Sc6NbLf8cYVGdDAlKTAbtXK9mYVGdDJkRXWsawk0WY6FZbcbr0xZm3PZz36l8+Kx5vRWHLVu33NT65zLsYKbQS6ryjc36CrW20aw7Pz4l4G8HAhsNqqWocT6znSi2aNw9IrrZLUqmF7WfWYDoXXOqNjtame6vTxglPWG+OVSdXatltvkK062JljwfK69C+flY7XoNpFa4bFqO5R7WSyLNc5O618rlltTKUXNFf31BaXfioJxZxXvvHhXgbwcDHi8bjp3Ij1Nz8/r3379jk3Y8NNKWic1O7w1v1dosuXL2vPnj3OzRL32UMn37UGUBqYsQIAAPAIgRUAAIBHCKzwiGvVMP88CQDAIwRWm6SiokJ37951bgaKcvfuXVVUVDg3p3CfPTxWutYASgOB1SZ5+umnFYlEtLy87CwCCrK8vKxIJKKnn37aWZTCffZwKORaAygNfCtwk5imqevXr+vDDz/kTQ+rUlFRoWeeeUbPPvusDMNwFkvcZw+NQq41gNJAYAUAAOARUoEAAAAeIbACAADwCIEVAACARwisAAAAPEJgBQAA4BECKwAAAI8QWAEAAHiEwAoAAMAjBFYAAAAeIbACAADwCIEVAACARwisAAAAPEJgBQAA4BECKwAAAI8QWAEAAHiEwAoAAMAjBFYAAAAeMeLxuOnciPU3Pz/v3AQAAErUnj17nJtcEVhtkvn5ee3bt8+5GQAAlJjLly8XHFiRCgQAAPAIgRUAAIBHCKwAAAA8QmAFAADgEQIrAAAAj3gWWJlmSF2+Rg1FzcT/++SzPRqHoo66meVdocwvJ5pmVEONtjqNQ4qazjrpY7pty3cct31LRmRAe429Gog4CyRpSsFUmf3/vbCa9lazj92UgoYhw/YITjnreC8ysDfjmKnHuhw8+xz3ZgzYWscQG2YqaLuOQa3H3bKyiAb22u6nvQNa063jfL1JnuPeAYWdZQBW5Flgla1efXMxxeNxxWLjqumtk68r5F4+16eF9lcVSgROZnRITZV1Ch+3yuPxuGLD0sVp2+4Fsx1nvEOjtuOUrEC3rphX1B1wFjysGtQfNmWa1mO41VnuvUD3ldTxTNOUOdkpqVOT63Zw+zlOqranep2CuI1UbEBYbP1ied2+o73IgPbulyaT90x4txY3+hJGBrTXqNbiCdu9e056o6h+OM4r4/VmSsH9I+qcNGVe6Vb1ml6LvLoeXrUDbIx1DKzSDKNZp+f6VD96wT2oqQqoRguKLFkzVWeDvaoZj2mw2UhVMfxHddT296o0HVBH4jhAWvLNZFjrFVZlatVwuF8NI+c3acYDq3JtUTMNu/VC8u9At7o35oZJiGjgcI9qJx0fPjzvR4N2p04SQLE2JLCSJFW1qK1+VBfcZp2mL2i047iO+g1p6aImZjt0oMlZyQPTFzRa36aWKmdBmhnqck07biyXT8qpFNKio66ka/Zy+8e6zJRBcCoxzW9PHeRr21aWTntYfQsG98owgppM1s3qg3XsjEmZxLHDzj7k5NJ/OftlP0Zi3KbS5cGpzLRf5vhYIgMnNdI5mflmtdIxBtIpoYw2XcfMReAVHWoY0Xl7hawxzH+9nNckZ59cx9F+Hf8HBXNdK5cxtdqeUtDYrxHNqKe6kBSqW33nveScmcj9PEide0Y/19J+5hh1Trq013pQnTM9OuxyD7n2rcAxtg6/0v5BTUbe0NhMpw7mC6JWbKdV+53nlSjvD2eec/o628fM7V6SpoLpbek2ncfJ1b983Nop5rrmOKbzeQV4aOMCqyyz6q2rlM/nU2W7NH7aFknVV8tvr7omtuNcOKD4paPyG2uc+dpQUwpWW59STdPUOY1pJKN8Rj0npXOmKTPcL/Uctr1RVGvsUDhPii1f21MKVo/pUDJ9NSmdTL1Szejq7nMyzWHtT/yd3YeAuk90asQWOUydH1HniW5Vp7YkJV40M15sc/U/s89muF9X99tfVG19mezUyH5Dh3Uule6b6Xk988U8MqDDPVL/a/bBKeAYiwdd2sw3ZitxG0NnnXzt5+pTrnG09rGu4/+r4bzXyq1vrRo2J9WZTHEOt2YFo5lvvi71M/qQvJdyyXfukrHW9qdeV0/tZGqMRva7tdeqYTOsQ2PVGUFF/r6tPMaBgvZP9N8+Y5alkHamNJl1XhbDyDznK1n5v9z3Uutw4pjmpDpHTrrfH7n6t4n3DbAeNjiwqld1KmKyr7Gq1qnKpvRC8tmw0kvd18o6TixfKtLGaB4sreArsqirDf1Kvu8Huk+oM6NCg/rPdStgFepE54wWr0lKfLo94XxxbB2WeSVRP1/bkUVdtQc8+0c0s3gtUdigQ6/Y283Rh9aD6kylu6Z0/mriWPY+JPdPvvCZiXRcrv5HFnVVtk/t9uNJmX1pPahOe19bD6pTV7Vo//R9uEfqP5e5hqSQYyQHzd5m3jFzY0+55BpDx/XK2X6uPuUYRynzOua6Vol6rn1zCnTrSuIN1/7IDujtnPdSDrnOPeteciqw/Rd2q2Fkv+uMZqaAuq8kg+3Em3+uvkmFjXGh+0vSzKLchl4qsp3VyHcvpRb173d88LPJ1b+SvG+A1du4wGrpoiZmaxRwS8NVtaitflbh6Aopwyx+Vdc7Ni1FtKDs4xj+oxruW9Cpsw/zAquIFq86t61FZ3qhrpn56TY3ex9a9Vr/VZ0ciCgycFJXD71SUi9kkYHD6lG/zrm9UaxagWMWeUNjM7Xa7XrofNexwPaLVui1yte39bZe554OCs/psGM2KodAt871N9hmoArpW74xLmB/t/RxlgLa8VrEvqg/rP4GZwW7TejfphwTjzLvAqs865dMM6RX63pVM35azW4zQUsXNTFrzWYZhl9HjndotL0y4ycYzOiQhhw/yWAYfgVqZtUbPJtaEzV9plezHQdcj1N15LhqeoN5f2KhNNZY2QR2q3amR68nXkwjAyezUoFjbyQ+ZdvXYCRehLOmve1rC/K1HditWrns7ypHHyQFXjkkjb2u18eU/oRZyPqGXP1P9Cv15hIZ0MmRFdaduJrS6z1Kz8TYrfYYBY9ZMtVoXyyfewxTCm7fJtc4unC9VlJhfVPiDTZnSqcQL2h3g202bOr8Ku/HXPK0nxDovqJwf4Oupqc106YGMtYavTE2o4bdLxTVt/QY16ZnfgreP5FeT86UJUUGNDBVTDurlOtesi/qj7yhsZnM4pRc/Sv5+wYojieBVZfPp8r2BfUNH7Gl0GxrmypPqXou81t+GeV1E2qbm7YWryfScdZPMFjlPp9PlUGpxWVBe9PpOfWpV3WVVt32hT7N2ddr2RhGs471KRGIKaMPPsdvbZWOVg0n1goZhqHDOpSVCqxdtD5lGxlv1gF1X0l8rT/nC1W+tq1vrsm2f+4Fyrn6ICt1VDuikdoTeb6ybV9jlVw0m6v/Vr+uJvpsVI/pULj4b/NNBW0LYu0v6MGpNRwj35jZj3VSu8POVEeOMcwIQvO1n0uucXSR81rl6JtadbDTtqh4xZSOo36WdOBgGIaM81r5fnSMz6rbt/0+VXVPMuhxtNe6W4upa1itntrJxDqkHH1zE3hFhzSikdqDtvupiP1bh1NpyFTdw9IrrSqinZXGKZcc91Lra+pXj6oNQ8bhRdWmZqycx8nRv02/bwBvGfF4vESmZh4t8/Pz2rdvn3NzwpSCxnkdTK432uKmgobOH3QGEijERo9d9vGmFDROand4tb9ltL6y+wusjPsGxbp8+bL27Nnj3OzKkxkreGzqvEbyfvtnC4kM6GTGQmgUbkrnC0lBemXLXasNHh88JLhvsL4IrEqQsf+q+9qfLSXxezfVYzq05c9ls7RqeENmLbfqtdqo8cHDhfsG64tU4CbJnwoEAAClglQgAADAJmDGapPMz887NwEAgBJV6IwVgRUAAIBHSAUCAAB4hMAKAADAIwRWAAAAHiGwAgAA8AiBFQAAgEcIrAAAADxCYAUAAOARAisAAACPEFgBAAB4hMAKAADAIwRWAAAAHiGwAgAA8AiBFQAAgEcIrAAAADxCYAUAAOARAisAAACPEFgBAAB4hMAKAADAIwRWAAAAHiGwAgAA8AiBFQAAgEcIrAAAADxCYAUAAOARAisAAACPEFgBAAB4hMAKAADAIwRWAAAAHiGwAgAA8AiBFQAAgEcIrAAAADxCYAUAAOARAisAAACPEFgBAAB4hMAKAADAIwRWAAAAHjHi8bjp3FioDycmFH31VefmFP/p03qmrc25GQAA4KG06sDqw4kJRV59VS//3u/p7vKyHjx4kCorKyvTjooKvfUP/6ECBFcAAOARsarA6vrEhH766qt6+bvf1e0PP9TtO3f0F//O39HjVVX6dGlJf/4v/oWeeOwxPfHMM3rru9/VV0+f1rMEVwAA4CFX9Bqr9ycmtNDVpbrubsXCYS3fvKl7N26o/OmnZZqmyp9+Wvdu3NDyzZuKhcOq6+7WQleX3p+YcDYFAADwUCk6sPpJV5de6ujQRz/5iZavX9e969d194MP9ItIRKZp6heRiO5+8IHuXb+u5evX9dFPfqKXOjr0k64uZ1NZTDOqikafdvoSj8YhlZlFT6htCDM6pCd8jaqIetc/M9S14nnbj2uaIT1WZB8K2ceqY7sOPp+eGIo6q61aIX3wimmG9FhiPN3O67HQ+vehbKgx45ipR1fIWXXN3M7Rfu3yjb19rDZCIfe7l/Kdu1PZUKN2doXyPs/t7RXTdiFW095q9rFzu3d4fqBUpV4/fD7t9HVp2wa8hhSq6MDqnmnqk8VF3YvFdD/5+Phj/WJhQZL0i4UF3f/441TZvVjMqr/CSZvRIT1ZWaey4zHdisd1Kx5XfFgqn3bW3BzOJ5zhP6rb8Uta9hvOqqtimiE93j6qe+Mx3bp0VA8M93a9Pm5u9bo7Z12LeGxcD3rrVnyhc45RaUqf1614XHea13scpQdHL6WOdyseV3y8Q1KHbp9uclb1SPHXbj3kux8Kvd83gxkd0mMTbfrkdNMGPt9KBc+PrSjfc81NsfWL5XX7zvbM6JCebJduxxLXca5a20okVtBqAqv7kj67dSvjodu3FX/nHd29fl3xd96Rbt/OqnPf2ZCNaUa1I9irB+OxjCey4T+q5Q14YpeOej3wO7dtPsNo1qdzffps9EJJfSrYitIBxWl9tgHBRGlfu9K837ddnJDaWkoq2HtU8PxAQaJhbauvVvKKlVqsUHRgdU/Sg08+0We2h3H3rm69/bY++tGPdOvtt2XcvZtR/uCTT3TP2ZDd0kWVz3boXp4PKNaUfPYUdSqSHUpPCyandvOVZbeZnkp0piR3/ElIj1e2a7tmtaOu0koRuETQxfYv1Q8zs/1k+bYu25R14hOV87h2Oc/Htv3Js5F0/VBX4WmYqhbdrx/V9sSnAmffnOeQ7K+zXobo2VS/7GPito/zmqTGN8c5JxlGs+4UMCNSWPsu1zWULn8sZGakNZzXWZK2nT2l7R3jGR8gVjxGjntnpXNPcVw7yX3sc41Vcf2w+p/rfki253a/u7WTcfzkc832dzF9s9/7uZhmVOUT0v2WqsTfuZ/nru25jKty3F/O51++tt2udbJvj3U1JrYlKjv6kDy2Pa2XPLYROlbQa4Bb/5XVL5dr9hA9P/JdL+c1ydknl3HMvI7f1o5c1+pB9pha1zf3c82NW33nvVSWPJbLc065zt3Wz7W07xwjt/dfNR3QvdlePXZ2KePccvatwDEuM828+xeq+MDKNF0Dq+X33tN//Pt/X8vvveceWOW6qZNs0aeTaYb0eJ01o2VN+/WprL3JFlzMakf4QGoaeVvvGduTyL3ManNC95NTwuPSjrNL1uxZU53K2+ZSU9N3v9WsT2PjupecQh5stvVurf1LfGqytX/7qPUx/rPBxNR4bFz3Rk+5BlNJuc8ns293NKHtzp1Xwdm3HUtNrmPkrJcxJqekO7GY4nN9Um8wVea6z/QZ7agZT12TO81GznPOL/HkzHjSZF/zdPsrXNfkOYx3aHt7pR7TcM7rbEaH9FivdPdY+hNEQcdwuXdWd+5Jucc+t3z9yO5/rvtBOe73XO2s3C8V3LfC7v2oymZr9JkVV2VYuT33cc11f9nlazv/tZ5VWfWwbsUH9Zlh/e3sw46lKt093qHtF9KRQ/mFUd07fkQP5PzAwfPDbQyd92H+9nP1yX0ck/tY1/H/1J1c1yrn9c1+rjmDUXsg53z+pZ+bznvJXf5zlwwjuz+Wwtp3vta7vf9a5zCn+xN1qfPSin1beYw/03Te/QtVdGB1X5J5717GI37zpj7/a7+mhsuX9flf+zXFb97MqpMvFShJmg1nPcVTliIqU3pGy/Af1d2OWZWlPgjUp5+MTQd0TwvalrrOOcqWIiqzvYj42ke1LRxNzZ7dPeLyyprLmvqXW3Jxnq+yfeU3hJznE1FZfZ+WE4f/7Mjx1Oyh0TxY5PqWdOqm0L7lrlevu8NH9MAwssbLdR9/tT4bbc/8lJvrnPOyryEZtNINua55Idc1cQ7Wda1PzXQ4r3My3a2+4cz1OoUcw+3eKfrc7Wm33GOfW75+5Ot/gdbUTp6+5bj3V2XF9nKMa477K+P5l6/tvNfads8l/nbtQ9MB3Uuku0wzpO0L1rGyXwN4fuQaw6zrlbP9XH3KMY5S5nXMca2S9dz65mT4j+q2bd1adiDnxnkv5ZDj3LPvJacC23d7rXdhGH4tX0oG25VWcJWjb5YCxniF/QtVdGB1zzS13bGjaZqq+t3f1Y4vfUlVv/u7Mm2fQsokbU/sl5PbVOyG6EgtfrsVj2fNRG0m07Y4Lx6b092Cruk6ns/SRZUnPskX2reC65lRbbO++5Bzn+QLxR0FMz6hrOs5e2jb2aB2qE93XF9UV6vAc7ddOyf72MM73o9rgdfaxt4Hw2jWct+Cdpxd0razp1RWYmvItubzo8D2i1Totcrft/W2PueuvK/17gz/Ud3pq7fNQK3ct/xjvPL+Kyk6sAoMDurihx+qsqJCFeXlKi8v1/bt23Xtd35H937+c137nd/R9u3bVV5eroryclVWVOjihx8qMDjobCrFMPzWVHUy6kwwo0OqCJlSVUAPlA68zOiQdozmX5O1okSbWdPDiSAva3s+69E/++K8pYsqX2kWMuf5BPRgtlcVybVRZ0+lUwwFrrFKT8cnFpQW2re89WZVfjHRV/sau7z7WN8g+qSvXmWRpdznXKxc19yj62qaIVX0Kv3p3W61xyjw3LOunZR77Fdjtf13ytuOXw/qbZ/Mpy/knSVNyXfvO9aMpPn1oD7HjHKe9iw5xjXH/ZXx/MvXdoHX2pKjD5I+a2mTJs6owr6GrJDXgBz9z3/NCrclnx8Ftp8h1zi6cLtWlgL6lhinXKnAwuR5zq3m3LPkaT8h47XewQwNpZ67phlV+cSsPqv2F9W39BjXpGcRi9g/n6IDq7oDB7R7cFB//POfa9fjj+vxHTv0zDPP6O7ly/rx3/gbunv5sp555hk9vmOHdj3+uP745z/X7sFB1R044Gwqg9E8mJrSS94EvqB0vyn9zY1kma9uQvfn1vatkWSb6rVytDt91kJpw/Dr7nTiK7iOvPS9DvfFgevRPzUd01316snKSvmCYT3IMduTlPt8mvVpYn3DTp9Pj6mtwHSIbTq08pQezNm+sZmjb1ljlKOepV4PwtYnEp/9hS3HPvbfLHmy13oi5Drn/OxrSKzFn/muuRfXtfxV28JL+wtd8vqs4hj5zz3PtZNyj/0q5Ot/1v2QR/520h+8dvp88l2wvkSzktXc+4bh1/02pd+8MspWas99XHPdX3b52s5/rZ3c+6DEJ/u7NaPaXnM8z89H8PzINYb2IDR/++5yjaOb3NfKvW/O59pKqUBnfad8z7lc5+4cn9W2n+u1PvO9JaCy1DWs046acd0+6s/ZN1dVLbqvUW2vOZB+jhSzfx6r+idtPv30U7194YL+w7Fj+nu//MuuL1bbJf3z//gf9VfPnNFLBw7o8ccfd1YBgJJjRof0ZFC6M51YzFp5QfdiK7+ZbwXbunzafsAZSKAQGz12zuOZZkiPV57Sg7npPIHx5nH291G2qsBKtuBq7tgxZ1FKHUEVgC2obKhRT4aPK37ggnynqvXJtEuaaouxB4xb/Vw2mhXUbFyA7XatSjmw2ujxKXWrDqyUCK5++tOfOjenfPWrXyWoArDlmNEhPVnXq22q190SfCMrRvJr/jtmt/65POzyXatSDqyQaU2BFQAAANKKXrwOAAAAdwRWAAAAHiGwAgAA8AiBFQAAgEcIrAAAADxCYAUAAOARAisAAACPEFgBAAB4hMAKAADAIwRWAAAAHiGwAgAA8AiBFQAAgEcIrAAAADxCYAUAAOAR49d//ddN50YAAAAUz4jH4wRWAAAAHiAVCAAA4BECKwAAAI8QWAEAAHiEwAoAAMAjBFYAAAAeIbACAADwCIEVAACARwisAAAAPEJgBQAA4BECKwAAAI/wT9oAa/TZA1Oz795S+Oe/0O27953Fj6QndpSr+oufU/3zO7WtzHAWyzRN3bx5U7du3dL9+4yZJJWXl2vnzp3atWuXDIMxK0QhY3b9+nV9+OGHWl5edhY/kioqKvTMM8/o2WefZcwKtNKYORFYAWt0JRrXjU/u6a/vfk5P7NjuLH4k3b57T/928X09/eR27fX7nMW6ceOG7t69qy984QsqLy93Fj+S7t+/rw8++EA7duzQ008/7SxmzFysNGbvv/++7ty5o+rqalVUVDiLH0nLy8sKh8N67LHH9NxzzzmLGTMXK42ZE6lAYI0iP7+lvV8lqLJ7Ysd27f3qc4r8/JazSJJ069YtPfvsswQINuXl5Xr22Wd16xZjVqiVxuzGjRsKBAIECDYVFRUKBAK6ceOGs0hizFytNGZOBFbAGt2++5mefIygyunJx7br9t3PnJulxEzD9u2MmdP27dtzpvkYM3f5xmx5eVk7duxwbn7k7dixI2eajzFzl2/MnAisAAAAPEJgBQAA4BECKwAAAI8QWAFbkGn+iV7buV1fsD1eC63uC75WW/s0HF3d/pvNNN/Vm8PDGn7zXZftY3r7o615XhshOXYjIyOpx9jbH8n86G2NFTB2K9V7+K5BRAN7DRlG4rF3QBFnlXUzpaCxVwMbd8B1kus8cm23K6TO5iOwArasX9XJ+WV9cOue3p9/XX/2m0f0pvmwvIEVa5d23QzpzXfXfv4PXzCwkl166dBvqbOzU52dnTr00lMynnpJh4KH9NJT+X+zp9B6D4XIgPYa1Vo8Yco0E49z0htTzop41BFYASXszWMFziRV7dbX9BNdW3IWPDqqXn5ZN996Rx+tY3Bpmh/p7bE39e46HgOlKKKBwz2qnTQ13GrbHOhWt/1vgMAKKE1m6Lf1hZ3bNfXKv1HQX8BswPR5/cuOf5Kq++YxW5rw2J+kqpnmNQ1/M3f6MJVitO2zZXz+Rb286y1deudjZ4mUSltZaa/h4Te19OCm3h4b1tjbH1nl776p733/ki6OhBQ1PtLbY7+flV40jKf0YnuVlkZGssoeJvZZu9T/v/1mRrowu95HenssnVbMmD38+J3U2Cf33VIib2hsplMH8wRRU0FbijCYnMZKpK4GgqmyvRl5rMzUYmq3yID2JtsygnokJ8VWHIPE2E6l62WO7eYhsAJKiBkd1IGd2/XcGwf1wa17er05X1D1I53YU6Ev7Nyu535T+oPB5lTJN8/cs1KE8Tf0P43+LxqOmjLNaxpp/Jr+6L//M31wyyrPbD+qkcZXpD9c1gdnvmXbvnV85RvN2vXWpaw0nmm+qx98f0lVf9NKd3U2S2/PGXqxvVm73npH75rv6gch6VuHvqmWzmb5zaf00qHfUvCbz2e0I0mG8by+GQyqs2opO4DYkm7q7bHfdw+IbHXe+rhKnZ2d+q0mv26+9U72rN1/ekdv7WpOpRS/+Xzy3rqpt96SGvPtuxU07NYLzm02rcPJFOGkOkdO2tYBzahn8aBVNtmpmZ7XE0FCRAN7qzV2KJxKLVqzYVMKVo/pUDjR3qR0skQCBu/MqKfaFogahgxjv0ZS5YWOwYx6TkrnTFNmuF/qOVwS668IrIAS8oPB1/Rj/apOdqWDpNzsa6x2q9/3N1Jpw+SM13O+V/Qvk9WXLuiPZv+eeo747Y2k/FGnFXTlD+ZKm2E8r28079Jb7/ynzIKPb+qmLYD4/emobn78caK+NP3701LzN/R8Af8OWMpXXtRLT5m6FvrB1gwUUjLXWKUDosw6L7/4Fet/v1KlF3RTN50Tg5//vHZdC7nMSO3Sy40v6inDyL3vVjCzqGvObXZTyVkpe4AgSQ3qfy0x1dV6UJ26qsVIehbsRHcgo7Yii7pqDzz2j2hmMe+Rt6AG9SeDptRjUp3J4oLHoEH957oVkJWWPdE5I9dqG4zACigh3zxzT+/HR6XOCn1h528Xvhi96oB+o/5HikStWa9XflP6g/iy3o//mU7WOyu7+ZGkX9WPfxp1Fmw9X3lRL98M6QeO2Ep6QU2/lQ4g3GajCpFOeV2SGjsVDH6zuIDsIWUtZA+qUZfyzHxtUYFXdKhhROez81GWyID27pcmTVOmGVZ/g7NCsToTbSUeGQu7HhXFjkFEi1ed2zYHgRVQYgzjBQXfvKf34wc1ZZuFymvpgv5o9lcV8EuKLurH9bv1fGp7ok7VAf1G/T9X/1m34OlX9Rsj/0Z/oFd0YKgEPvKtgWE8pRcbX9bNUCg9w/D5Xdqla3rLsf7KTKQAm36rSSpg5sk0P9I748mA6hH5NlyRnnrpkA699JRubslpqVwC6j7RqZH9tnVQsgKqgSlJ1xY1k0wVRt7Q2IytTi6JYC0rxRXYrVq5bH+UFDwGMxp7I1GngHVwG4XACihRhvEtvX7rcp7F67Y1VnvG9RvziYXuTf9AJ/WaftVXoec6F/W1xIyVYbygzktv6Gv/6Gs5F69/Y/DP9Bv/6mv6wjcHtbRCkFHKjKdeUuPLu9J/G8/rG3/zZemt76fWEn3v0n/QO+Mh3Xz5RT1vPK8XX76p0Pg7+lhfUdULVtrQuUDdMJ7SS4cIqNyY76YXt3//rV16+cXPO6tsba3DMsP9urrfti7osPRKq6TW19SvHlUbhozDi6otaMYqoO4rk6rtqXYsXm/VcLhfsm1PL4Z/VBQ6Bg2qXTxslVf3qHZyWCUQV8mIx+Nb99UTKAH/+w/+izq++VXnZkgaffOn+u1v/CXnZl27dk0vvJBvKfCjK9fY5NqO3GMzPz+vffv2OTdD0uXLl7Vnzx7n5i00ZlMKGie1O3xFzmVq6yXXmDkxYwUAAOARAisAAACPEFgBAIAtplXD5salAYtBYAWs0RM7tumTO/ecmx95n9y5pyd2bHNuliSVl5fr3j3GzOnevXsqLy93bpYYs5zyjVlFRYXu3r3r3PzIu3v3rioqKpybJcYsp3xj5kRgBaxR4Is7deWn7+v2Xd70km7fvacrP31fgS/udBZJknbu3Knr16/r/v37zqJH1v3793X9+nXt3MmYFWqlMXv66acViUS0vLzsLHpkLS8vKxKJ6Omnn3YWSYyZq5XGzIlvBQJr9NkDU7Pv3lL457/Q7bu86UnSEzvKVf3Fz6n++Z3aVpb90wSmaermzZu6desWgUJCeXm5du7cqV27dslw+cFRxixbIWN2/fp1ffjhhwQKCRUVFXrmmWf07LPPMmYFWmnMnAisAAAAPEIqEAAAwCMEVgAAAB4hsAIAAPAIgRUAAIBHCKwAAAA8UhaPx53bAAAAUKRbt26p7K233nJuBwAAQJF+/OMfq+yDDz7QD37wAzFzBQAAULxbt27pBz/4ga5fvy7j+9//vvnJJ5/o9u3bqq2t1a5du/T000/rySefdO4HAAAASZ988olu3Lihmzdv6urVq3riiSf05JNP6v8Ho2y57H0NBrcAAAAASUVORK5CYII=',	'data:image/png;base64,iVBORw0KGgoAAAANSUhEUgAAAmgAAAG8CAYAAABqqFntAAAAAXNSR0IArs4c6QAAAARnQU1BAACxjwv8YQUAAAAJcEhZcwAADsMAAA7DAcdvqGQAAFooSURBVHhe7d19cBvnnSf47wNSlGTFYCRbcWYmyTiEAdNmuCPaCS/kRpO5mGRIyTUj1pI7t3U1p+HthpiV9kyT61Udb093mVHV8E7jI0XdURVy9o6lnarbupCzVGUlUgGVbGaVFTP0CzVhYNOAQMdrT14kSzYg640S8dwf/YLuRjcIgADZpL6fKhSJ7qeffvrpF/zwPE83xO3btyUASCmRTCah/a/9Nf5v93e9rWU58llXPsustY1Qxnxs1u0iehgJIayTNgVu1+p5PB7rpHWhbbPxr90047yMaT755BM9QNP+WoMw6zTj+0IpdH7F4PYyur182CBldDvWIRXaWn6YbgRurw+3lw8PaRm1/LSA0Rp8pQVghmnGZfR5n3zyibQGX9b/k8mkbdBWSIXOL5O1XFe+WEaztVxXPtxePiK3KPSHolu4pRUnk41Q92tZxkKvyxp4WYOybP/XXzdv3pRwCM6SySTu3r2Ljz76CHfu3MHt27extLSklKTANsIHXD5lzGcZSsd6JKJcFfoD+GG1lvW4GdZVVlaGRx55BNu3b8fOnTuxfft2U+AFh8DM+L8eoFmDM63F7Nq1a/jFL36B3/iN38AjjzyCHTt2oKyszFAMIiIiItIsLS3h1q1buH37Nn75y1/iN3/zN7F792498MqmC1QIAZFIJPQuTi0wk1IiFouhpKQEX/jCF7B161bDqomIiIhoJXfv3sX777+P5eVl+Hw+cwuZ5QVLoOYxdmdq/1+9ehUlJSXw+/0MzoiIiIjysG3bNvj9fpSUlODq1at6nGX30mj/6wGa9rp79y5++ctf4gtf+IJhFURERESUj89//vP45S9/iTt37qQFZtaXxmN8AwA3btzAZz/7WbacERERERXAtm3b8NnPfhYfffQRYLgZM9PLoyVMJpNIJpO4c+cOduzYYc2biIiIiPK0Y8cO3Llzx/ToMqO0AE0LzLQJt27dyitAkzKJq5+8if/883+J1371Cq7fnYOUyi8TEBERET3MduzYgVu3bunxljX+skp7st79+/dzfpTGJ0t/j5/9ahivv//nuHbrMm7c/Sl+dv1/R/Tjf4PbD/7empyIiIjooVJWVob79+9bJ6e1nOktaNZILhf3HnyMKx+OY+bn/xOufDiOu/evQ8ADITy4t3wd7938a8xd/V/wX27+eywtx62LExEREa2rO3fuWCelySZNtqwtZ9aXJu0uTuPMTN7/cBp/+8G38bNfDuPmvfchIeHd/tuo/q1/hmd2/1N8quy3AUjcfvA+Ih/9JeZvfBt/f/M/WrMhIiIiWhd37tzBV77yFfz4xz+2ztL9+Mc/xle+8pWCBGnGWMupe1ObltbFma2/e/n/xI2fhCGTy9i2ZSeefuIfoc73r1GxuwWf934TNZ/9H/Hkp1uxtXQnkjKJN969jX/917+wZmNLyhC6vF54u0I20xswFMsuiMyFlDEMNXjh9aqvhiHEsgxW15qMDaGhgPUQ6vKiK2R8Bkt6PctQF7xdoYKvW2O3TiIiomLavn07vvOd7+DgwYO2QdqPf/xjHDx4EN/5znewfft26+yiyjtAk5NJeP51KXadr0R9xf+MZ3/zv8WOss9AyiQkktheuhtP7foneOaxf4XZ8B9heLIDM2/XWLPJoBa14TZT4FAsMjaExvIaRI7EkUgkkEgkEB8Gzk9bU64Pa/AifIdxIXEBh32F+R2xxv0dGD1n2NjFKMKYxcT5RcOkMGoDvoKvm4iIaD197Wtfw+nTp9OCNC04O336NL72ta+ZllkLeQdoKAFwHSiPfBG/VV6HstJHAcMPjz5ISsQ/8eDWzWew+PdfQ+L2p+ARuY1xaz3Sh/DxU0VtyZIyhlPBXlSNxzHYlCq/8B3GYcP7Tc0XQG04qtfz4vkJVPX1AZEYoNbR+QmgtbnCsiAREdHGZw3S1js4w6oCNABSAPBICFGCbVs+jUfKHkepZztu3fXgV9dL8GHcg3v3JYRIQiCPIMt3CEeqehE8lWrJMVK627RuyS6EpDR111lbnmRsCA2WblMsnsfEbAf2N5onG5nXY5P/UJc+r2FIC2qc56XnqZRdWc7c1frS90N4ubwNo5hFb0250s1ot105ls+kohmtmMD5xVQwFmj2o2r0nFquGCKzVfBXmOs0NtSQ6hL2prqkQ13p07Tluroa9O01lrvxVNRSKCIiorVjDNLWOziD8SYBjXWwWi5KPFtRWvJp3EhswZ172g9/WlPlpvHEOKp6g2ljk6QM4eWaCbTOKd2S8XHg+KlFc3fd9DmEa6F31S2enwACPlM+AIDaAGymAvp6lBa2RCKB+Fwfwm2NhvLMojeyXy1DB2Z7T+rBltM8p7JLGcOpxhpMtM7pXa0nv9mEE/FxdKAWfXNxJAabDKVbbfkUQvjgr5pVG8xiiKAVzRWN2N8RRnRRqcfRjv1osuxM3+ELSr7xcXSgA+MnlCi3aVDtJo6Po2P0uKks4cAwEolBNGLaVO5hTGDUlDsREdHmYo2xrDdpGl+rakEDACkE4DF+cAtApgIzob7yJUQTToxXofekZUCYOk6qt6YcXq8X5W2jmI3ETN110+fCaD3SCkycRyxTN91sBDbtSorFKMJItbAJ32Ec6dCCGQCoRd9L6szG/eiAGtRkmudUdrU178ghmzI6WVX5UvTAdvocRqv88AkBX0AJbrXxZ06mX24Dxk/oAZwMKS125eVtlqCrNlX/i1GEa/ugFa3i0BF0mNISERGtHWO3pt2YtLWWd4AmAWwtLYX3F3E8+LtFwNoqo/59Nw5cl9tRUlqqLJSPxpfQF27Dy2mD9jswHk8N7E8MNhm666ZxLtyK5sZmtCKC2OJ5TKAVafFZRTNaa0dhHCO/NmzKvp7UwHY6GkaHGu1VNLcCkfPOga0ajLVhXB+/J2NDaGwDxuNxxONz6Ku1LkFEROQu1jFn1jFp6yHvAO23ysux57HP4jff+wiJzkHc+otxJD/4EMLjgccDXLsD/PU7AoOve3DVU47y33oCn9r5qDWbrAjhw6HhPoTbDC0yFX5UYRTHLePThPChuRWYCB5HuLUZPuFDc2sY505GgNZm+CzddEL4cOhIB0bbys2PmogNYSgk9fVoAZyMDeH4aOYxaytyKLsWLKZNz6RQ5atoRit60dZr6AWu8KNqtBe96vgzKylDUBrPDCuLRTCrdRkvnsfErGEBowo/qmZ7oTWMLp46zi5OIiJac9bgTLPeQVreAdrvDHThsf/qWYgSD5JXP8btU/8B8X/aj5v/74/woyvL6H/Ng+9dEfj4HlDiAZ774g4ca/stazZZE77DGDY0xwjRhBNzfUBvTdqA9IrmVmA21epT0dyK8GjYsRVINA2qY7eULkev14vyINDcmFqPNq+8ZgKtc6nuvHw4lV0IHw5Nj6PKML0rJCFEE/Z3pG4SsMtrteVTAttaoDbVyqisF4DN+DOoXZujGEVbuVpvDUOINfwP6EMvasrLUR6MoMqhBU3pulYCY6/XiyBa2cVJRERr6s6dO/iTP/mTtOBMowVpf/Inf1KQB9XmQly9elUaB6X93d/9Herr663pbMmPPkHy7Gt48N2LkO9dhVhexq93PY7u9n+OX3xqJ0og8flygQOVW/BNXwk+vS39Q56IiIhovdy5c2fFh9BmkyYbly5dwu/8zu9ACGF6eTye9GnWhXMhdn4KJX/0X6Ns6J+j5L/7Bjy7Pw2ZBJCUeOwRgT/8Uin+onEb/rCqlMEZERERuU42gVc2aQptVQGaRnxhN7Z0H0DJ/3YQJV95Cnt+owT/6++W4fBXyvA5LwMzIiIiolwUJEADAJR44PlqJT534iCO/uFn8ZXf9JifvkFEREREWSlcgEZEREREBeGB+iTbZDKJZDK338okIiIiouxp8Zb1V5ysvzLAFjQiIiIil2GARkREROQyDNCIiIiIXIYBGhEREZHLMEAjIiIichkGaEREREQuwwCNiIiIyGUYoBERERG5jMfuYWlEREREVFjGB9JqPxKgTTO+B1vQiIiIiNyHARoRERGRyzBAIyIiInIZBmhERERELsMAjYiIiMhlGKARERERuQwDNCIiIiKXYYBGRERE5DIM0IiIiIhcRg/QkskkksmkeS4RERERFYz1FwOMvy5gnM8WNCIiIiKXKWiAFhtqgNfr1V8NQzFrknUlQ10FL5fbt9mqGHVAREREhVWwAC3U5UVN7yw6xuNIJBKIx8fRak2UJS2I6Aq5+4fbC7nNxbJR6pKIiIhSChKgydgQjo8C6BjHYJMAAAjRhMOHfdakWZk+N2qdVBCiaRCJRAIX8iyXUaG3uVisdVnIOiAiIqLiKEiAtnh+ArMAOvY3WmeldalpXYJdIQkpQ+gydA96u0IIdXnRpsYUo23l8HaFTPlYuxJlbAgNXi+8DQ3KX68XXm8DuroMXY+WPBqGYmldk16vF96GIcSkTOVpmW6UaZuRqbzadGN5tfVmmAfjtmYxr2EoZluX1v2RTzmJiIiouAoSoMUiswBqEcixUWb65TaMohZ9c0oXYWKwCU2DCYx3KPM7xuNIDDZBhrpQ3jYKdIwjkUhgrq8Ws701lm67VgzH45jrqwUwi1EcQTw+h75aAKPHMRQzBxa+wxf0bklldbXoGz6ECkzj5ZpezKrris/1oXa2FzUvT5uWz7TNOZd3thcnTdmnz5My5FguGRtCY00vZmv7MBdX6vLCYZ9tXRqtvpxERERUDAUJ0BSziOQ47twXUIKp3pryjIPWtW46rbWqorkVtQBGzxmihSo/fELpagSA2oAPQvjgr0olsaMEiUBt3zAO+wQwfQ6jADDaBq/Xi/KaXsxaF9LZb3M+5Q1HFzPPy1AurTWvtrXZtNxKVl1OIiIiKoqCBGiN+5Vmmlw/vH2HLyCuNvHM9taseRdabKhB6QKs7cPwoQoAwGI0DACo7ZtTWvW0l6X1Kd9tzlc25aryK9tAREREG1tBAjQ0vgSlByzVPSZlCEOGVrFZtalJ6RpMEU2Dhm5GhdKylmINhlYa/5UNGRtCsFfppuwbPqS3EmmtSLO9JxHSxneFhtK6SDNtczHKm6lcesvX8VNpAa61Lo2KUU4iIiJaPY/1FwTy+TUBIXw4NK2M9xptK1e64MrbMIFUIKN1zR0PpwKGUJcy+Ly8XB2LpgZKFYeOoMMwsF00DSI+3qG0snmVR1vU9s3pd0/mSsr/glNBrYtQ6WLVBsEvVhzC9FwfajGKtnJ1W9omrFlk3OZClxcAhO+wY7n0ebO9qFHnaV3G1ro05VmEchIREZE9u18QML43Er/4xS+kMdFPf/pT7N2715SIiIiIiFbn4sWLqK6uhsfjgRDC8a8QokBdnERERERUMAzQiIiIiFymIF2cXq/XOomIiIho00skEtZJjnLp4ixIgEZEREREmeUSoLGLk4iIiMhlGKARERERuQwDNCIiIiKXYYBGRERE5DJ6gCalzOtXBIiIiIgoO9ZfD7B7gS1oRERERO7DAI2IiIjIZRigEREREbkMAzQiIiIil2GARkREROQyDNCIiIiIXIYBGhEREZHLMEAjIiIichkPACSTSf3BaERERERUPNYfB7B7cC1b0IiIiIhchgEaERERkcswQCMiIiJyGfGLX/xCLi8v632eP/vZz7B3715rOlojDx48wPvvv49EIsFxgURERC4khEB5eTk+//nPo6SkxDrb0cWLF/GlL30JQggIIVBSUqL/7/F4zP8zQHOXd999Fzt37sTnPvc5CCGss4mIiGidSSnxwQcf4OOPP8aTTz5pne0olwCNXZwuc/PmTQZnRERELiaEwOc+9zkkEgnrrIJhgOYyyWSSwRkREZHLCSFMj8ootKIGaFKG0OX1wmt4NQzFrMl0MjaEBm8DhmKFHXull6MrZDO98OsjIiIiWo2iBmiKWvTNxZFIJBCPj6OqtyYtUNII32FcSFzAYV8xWpBqURtuQ1eIwRgRERG5m8f6JNti3jkoRBNOzPWhdvQcQkVcj5PWI30IHz+F2Dqsm4iIiB5u1l8QcIrB1ueXBCqa0Vo7inPTqS7Grq4GeL1d+H5Sef9/XbmCoQavqbVLhrrgbRhCTEq1K1TrNu1CSMq0vGwDQN8hHKnqRfDUonUOACDUZeiOVVv59G7QUGqdXSGJ2FCDbbetbdkMZV+9KQRFPQai1umFMoWgeheJ9qo3rSx9fnDKMNsiOlAPEZzKeTl7hdj2THlkmuckn2UKIDqA+vVYby6mghAiCNNungo6HFcWdsuqogP1EPUDiAKYCq6QT0EUex+nnxs85zJJLbM2+59ofax9gJZmFuHAMBKJQTSpPZtC+HDoSAdGz03rqabPjaLjyCFUYBov10ygVes2HQeO6wGXMS/7btLGE+Oo6g3ajjtrGkzoXbEdo8cNaWbRexwYjscRH+/AaFs5ghhW19+B2d6TepDoXLaNpA79Ee33wCZR3RNQL/g28yP9mN9n/0GK6AAOjrUjMtyiTjDmK6FPptz5u3FJXkK33zrDDaIYqBcQZ4BO0/QpBPcBk/pxddDmg9lpWc0UXu2Z0d+1DEfQPmaXz0bDcy4fm2f/03pbWlqyTjJZaX4xrFOAVouAL/V/a3OFeTYANO5Hh9oVKmUI58J9eKkRwGIUYcyit6YcXq8X5W2jmI1oLVgOeRkI0YQT41XoPZkK/jQy1KXkWd6GUdOcWvQNH4JPCKVcxvU07kcHwoguOpdNNA0iceGwsvyG04LhSD/qRs7YfyD4K1GNeSzYXCCjZ8eA9hfhyhiCVjQVzLVlQ+NH9yUJOXzAPHnqDEY6D0CJEVrwSj8wdta6AodlVdGBY0B/P+r0KX50H61Gz6u2R+cGxXMue5tx/9NaW1pawre//W1EIhHrLABAJBLBt7/97TUP0tY+QFs8j4nZKvgzx1EQogkv9YVx/NQiFk8dR7i12RDgdGA8rrRSJRIJJAabLEuvoPEl9IXb8LIhRpOxITS2AePxOOLxOfTVGhfIxSrLlqOpoKELIzilt0CYvnxPBU1dQub0WfC/iPa6EZyxSz51BiOdR21acqJQPivSZlio3RVTA6g3dMNEB+odunsAXEmlNc2LpqabuscM0+sHFlLpc5iXdX5pMu8P+3UodRIM1kOIICa1ViVD/aR1DZnyMa5PTTeQZdci1PIJgTMHCttCF12YR13lU/p7f2U1ZhaumNJkFB3AwYWjGH7RMv2pStTNLyj1aVXIelGln0OZ93F6+izwnMs+v0z7nygLZWVl+OM//mOMjIykBWmRSAQjIyP44z/+Y5SVlZnmFduaBmhKF2AvqsZPOHZBGlU0twITJ3FyogpHDqkRXYUfVRhdVdehED4cGu5DuM3QUhaLYLY2AB+0INK0SHYcylbYMWhmLcOpbpHOkWMYiPrRfbQTI4Yr+9SZEXQe7YbfNr0puyzNoCegXkT3AZO2/SZXsDBTjUrTZ4VhOdP4ohn0HANOSwk52YmRfQIHcVop52QnZnpetU8b6Qf0brIpBANjaNe6cyaBYwNRdXoPqieV6acxhhE9r5Xm5ZqfnUz7w2kdADCD+crTkHIY+6ZeRU/1ZIZuKnOZlC4wY+vXDHoWDjjUp4H2IXhGSWtajyXQ0V7ZxhurF8XAwTG0v5K28UqL0swC0kO9AtWLRfo5lGkf26U3ZZclnnP2y2Ta/0TZCwQC6OzsNAVpWnDW2dmJQCBgXaTo1iBAM3T5lR9HYC6OQW2w2UoqmtGKUYxW7dcDOu1OUPTWpA3oz4XwHcawsZms8SX0oRc15eUoD0ZQlUcLWqHKlhN90PW+1EWr5QA69e6RKZyZ74f+uWaXPit1SDV+GMfDVOJY1oN8jeNhhtWuLnX6aeXDDC0H0Im6VCtAywF0mrpzDGn93TjaOYOFKwCiC5g3fYiNKK0z0QXM16W23999NDW2aaV5uebnxGl/OK0DAIx18FQl6kb2pbdqaKILmEcnDmgVaqwXQKkzrcBp9Zky9WoPZoxpjfzduKQGiMaXbZxQBNGBgxhrP23TagQAT6GyzmabClQvaezOIad97JQ+KzznVswPcN7/RDkyBmmhUGhdgzMUO0ATogmDWldfIoGE5RlnyvzUtPT3Phy+kN5NqDwvzZDvYFPasqb0DvN8hy/oZdLXlUggcWEQgxe06dYyrfDermzFGoMWHUC9Pug6gn59YE4LXumfx7GBKKIDxzCvjUlxTL+C6FmMpX0zV/lfRHud8UNvLUWxMG9836lum/padfRQqPwc9geQ3TrU4Og0Dha11Upp6TkNHLS2thSGtUvT2uXpTLkxYKYnoHxwB3owM9ODgNZNbNtyVCSO55DDPnZMvwKecznkt4b7nzY9LUgLhULrGpyh2AEaFcHUGYzUteNFP4ArC5ipq8RT0C7oqWT+F9uBsVfx6lg1jmrNDhnSO9O6F4zfvg2iZzE2Y/ymrynWt9qZ1MDy6FmMzagtJP5KVGPE0EWo8leieqYH2hji6MCxVCvGSvNyzS8D2/3htA4H/u5LiPTXYd5aqWo+eg9bdADHRgwtRzlRB+nLAziTYYyb9sopWHyq0jDwfQqv9mjjpVZ61EILho0f2pF+1NX1I3JJbdWJLmBeO66NClUvPOfcfc457X+iPAUCAfz5n//5ugZnYIC2kajPNNo3b+iaeAX96EFACIiDC6g2fjv3v4h2jGCkWrtrboX0JsZxK8dQGbF2ZRnmB8bQHrEbTO7Hi+3Wu/SM+doMRM5KHaoXlJYkYfoQU+58g9bKIrQB2S0YVsfYCCFwEO2G7pEV5uWan3Hwv5Xd/nBch4Xh2WGBHsOHv07JZ14tk7JPHD7cs9aCYeNjPArRxenvxqVJYJ8QEGIfMGl33OThygJmqitt7lxcbb3wnFO4+JxDpv1PlL+1viHAjvjggw9kMplEMpmElBLhcBi/+7u/a01Ha+Ty5cvYu3evdfLGFB1A/UHgtNbSsclNBQXOHLB+sFJxRTGgHGQ2ActD6CE757j/ab1dvHgRe/bssU529J/+039CVVUVhBDweDzweDz6F5KSkhL9f4/HwxY0KiJ/N063jyFg1yq06UzhTD7dZ7QqU8EAeqrtHjnxkHqozjnuf9rc2ILmMpuqBY2IiGgTYwvaQ8Tj8UAW4XlpREREVDhSSng8xQujipcz5eXRRx/FBx98wCCNiIjIpaSU+OCDD+D1eq2zCoZdnC7z4MEDvP/++0gkEgzSiIiIXEgIgfLycnz+859HSUmJdbajXLo4GaARERERrYFcAjR2cRIRERG5DAM0IiIiIpdhgEZERETkMh7rT7dwYDoRERFR4VnjLWPMpd0LoKVjCxoRERGRyzBAIyIiInIZBmhERERELsMAjYiIiMhlGKARERERuQwDNCIiIiKXYYBGRERE5DLi/fffT/stzq9//evWdLRGLl++bJ1ERERELrVnzx7rJEd/8zd/k/ZbnMbf4zS9Z4DmLpcvX8bevXutk4mIiMhlLl68WLQATf8lARiecEtEREREhWUXcxnjLuP/HINGRERE5DJFDdCkDKHL64XX8GoYilmT5U3JvwFDMbb6ERER0eZR1ABNUYu+uTgSiQTi8XFU9dbA2xWyJjJh4EVEREQPszUI0FKEaMKJuT7Ujp5DiGPdiIiIiGytaYAGAKhoRmvtKM5NK29DXYYu0K4QpAzh5fI2jGIWvTXlemubNZ1J7BQabLpQ7ZaRMoahhtT0rpA6WC82pOfh9XYhJCVkqAvehiHEXBNMTiGo3umhvYJT1jSFFx2oN61TfxVl5enbWD8Qtcyvh2kSERHRJrP2AZpF02BC7/7sGD2OU4uNOBEfR4fWNTrYZJsu1f05i97jwHA8jvhcH9Ab1OfZLjN9Er1V40gklHmDTUIJCmsm0Kp1xY4Dx08tGkrpJnXoj6Tu/Bhusc4vPH/3JdPdJnKyE0AnJou2cuM2TqK6J1CkYJCIiMid1ilAq0XAp/wnQ13wer0oL2/DqDWZgXO6WvQNH4JPCAjfYRzpmEVEbUSzXcYXQO1om/lmhcUowlqLndeL8rZRzEZiEE2DSFw4DJ8QqbQPvSkE942gc3IYxQrPzFowHOlH3cgZMEQjIqKHxdoHaIvnMTFbBX+F0q3Y2AaMx+OIx+fQV2tNrMg6nYwhGlb/d1hG+A7jQiKBYQRNXZxAB8bjSgtaIpHQW+42jigG6m26PqMDqLftElW7CqdS84NT5u5Mc9eiIjpwDCOdk+aWu5XWMRC0z9O0XNA5APO/iPa6EZwxJriSWtaunERERBuZx/rAtGJSuhJ7UTV+Ak1CALEIZmsD8EEL3KxLqDKmm8XEebU7cvE8JmY7sL9xpWUA3+ELmOurRTi6CFT4UYXRtG5N941BA4AZ9ASsQU0UA/UBjLVHLF2fUwgGelA9qXYXRvoxv884fmsGPceA02q35cg+gYM4rXdjzvS8ag6aogM42AP0v2KMzrJYx8IBmzynEAyMoV3rypwEjmUdaBnKHekHeg5yTBoREW0IxnjLLgZLJpPA2rSgGboOy48jMBfHYJPaZdj4EvrQi5rycpQHI6jSWrlEE/Z3GG4ScEinqEVVRGkNKzcGfw7LaN2eXq8XNb1VOHKoQr+7FL01aTcVuI9xfJbazRg9i7GZThzt9puTRhcwj04c0OIpfzeOds5g4YqWoA79p7vhB4CWA+hEHdpfVPNoOYBOzGNBD3yiGDjYA/Sfhmk12axDC+iMeUYXMG8MNveNYCa1kI06VD6V+l8vd9r6iIiINr6iBmhCNGFQ6zJMJJBIXMBhX2o8lxA+HL6gzrswiMELqfnaAP/EYJNjOiX/CxgcvGAa9J8pb9E0aCjPoBLMGbo+jV2cHIOWEh04iB7047Q1CFyVTkwabz5wuukgehZjM9WotF11FAvz1mlEREQbW1EDNFoj6hittC5CfyWqYRi7FR3AsRFDa1fWpvBqD1KtVkb5rkNdLq3MabQuVONNCTMYO6sup7Yerrg+IiKiDYQB2oZjHIOmDZD3o/uS+jgK00B95Q7I+X1q+sAY2iO53305FdyHEct6hdCeg5bvOpTlYChz6lEaxnUdQ2XE+jiROlQvHFTXZw3eiIiINj7x3nvvSSklkskkkskk3nrrLfze7/2eNR2tkcuXL2Pv3r3WyUREROQyFy9exJ49e6yTHf3oRz/Cs88+C4/HA4/HAyEESkpK9IYK4zS2oBERERG5DAM0IiIiIpdhgEZERETkMgzQiIiIiFxGvPfee1K7QSCZTOLtt9/mTQLr6PLly9ZJRERE5FK53iTwzDPP6DcJON0o4PF4GKARERERrYVcAjR2cRIRERG5DAM0IiIiIpdhgEZERETkMgzQiIiIiFyGARoRERGRyzBAIyIiInIZBmhERERELsMAjYiIiMhlPFJKaC8A+l8iIiIiKhxrrGX9a0zHFjQiIiIil2GARkREROQyDNCIiIiIXIYBGhEREZHLMEAjIiIichkGaEREREQuwwCNiIiIyGUYoBERERG5DAM0IiIiIpfxIMOTbImIiIiocLRYK5lM6u/tftGJLWhERERELsMAjYiIiMhlGKARERERuQwDNCIiIiKXYYBGRERE5DIM0IiIiIhchgEaERERkcswQCMiIiJyGY/xAWnGB6URERERUeFYY61Mf8W7774rl5eXIaVEMpnE22+/jW984xuG7GgtXb582TqJiIiIXGrPnj3WSY5++MMf4plnnoHH4zG9hBAoKSmBEEJ/zwDNZS5fvoy9e/daJxMREZHLXLx4sWgBGsegEREREbkMAzQiIiIil2GARkREROQyDNCIiIiIXIYBGhEREZHLFDVAkzKELm8DhmKpZ6vZTVstJU8vvF0hm+mFXRcRERFRsRU1QFtbtagNt6ErxGCMiIiINjaP8am1G/2XBFqP9CF8/BRiG3gbiIiIaHMyxlrWXw9IJpOm9+vagiZlDEMNXni9yktr/ZKxITSo07zeLoSk1Lsru7oa9GlpfIdwpKoXwVOL1jkAgFBXal1ad6jeDRpKrbMrJBEbatDTNgzF9DxsyxbqgrdhaA0CwygG6oXyhGEhEJxSpk4FU9OENpGIiIg2rHUN0DB9Er1V40gkEkgkEhhsEpAyhJdrJtA6F0cikUB8HDiuB1yzCAeGkUgMokkIS2aKxhPjqOoN2o47axpU1hOPj6Nj9LghzSx6jwPD8Tji4x0YbStHEMPq+jsw23tSDxKdy7YGpl5FT/WkHnkPtyiTW4a1aHwSnSPHMBC1LkhEREQbyfoGaL4AakfbTC1UWIwijFn01pTD6/WivG0UsxFtfi1amytSaW0I0YQT41XoPTltnaW0dHm9KC9vw6hpTi36hg/BJwTQuB8dxvU07kcHwoguOpdNNA0iceGwsnwxPVWJupF9qLdGYFNBtQVtH0bMc4iIiGgDKnKA5kOg1jJpMYowquCvAITvMC4kEhhG0NTFCXRgPK60UiUSCSQGmyyZrKDxJfSF2/CyIUaTsSE0tgHj8Tji8Tn0WcuVtVWWbTX83bgkJU7jYKqLMzqA+n3ApJSQMoL+OutCREREtNEUNUATwgd/1Sx6g6mB+9MnezHbsd/URek7fAFzfbUIRxeBCj+qMLqqrkMhfDg03Idwm6GlLBbBbG0APgBYPI+JWdMi2XEo29qNQVP4uy8h0l+H+YUocGUBM3WVeAoAomcxNmNNTURERBtNUQM0AGg8MYc+9KKmXOkWbAv3Ye5EI2DocvR6vajprcKRQxVKF+VcH9BbkzagPxfCdxjDxmayxpf0cpQHI6jKowWtUGXLm96VKRDoqcbRbj/Q8gr60YOAEBAHF1DNFjQiIqINTywuLspkMgnt9fbbb+OFF16wpqM1cvnyZezdu9c6mYiIiFzm4sWL2LNnj3Wyox/84Ad45pln4PF44PF4UFJSAiEEPB4PhBCm90VvQSMiIiKi3DBAIyIiInIZj93TbImIiIio8Iwxl/XXA4x/2YJGRERE5DIiFovJZDIJKSWWl5exsLDAmwTW0eXLl62TiIiIyKVyvUmgsrLSdDOA6cYA9SWEYIBGREREtBZyCdDYxUlERETkMgzQiIiIiFyGARoRERGRyzBAIyIiInIZBmhERERELsO7OF2Gj9kgIiLaOIr2mI0rV65I7Wm2y8vLeOeddxigrSP+WDoREdHGkM+PpVdWVpoCsZKSEv5YOhEREdFGwACNiIiIyGUYoBERERG5DAM0IiIiIpdhgEZERETkMkUN0KQMocvrhVd/NWAoJq3JXEkp+8YpLxEREW0eRQ3QFLXom4sjkUhgrg/oDZ5CTDLoISIiInKyBgFaSsWhI+iYncD5RescIiIiItJ4AEBKCam2aml/10Koy9D92RUCAEgZw1BDanpXSNpOC3Upf5VlzN2RMjaEBi2/2BAaDN2s1mW6uhrg9XYhJKUpbeOpqF5OGeqCt2GILX9ERESUN7t4y2namragLZ46jtHaVjRXKO+bBhNIJBKIx8fRMXpcCbCmT6K3ahyJhDJvsEnYTmvc34HRc9NKRtPnEK4FJtSmucXzE0DABylDeLmmF1XjShdrfK4P4bZGw7iyWYQDw0gkBtGIaVPaYUxgVE3lJlNBASEE6gdSAaTdNCIiItq41iBAm0VvTTm8Xi9qeqswPn0IPiEArWXK60V5eVsqGPIFUDvahoahWCoLp2nhKGJSYvpcGK1HWoGJ84jJGM5PAK3NFcBiFGF0YH+jsojwHcaRjllE9GxqlXSAkra2Dy+paSsOHUGHmko0DSJx4bBe7vUzhTMjyn8zPa9iynEaERERbWRrEKClbhJIJAbRpAVnsSE0tgHj8Tji8Tn01Sqphe8wLiQSGEZQ75K0m4aKZrRiAucXp3Eu3Irmxma0IoLY4nlMINVKt7m04ECn8l9d/ytocZxGREREG9kaBGgOYhHM1gbgA4DF85iYNc/2Hb6Aub5ahKOpOwqM04TwobkVmAgeR7i1GT7hQ3NrGOdORoDWZqW1q8KPKoxC6wmVsSEcH021qJlU+FE124uTatrFU8f1Vj03jUFrGVb6qi91+zNOIyIioo1r/QK0xpfQh17UlJejPBhBldqCpnV7al2iRw5V2E4DgIrmVmBW7c5U34dHw/p7IZpwYq4P4Tali7W8ZgKtcyf0VjwjIZpwYrwDo2raIFr1Lk4iIiKitSSuXLkik8kktNfCwgIaGhqs6WiNXL58GXv37rVOJiIiIpe5ePEi9uzZY53s6MKFC6isrERJSQmEEPB4PLYvIcQ6tqARERERkS0GaEREREQuwwCNiIiIyGU8dk+wJSIiIqLCs4u7tGnGeSIajcpkMgkpJZaXl/HOO+/wJoF1dPnyZeskIiIicqlcbxJ4+umnUVJSot8M4HTDAAM0IiIiojWQS4DGMWhERERELsMAjYiIiMhlGKARERERuQwDNCIiIiKXYYBGRERE5DIM0IiIiIhchgEaERERkct4rE+zJSIiIqLisfs1ASu2oBERERG5jIhEIlJKiWQyiWQyyV8ScIm/+9Uy/u83lnDjdtI6y9auRzz4p8+X4Xc+W2KdRURERC6g/ZJA2q8G2LwYoLlU17k7aHlmB1qrH0GpR1hnmzxISkzM38bU27cwuH+7dTYRERG5QC4BGrs4Xer67SQOfClzcHbvgcSP372LpAQOfOkRXM+ytY2IiIjcjQGai20pcQ7OAGDwYhx/8R8/xk/eu+eYVsoQurxeeA2vrpD9gMT1opSxAUMxd5VrPbAuiIgIDNA2rh9E7+A/v3sXj+8owXO/VWadbVGLvrk4EokE4uMdGG17GSGHu0aIiIho/TFA24B+mVjGyE8S8Aig++vl+NTWHHZj4350IIzoonUGERERuUUOn+y0HpaWJS4u3sXSstLitZwE/o+/+Rh370v8o3+wA1/67EqtZxbT5zBa24rmCuWtjA2hQe/+7EJIylQ3Wyg1ryskERtq0LtJG4ZiepaFyAMAEDulp802/66uBn2ant5m3cb8Ql2GLt+ukLpMDEMN5m5gu2mhrlQXsbU7UsaG0KDlZypz+jLGchvTNp6K6uUkIqKHFwM0l/vJz+/h1R99jKEfJwAA/27uJqLX7sO/ewv+Sc2j1uQOZtFbUw6v14vyc/uRuHAYPiEgZQgv10ygVe/+BI6f0prWZtF7HBiOx9Vu0XIEMax3k872ntQDpdXmkZZ2rg/oDWIotnL+4cAwEolBNAnrGDz7/ACgaTCh5BUfR8focWX69En0Vo0jkVDmDTYJ22mN+zswem5aWcX0OYRrgYnzSnkWz08AAZ9a5l5UjatlnutDuK3RMK4sVe5GTJvSDmMCo9omEBHRQ8uDLJ9oS+vjuc+VYecjHvwodgenX7uJv/7pLWzbIvAvv/5plGQdXitj0OJzfagdPZcKihajCBuDt7ZRzEa0lqZa9A0fgk8ItVu0Fq1as5uxm7QQeVjSCt9hHOmYRSS2cv56fmkc8gMgQ11KXuVtqWDIF0DtaJu5Vc9pWjiKmJSYPhdG65FWYOI8YjKG8xNQyrMYRRgd2N+oLGJdv6nci1GEa/vwkpq24tARdGjJiIhoU7HGW5n+z/ojntbHp7Z6cKi+HADw7+dvISmBzq968Rve3B9IK3yHMdwXNrRAAUAHxuNK600ikUBisMkwL1uFyCNFyhiiYeOU1eVvzE/GhtDYBozH44jH59BXq0wXvsO4kEhgGEG9S9JuGiqa0YoJnF+cxrlwK5obm9GKCGKL5zGBVNcxERHRajBA2wBqv7AVv+dTHkD7D7+4DS/4838YbcWhI6jSuvsq/KjCqCVgy1Eh8gAAzOpdhVg8j4lZtQUq7/wd8otFMFsbgE+fbl7Kd/gC5vpqETbcRWGcJoQPza3ARPA4wq3N8AkfmlvDOHcyArQ2K62Fapm1nlAZG8Lx0VSLmkmFH1WzvTippl08dZxdnERExADNze6rNwYAwD//h168tLccL31NaU2zMqbNRIgmvNQH9AZPYRGNODHXB/TWpA2az5YQTavOQ1GLqojSUlVe04uq8RNoEmIV+dvnh8aX0Ide1JSXozwYQZXagqZ1e3q9XtT0VuHIoQrbaQBQ0dwKzKrdmer78GhYf6+VOdymdsvWTKB1Tl2/hRBNOKGOz/N6vQiilV2cRESk/NST9jNPUkosLCygsdHuqz6tJf7UU/6kDOHl8uMIzE3jsC9z3REREa2V6elpPP300ygpKYEQAh6Px/F/BmguxR9Lzx8DNCIiciMGaPRQY4BGRERulEuAxjFotOkI0YTBxAUGZ0REtGExQCMiIiJyGQZoRERERC5jCtCMT7IlIiIiosKyxlpO/7MFjYiIiMhlGKARERERuQwDNCIiIiKXYYBGRERE5DIM0IiIiIhchgEaERERkcswQCMiIiJyGQZoRERERC7jgeGhaXxILREREVFxaHGWNe6yxmBSSragEREREbkNAzQiIiIil2GARkREROQyDNCIiIiIXIYBGhEREZHLMEAjIiIichkGaEREREQuwwCNiIiIyGUYoBERERG5jMf69FoiIiIiWhvWXxDQ3rMFjYiIiMhlGKARERERuQwDNCIiIiKXYYBGRERE5DLinXfekcvLy5BSIplM4p133kFTU5M1Ha0RKSWuXbuGDz/8EEtLS9bZRCsqKyvD448/jt27d0MIYZ0N8DjbNLLZ10TkHqFQCE8//TQ8Hs+KLwZoLvPrX/8ad+/eRSAQQFlZmXU20YqWlpYQiUSwbds2PPHEE9bZAI+zTSObfU1E7pFLgMYuTpe5fv06/H4/PzQpb2VlZfD7/bh+/bp1lo7H2eaQzb4moo2JAZrLLC0tYevWrdbJRDnZunVrxq5LHmebx0r7mog2JgZoRERERC7jAQAhhOnptURERERUeFq8Zf0FAWsatqARERERuQwDtE0pioF6ASHUV/0AotYkbhEdQL2ox0DBCjiFoLbdQkAUNO9VKvi2ro+poLF+U6/6omzYw3wsE9HDjAHaZhMdQL0IYOFoqglVngbOTlkTrpcpBI0fYv5uXJKX0O23JFuVOvRHlG2P9AM9B9frQ30ttnXttQxrx9YkOg11fSnnDbPUjxWPZSJ6iDFA21SiGDjYg+pJieEWw2R/N7qN7x8i/u6j6JwZw1mnIIBciscyET3cGKBtJtGzGJvpxIFMH2DRAdQbuqWCemuE2howELTpsso0z5pnEKkGDnP3VOfkFIJiH0Ywg56AgAhOpbdC5FW+bCl5BIP1qXKutL6p1PyVt9mYfwv25bStWh7mOkuVZwPJYrvsjwVjHjyWiejhxgBts6mrxFPWabopBANKq4SUEjLSj/l9xi6mGfQsHFDmTXZipudVwweU07wpBANjaFe7ueQkcGwgqn6gBTDWHtG7p0b2tWDY2C1mahrR8sq3fPaiA8cwUteOF/VupxnMV56GlMNoyWZ9x4DT6jz0HFTnOW2zMf8pTK64rTZ5TL2KnupJvc7SFnO97LZr5WOBxzIRPdwYoG02Mwu4Yp2miS5gHoZWCX83jnbOYEFfoA79r6gzWw6gE/NY0D9QHOZFFzCvtSIIAbFvBDMLV/QWkKO5DMhZVfmMUuUJ9FRj8lI3UqWoQ7sWrWWzvtPqssZ5TtusLqPnn4lTHk9Vom5k38ZtUSnkdvFYJqKHGAO0zcT/ItrrRnBmzb+Kd2JSbVmQ0q41Ya2lBq4rLWWFEMXCvPF9IbbZJg9/Ny5JidM4aOkW20gKsF08lonoIccAbVPxo/toJ0b2WT4AowMYmALgr0Q1DB960QEcG1lhnM9K1DxTXXzadOUDNm16JsUoXyYrrm8GY9rdBcYxUU7bnIsV8vB3X0Kkvw7zG61ZpWDbxWOZiB5uHv2bIn9FYHNoGVbHu6QGJ4uDwIstANCCYeO8wBjaI6ttYVLyRE8gtb7glPIBe2kS1YbpygdtCw50OgwML0r5MllpfXWoXlBafESgB9WT2jynbbZaeVvT8phKDRwP9FTn1q3mCrlsV6b64bFMRJubXfxlfC8WFhZkMpnE8vIypJSIRCJoamoyZEFr6fLly9i7d691Mq25KQTFMVRGNu5zrS5evIg9e/ZYJwM8zjadTPuaiNwjFAohEAjA4/FACIGSkhJ4PB54PB6UlJRACKG/ZxcnERERkcswQCMiIiJyGQZoRLZaMMyf7SEionXCAM1lysrKcO/ePetkopzcu3cPZWVl1sk6Hmebx0r7mog2JgZoLvPYY48hGo1iaWnJOosoK0tLS4hGo3jsscess3Q8zjaHbPY1EW1MvIvTZaSUuHbtGj788EN+eFJeysrK8Pjjj2P37t0QQlhnAzzONo1s9jURuUcud3EyQCMiIiJaA7kEaB79gWhCpD0wjYiIiIgKw/hwWmurtzX+4hg0IiIiIpdhgEZERETkMgzQiIiIiFyGARoRERGRyzBAIyIiInIZBmhERERELsMAjYiIiMhlGKARERERuQwDNCIiIiKX8cDyZFsiIiIiKh5j3GWNvbRpbEEjIiIichkGaEREREQuwwCNiIiIyGUYoBERERG5DAM0IiIiIpdhgEZERETkMuLtt9+WyWQSyWQSy8vLiEaj+OY3v2lNR2vk8uXL1klERETkUnv27LFOcvT9738fgUAAQgiUlJTA4/HA4/GY/hdCKH8ZoLnL5cuXsXfvXutkIiIicpmLFy8WLUBjFycRERGRy3iMT7AVQphmEhEREVHhSClN8ZYQIu1XBYQQbEEjIiIichsGaEREREQuwwCNiIiIyGWKHqBJGUKXtwFDMan+74XX8GoYilnSmud3hay/8h7DUIMhTcMQYmm/BJ9ap920TOuxW9b9phAU9RiIWqdnawpBISAMr+CUNU3hRQfqTevUX0VZefo21psqLN86zHc5O4XMy45aB2n1W+z1Zit9H6UVtQg2x3FIa24qaNiPQRTjaFlZFAP1huOpfgCrOnSiA6g3Hn/aNtYPIGKdt2lMIVg/gCiiGKhfr/1or+gBWrpa9M3FkUgkEI+Po6q3Bt6ukP38uT6E215GSA3AZGwIjeU1iBxR5icSCcSHgfPThsWzZljPeAdGDet5ONWhP5IapDjcYp1feP7uS6aBkXKyE0AnJou2cuM2TqK6J1CkD2ErN33o1qFuft+aBD754XG4MeV6jOeaPleFzt+SX3QA9fuASe2YiVRiYa13YXQA9SKAhaOGY/c0cDancli2y9+NS/ISuv3qvH0j6JyUkJe6ETDNy1Wh9keh8tkY1iFASxGiCSfm+lA7es4+OKrwowphRBeVlrNTwV5Ujccx2GS4+8F3GIcN7/PSuB8d6npovWgXg2EU62PRrAXDkX7UjZxx1TemtdB+tB/zx1b5TXvT4nFIWbiygJm6Sjylvfd3o3ttDhhVFAMHe1A9afkSU/By1KFS30haa+saoAEAKprRWjuKc3atYNPnMNpxBId9Alg8j4nZDuxvtCYqgOlzGK1tRXOFdUaKDHXZdqeupVQzuvItIhishxBBTGoJrgyg3tRtojR/m76cTwWV5mr178of0uYmdD2vaGpdpunaN5yp1PzglLkbydylo4gOHMNI56T5YrPSOgZSXQymPE3LZWiy9r+I9roRnDEmSKvDVJ3pazDkXz+wYFgYmAoauhuCU2pZ92EEM+gJpLrN0tMZ2JXBcZls9o+lDp7qxtHqHhy02Q9wXE+O+zXT+vOSzXbaHCPZlle1UY9D67XBsUy29Wi8nvwhgk7XDJs6VfK2P8ad2aW3XtOsLSWW93bbbirnavI311HnpE1+LQfQOeNwDtmVLcs6Vla/0vJBTEbPYmymEwcyBWMr5tOCfdbtUuf3R8zbnNrPxjqzO5bsrh829edYvkzs8sllvzqtswXDl7rhhx/dl9QvZtZzbZ2sf4CWZha9NeXwer0obwPGTxgistoAfMakq2JYz7n9SFw4DJ/LnwMnJ4Fj+pE2g/nK05ByGPvU9z3HgNNSQkb6gZ6DGIj60X20EyOGK//UmRF0Hu1GQJ+iUQ9604EbxUB9AGPtEUuX0xSCAeXbm9K834/5fcaTwlCWyU6M7BM4iNN699FMz6vmkzE6gIM9QP8rxqtNFutYOGCT5xSCgTG0a11IpjpbiV0dWtOYy3UaYxgxzG0ZTnVddY4cw0C0BcNyEp1at5b6yZ+eTsvBuQy2y0y9ip7qSZv9k7kOWoYnUW27fQ7rAXLYrw7rtwQ61gu7vg4eh47HQEqm/J3K5FSPyjLK9eT/w3DGa4Zd2WyO8Yz72ia9qQzaNc1Jpm0HxGrzt5xTI/vs8mvBsIygfUx5IrwpaHcs28p17M9qebX8xha8NNnkM4XJtO1SCGHe5ktp/ZrOx1L69cOu/hzKt47HjRu5JECrRUCPvIxj0AI4Xt6YGrA/G0HqloLVUtYTz9TFaiCaBtc9iBP7RjCzcEV9V4f2F40nTR36T3fDD6WZ+2jnDBauQPmmp3efTOHMfD9eaQHQMgx5SU2vLa8duFL9FqF+SztqPTmjC5iH4dubcX2AuSwtB9BpLGvLAXRiHgv6eaE01aP/tHlsQzbr0D5IjXlGFzBv/JA31ZkdYxO+Ux0a6iq6gPk6tQ4B+LuPolPPC4aBw/tMgVsax3QOZXBa5qlK1I3ss7TcZFMHLRierEbPq6YQRWG3HiD7/eq0fn83LqkXc+PL1FrF49D5GLAeh475O5XJoR4B8/XE6ZqhprMtm1VW+9rKek1z4LTtadc0qyzztzunbPnRfUkL2tUgwqlsQHZ1nO3yADCzALuqB3LMJx+ZjiXH64eBU/nW47ixs+KxtDY8wuYJtmtq8TwmZqvgt+terGhGa+0sIrEVukLT+BCotUxajCKM9PUI32EM94Vx/JT7B6BJaf6W4yyKhXnt/xa80j+PYwNRRAeOYb79xXU/6IyiAwfRg36ctjvR89aZGrybqc6iZzE2U41K21Ub6zBLUePA4Qj666wJVNmmM5bBaRn1gnYaByFM3+SzqIOWV9BvvWHAaT05y2L9LrIxj8Ms889ZtteMTGUrtmJte6ZzyoG/G6f76wwtYtmULVMdZ7G8Xbd4mizyKbScrh/rUL51Wac9rQza/1ZSyjVoQcswvkvKEF6u6UXV+Ak02bVMLZ7HxKzSuiaED4eOdGC0rdz06A0ZG8KQ5VEcQvjgr5pFb/CUPmZs+mQvZjv2266n4tARVPUGMz5aww1j0DKbwdhZ9RufZXyC/8V2YOxVvDqG1DeNbPrY1YtAWjOwvxLVMFwcogM4NrLCeAhbU3i1B6lv5Eb5rkNdLq3MabSuK+NgcOc61PkrUT3TA63hKTpwLPUt0ThwOHoWYzOpxUwypnMoQ8ZlAH/3JUT66zC/EM2hDvzoPt2P+X2Gb7orrCcrTuvP2H2RAY/D9PVlnb+BUz3asL1mANmVDavY17qnUFlnbD0+kzpG89n2NBnyV5nOKaupAdNYrLNjM6irfCqnsqXquDrVEpX18urwFa3lThMdwMBULvnkyelYyvb64VQ+1x83a6uoAVqX14vytjD6hg8ZugYNY7/KjyMwZ74r0zS/ZgKtc9PKTQJqN6Py6A1lvtfrRXkQaLa5caDxxBz60IuaciVtW7gPc8bxbAZCNOGlPqgBHUxl8Fqe1baehMg0ALcO1QvKNz5hveD7u3G0egQj1Ucz3CJtHPujDQr1o/uS+hgA04mi3Hk2v09NHxhDeyT3u96mgoYBn8YTMji1inUoy8FQ5lSdGdd1DJURa9O5Qx2agtkWDKvjmYQQOIj2VBdnyyvoRw8CQkAcXEC1/u2xBQc61XUHpzKkg3MZnJbRuxMEAj3ahT5THVio3/51TuvJicP6s+q+4HHoeAxYj0PH/J041aMNx2uGQ9msx/iK+9qSPk0qABFCQJyBYSiBw7Zb6ifv/B3OKfM5XIkFfR8G0FM9qY7TciibHf+LaMcIRqoPGI6nHJZvGda7V/W0B4EXlQtGlvmsVE9OHI4lx+uHdT0O5VuP48ZONg0Ya0C8/fbbcnl5GclkEslkEtFoFN/85jet6WiNXL58GXv37rVOXrWpoMCZA9YPAsoG647cYK2Pw/T1TSEojqEyku+zsIorvbxE+cnlWLp48SL27Nljnezo+9//Pvx+PzweDzweD0pKSvT/017WhWkTig7gmGmgL2VvCmey6dIiKqo1Pg433DVjjeuHNjH3HEsM0DY19Tk1gTG0242voSy0YFi7m5Bo3azVcbhRrxlrVT+0+bnnWGKAtqmpt4Hn/fMcRPRwyXTNaMGw7XQiKgYGaEREREQuw5sEXOby5cvWSURERORSxbpJQLz11ltSC84YoBEREREVh1OAJoRIm8YuTiIiIiKXYYBGRERE5DIM0IiIiIhchgEaERERkcswQCMiIiJyGQZoRERERC7DAI2IiIjIZRigEREREbkMAzQiIiIilzEFaFJKSCmNk4iIiIioAKxxlvW9EEL/ny1oRERERC7DAI2IiIjIZRigEREREbkMAzQiIiIil2GARkREROQyDNCIiIiIXIYBGhEREZHLMEAjIiIichkGaEREREQu4zE+xdb4BFsiIiIiKiy7WEubpsVkUkq2oBERERG5DQM0IiIiIpdhgEZERETkMgzQiIiIiFyGARoRERGRyzBAIyIiInIZBmhERERELsMAjYiIiMhlGKARERERuYweoBl/UYCIiIiICs/4awHGaVZsQSMiIiJyGQZoRERERC7DAI2IiIjIZRigEREREbkMAzQiIiIilylKgPbhxAT+9rd/2/H14cSEdREiIiIiUolwOCyTySS0VzQaRXNzszVd1j6cmED05Zfx5b/4C9xbWkIymdTneTwebC0rw+v/6l/Bf+IEHm9tNS1LREREtFmdP38efr8fHo8HHo8HJSUl+v9pL+vCq3FtYgILL7+Mmm9/Gzffew8fv/suPvXCC9j9rW/hUy+8gI/ffRc333sPNd/+NhZefhnX2JJGRERElMYjhIAQwjo9Z7+emEC4qws13d2IRyJYunED969fR+ljj0FKidLHHsP969exdOMG4pEIarq7Ee7qwq8ZpBEREdFDZqXYq2AtaD/r6sLzHR346Gc/w9K1a7h/7RruXb2KT6JRSCnxSTSKe1ev4v61a1i6dg0f/exneL6jAz/r6rJmlUbKGMoavHjUq74ahuCxeequG8jYEB7xNqAsVrjyyVDXitttXK+UIWzLsQzZLKOkMewHrxePDMWsyfKWTRkKRcoQtqn1abdd20LFL4NnqMG0Tv3VFbImXTW7bTTuu0x1b6yrtZDN8V5ImbbdyjPUgEe7QhnPc2N+ueSdjXzyy2cZI7tjh+dHdvJdzk4h87Kj14Glfou93mzZ7aPNdhxaFSxAuy8lbi0s4H48jgfa6+OP8Uk4DAD4JBzGg48/1ufdj8eV9CtcgGVsCDvKa+A5EsfNRAI3EwkkhoHSaWvK9WE9eIXvMG4nLmDJlzkyzpaUIWxvG8X98ThuXjiMpEPEXej1OqvFvTllXyTi40j21qx4oFrryJ1S23UzkcDdpmLXI5A8fEFf381EAonxDgAduH2i0Zq0QHLfd8WQ6XjI9nhfDzI2hG0Trbh1onENzze34PlRLJnOh7VXi+Vw25oEPvl5GI7DlIIFaA8ALN+8aXrh9m0k3nwT965dQ+LNN4Hbt9PSPLBmZCBlDFuDvUiOx007QvgOY2kNdox71CLps05bf0I04c5cH5ZHz6FkhUCbMksFJiewvAZBibv3nTuP95LzE0Brs6uCxocFz4+18+BIHzzHT61J6/VGs9bHYcECtPsAkrduYdnwEvfu4eYbb+Cjn/wEN994A+LePdP85K1buG/NyGjxPEpnO3A/Q6CqdDWkN3nq30qG1O4SQ5N1pnnpeXbpJ6i1q3Xr90PYXt6GLZjF1ppypevD8m0on/Lp5ZDm/LX5JV3pzazW9Ro5bo9h+o5T0VT6UFf23UsVzXhQO4otaoumtWzWbdDKa01nEjull8tYJ3bLWPeJXr8O26wRogl3s2ihyS5/m/0aSs3fFpKmZnLrfgaAklPHsaVj3PRFZMV1OBw7K227zrLvAPu6d6qr3MqhlN/peNDyszve7fIxrV871wzvcymb8dh3ImUMpRPAg+YK9b3zeW6bn029wuH4sp5/mfK229da2bZ1NajT1MSWMmjrNraWaOsWoZeyugbYlR9p5bLZZ5vo/Mhlf1mvYdZj3hXXR98h3KvqxbZTi6lpBvbryW2/Zlx/HrLbTptjJMvyapyOw2IpXIAmpW2AtvT++3jrX/wLLL3/vn2AttKOqQ3AKYWUIWyvUVrYbiYSSMz1wdPWaAhSZrE1sl9vlizpPWk4EOznKXlO4IHW1D0ObD21qLTmNdagtHVOb+q8980m3ImP477W7DrYZCjdasunfosz5H/7sNKssDyoNrXGx3F/9LhtUKZx3h5z2e5iAlusC+fBWrati422dWRNZ6qT48DdeByJuT6gN6jPs11m+iS2Vo3r++Ruk3Dc5szUC6ThgmG3z1P5r7BftW0Y78CWtnJsw7DjfpaxIWzrBe69lPomktU6bI6d/LZd41z3zjKVI738TscDHI53p3xWLheyLlt2x34MntkqLCvxmcnK+dnXq9PxZZQp78z7ehaewDBuJgaxLJT31jJsXazAvSMd2HIuFYGUnhvF/SOHkIT1iwvPD7s6tB6H1nJZjwXrNczpfLCms627Il4fH5wYR9Jm++C0HiDr/eq0fmswZQ2q9HW48DgsloIFaA8AyPv3Ta/EjRv49Ne/jrqLF/Hpr38diRs30tJk6uIEAMxG0i4VusUoPEi1sAnfYdzrmIVHD3xrU5XZuB/3EUaJfhw6zFuMwmM4CLxtoyiJxPTWvHuHbK7QTlZVPmfaIGpvedvKHyyO2xOFp7YPS+rqlw8d0VszRdNgjuN/Ul1S2ZbNOV0t7g0fQlKItPqyXcYXwPJom/nbjtM2Z2Qc2zCoNF877fNs9qu6Dcp+rdVbXqz7WevGR9+weTxTNuuwO3Zy3nZjd6Jz3TvLVI5M5c/SqvLJUDaHYz8vK+bnUK8Ox5fp/MuUd8Z9bTjm1Pe2ZWjcj/tqN56UIWwJK+tKvwbw/HCqw6z3l9M1zIZzOvsyOC6T5/VRiCbcGa/C1pPpg71t1wNkv18d1q+M61QCLOPL/KXFncdhsRQsQLsvJbZYMpRSouLP/gxbP/c5VPzZn0EaolEPgC3qco7smpjXRAdux7WDIJHWMraeZGwIO9qA2/E4EvE53Ku1prBTxO1ZPI9StWUh27JlnU7GUKLcY+K4jHZS30UQj5q+bRVxmwuo5FQQW9GHu9aLy6pkue2GfWdlrHsqnMLXa5b72sBYBiGasNQXxtZTiyg5dRwel42x20znh9M1zCrrdMW+Pja+hHvhNmw3fP46rSd3WazfRYpzHK6sYAGaf3AQ5z/8EOVlZSgrLUVpaSm2bNmCK3/6p7j/q1/hyp/+KbZs2YLS0lKUlZaivKwM5z/8EP7BQWtWOiF8ShN8W7l5nERsCGUhCVT4kUQqgJOxIWwdzTxmbUVqntYmXy1YTJueSTHKF4ugROv2XTyP0llrAgvH7fEjOduLMm3s2Knjqa6TLMegpZqQ1QGT2ZYtY7pZlJ5Xy2ocg5hxGeVOm1t9tfBEF523OVdO+7xA+1XKEMp6kfoWZ5TvOrLc9rR9BzjXfT7yLb9Vxnx8SNYavhFPn8vYKqHLdOw7juX0IVnr0MKdIT+FQ706HF+m8y9T3lnua4VDGQAsN7cCEydRZhxjl801wKH8mfdZ9jbk+ZFpf61wDdNlTOdQhozL5Hd9FMKHe8N98LQZWspWWE9WHNYvs+ritOGC47BYChag1ezfj8rBQfyHX/0Ku7Zvx/atW/H444/j3sWLeO13fxf3Ll7E448/ju1bt2LX9u34D7/6FSoHB1Gzf781KxPRNKj2HWv9zl54g8CDxtSdNto8b80EHsyt7u4KLU/01qQOkq6QcrBOq7deGw4cIZpwvyN9wLMxr0KWD40v4R56saO8HN5gBMkVvsE4b08T7qj97o96vdiG1iy7eQxN0+XHkZwz3GHrULa0OnJIp6hFMqJ82/MaL5AOy+jPzPJ6saO3CvcOVThuc2bGsQ3KANFM+7wQ+7X0ZcPgYONFSds/eawj87Zn2HeAc93nIVP5046HDDLnk/oC96jXC+855WalleRz7Avhw4NWpD4cTfNWys++Xp2OL6NMeWfe11b2ZYDaynKvahRbqo5keGwIzw+nOjQGs5n2l9M1LO18cEinsC+D0zKrvT4K32Hc7TMUwGE9uXBaf3ZdnO48DouloL/FeefOHbxx7hx++tJL+GfPPmt70dsC4N+89Rb+wcmTeH7/fmzfvt2ahIjIdWRsCDuCwN3pQ1jGNLaXn8P9eO4XfDcq6fJiy35rQELZYN1RLqy/xWn30n6fs6ABGgxB2txLL1ln6WoYnBHRBuQZasCOyBEk9p+D93gAt6Ztuj02GGPgudG3Za1JGdpUgToV37oGaFCDtHfeecc6Wff0008zOCOiDUfGhrCjphclqMW9uekMXYLupz2eYOvsxt8Woo1i3QM0IiIiIjLLJUAr2E0CRERERFQYDNCIiIiIXIYBGhEREZHLMEAjIiIichkGaEREREQuwwCNiIiIyGUYoBERERGtEyGE6aVhgEZERETkMgzQiIiIiFyGARoRERGRyzBAIyIiInIZBmhERERELsMAjYiIiMhlGKARERERuYwIh8MymUxCe0WjUZw6dcqajoiIiIhW4dChQ/D7/fB4PPqrpKTE9F572QZozc3N1jyJiIiIaBXOnz+fdYCW1sUppbROIiIiIqJVMsZY1l8OsEoL0IiIiIhofTFAIyIiInIZBmhERERELsMAjYiIiMhlGKARERERuQwDNCIiIiKXYYBGRERE5DIM0IiIiIhcRvzbf/tvpZRS/yWBjz76CJ2dndZ0RERERLQKIyMj2Llzp/knnYSw/zs7O2v6qaef//zn+P3f/31rnkSUIyklrl27hg8//BBLS0vW2Q+lsrIyPP7449i9e7ftE7SllLhx4wZu3ryJBw8eWGc/lEpLS/Hoo49i165drLMsZVNnPDfNsjk3WWdmK9WZne9973t48skn03/WyfLTT0IIBmhExfLrX/8ad+/eRSAQQFlZmXX2Q2lpaQmRSATbtm3DE088YZ2N69ev4969e/jMZz6D0tJS6+yH0oMHD3D16lVs3boVjz32mHU268zGSnXGczPdSucm6yzdSnVmJ5cAjWPQiIrk+vXr8Pv9vJgZlJWVwe/34/r169ZZAICbN29i9+7dDDQMSktLsXv3bty8edM6C2Cd2Vqpznhuplvp3GSdpVupzlaLARpRkSwtLWHr1q3WyQ+9rVu3OnaRPHjwAFu2bLFOfuht2bLFsfuSdWYvU53x3LSX6dxkndnLVGerxQCNiIiIyGUYoBERERG5DAM0IiIiIpdhgEa0qUwhKIRyi7b6Ck5Z02RrCkFRj4GodfrGIOW7+MHwMIZ/8K7N9DG88ZE0TacUre5GRkb019gbH0F+9AbGsqi7ldJtvn0QxUC94byrH8DanTYb+zxNcdoOp+lG2aTZeDy1tbX46le/iuMzygQpF61piGhDqUN/REJKCRnpx/y+IPKO0Ta8Xdh1I4QfvLv6QGDzBRUr2YXn27+Fzs5OdHZ2ov35nRA7n0d7sB3P78z8zKds020K0QHUiwAWjqrnnJSQp4GzD+9JRwXiee211/CT8Zdx5V924rsfKA+jIyJ3mwpm+W3RX4lqzGMhm7SbVMWXv4wbr7+Jj4p4bZPyI7wx9gO8W8R1kBtFMXCwB9WTEsMthsn+bnQb3xPZMPZ0GF8aDwCIz/8T/PcHfob3PjAuSkSuMxWEEAJnDlxCt98608bUGYx0HtXTTgUNFwJT36e5iya9W1TtOk2f4X6ffg5f3vU6Lrz5sXUOoHfHKd15w8M/wGLyBt4YG8bYGx8p89/9Ab7z3Qs4PxJCTHyEN8b+Mq3bVIideK6tAosjI2nzNhNjK6L+/xs/MHWDpqf7CG+MpbpLTa2ZH7+p17227IYSPYuxmU4cyBCM2Z9zapfcgHI+CyFQb/rG5XA+RgdQr3+QP6Qt4yvWgVq3U6l05rrdODgGjWgj0C5KZw5ASsu39TQz6AmoF7B9wKQhccuw1g0zic6RY2orXBQD9QGMtUf0Lhpz/lEM1O8DJiVk5hW71pPfaMKu1y+kdU9K+S5++N1FVPxjpRuvswl4Y07gubYm7Hr9Tbwr38UPQ8A3219Ac2cTfHInnm//FoIvfNGUDwAI8UW8EAyis2IxPRDZkG7gjbG/tA+sDGle/7gCnZ2d+FajDzdefzO9FfHnb+L1XU16V+kLX9RaCG7g9deBhkzLbgR1lXjKOs3A/pyDcp4uKOeznOzETM+rarDhdD5OIRgYQ7s2fGESOLZBAw9nhmuX/tqHEX1+tnUwg55jwGl1mAd6DmbX4+AyHgCQ7/87/D9nDmDvV62zicgNpl7twQzq0P9KNgGScQxaJY4ZB8+qLXCmi57aCnDUoUlu7KDyYbFBYzNADZ6+0bQLr7/5c/OMj2/ghiEQ+cvpGG58/LGaHpj+y2mg6Rv4Ypa/swcAePI5PL9T4krohxsz4NCZx6ClAitzmi8/96Ty75MVeAo3cMPaUPnpT2PXlZBNC9kufLnhOewUwnnZjWBmAVes04zszjlAOU+187nlADq1oQhO52N0AfOmL18jmFnIuOYNyHDt0l+T6NRmZ10Hdeg/3Q0/lO7mo50zsE3mcp6vfOUr+GrbD/DCd4+A8RmROynfwk8DB52a9R34X0R7nXpxig5AaQiTkDKC/jprYjszAOocLoIbzJPP4cs3QvihJUYDnkLjt1KBiF3rWDZSXXkXgIZOBIMv5BbYbVLKDQNBNOBChpa4Dcr/ItrrRnDG6YTM65zLpFPNS31t5G9Necu1DqJYmLdO2xg8r732Gv72b/8N/pvPKxcSISqsaYjIFfzoviQh5QGcyfaW8uhZjM3UofIpAFcWMKN1x0TPYky9c1v7kLHvKqhD++lLmMS+DTuOQyPETjzX8GXcCIVSLR6f3oVduILXLePTpNq12fitRiCLljApP8Kb41pg9pDcvZijnc+3o/35nbixIZvJnPjRfbQTI/ss4zajAxiYynDOZeJ0PvorUQ2b6Q+TrOtgBmNn1TRZjBN0K45BI9pwWjAsM90kYOgCCIyhPaKmbXkF/ehBQAiIgwuo1r/N+9F9aRLVPYH0QcmqluEI2scCa/x8p8ITO59Hw5d3pd6LL+Ib//jLwOvf1cdafefCT/HmeAg3vvwcvii+iOe+fAOh8TfxMZ5ExVNKd6j1RgAhduL5dgZmduS7qZsIvvv6Lnz5uU9bk2xsLcPq42wM46YOAi+2ZDrnMnE6H1swHOkHDNM35E07q5JtHdSheuGgeg3sQfXkMDZgfAbx2muvyWQyiWQyieXlZbz77rv4gz/4A2s6IsrR5cuXsXfvXutkAnDx4kXs2bPHOhlXrlzBU09lGnL98HKqG6fp5Fw3PDedOZ2bG6fOphAUx1CpfTFdA051Zud73/sennzySXg8HpSUlMDj8di+hBBsQSMiIiJyGwZoRERERC7jefvtt7GwsICFhQW88847uHr1qjUNERER0Qaw0hjd9fXrX/8akUgEkUhEj73efvttvP3223jrrbfw1ltvIRwO46233oKnsrISTz/9tP564oknrPkRUR7Kyspw79496+SH3r1791BWVmadDAAoLS3F/fv3rZMfevfv30dpaal1MsA6c5Spznhu2st0brLO7GWqMztPPPGEHm9VVlaisrISzzzzDJ555hk8++yzePbZZ1FVVYVnn32WXZxExfLYY48hGo1iaWnJOuuhtbS0hGg0iscee8w6CwDw6KOP4tq1a3jw4IF11kPrwYMHuHbtGh599FHrLIB1ZmulOuO5mW6lc5N1lm6lOlstMTs7q9/FmUwm8fOf/xy///u/b01HRDmSUuLatWv48MMPeVFTlZWV4fHHH8fu3bshbB7iKqXEjRs3cPPmTQYcqtLSUjz66KPYtWsX6yxL2dQZz02zbM5N1pnZSnVm53vf+x6++MUvpt21aX0JIRigEREREa2FnAK0M2fOSCmlHqBdvXoVf/RHf2TNk4iIiIhW4a/+6q/wmc98xjYgS/tfa5bTn8qbZTMdEREREWXPKdaym552k4AQArdv37ZOJiIiIqI83b59W28hs9J//F1KPVDTW9A0W7ZswfXr103TiIiIiCh/169fR2lpqSkIs75gCNY81oSlpaW4ceOGNV8iIiIiytONGzdQWlpq24KmMQZqaS1o27dvRzgcRiKRME0nIiIiotzdvHkT4XAY27dvN03XYjBrLCa0H0s3JigpKcH27dvx+uuvmxITERERUe5ee+01bN++HSUlJRmDMiNTC5rWtLZ9+3ZcvXoVP/zhD9mSRkRERJSHmzdv4oc//CGuXbuGRx55xNSFCYe7N/UA7uzZs/qDarWBacvLy5BS4tatW7h9+zaqq6uxa9cuPPbYY9ixY4eeCRERERGl3Lp1C9evX8eNGzcwPz+PRx55BDt27DA/hNbuuWce5cEa+nQtQDM+rFb7X0qJ+/fv4+7du3jw4AHu37+vB29SSmuZVqXQ+WWyEdaVz3L5LLPWNkIZ3Y51SJlYu0kod2tZhxthXfkul4+NvC5joLVlyxaUlpZi27Zt2LJlC4Q6hMwYnNkFaab5Z8+e1X9JwBqkGafbzXOSaZ6TZDJpnZSVfNaVzzL5yndd+SyXbx1uBGu5bfnUfb7Wcl30cCj0h06hrWX5tBYJN8unPvJZBmu8XD7LIM/l8lkGeS6XaRktuDIGYnqwZTPPLkgzTv//AaFic+wVfu8nAAAAAElFTkSuQmCC',	'2026-01-23 06:25:18.116194',	'46fc4d45-8c69-4a99-bd45-3c3d95e1a3c2'),
('6f2532a4-3012-4760-bfa2-24d5ad83c3f3',	'2026-01-23 01:57:13.417103',	'Đặng Lý Trung Dinh',	'312312312313',	'CCCD',	'data:image/jpeg;base64,/9j/4AAQSkZJRgABAQAAAQABAAD/4gHYSUNDX1BST0ZJTEUAAQEAAAHIbGNtcwIQAABtbnRyUkdCIFhZWiAH4gADABQACQAOAB1hY3NwTVNGVAAAAABzYXdzY3RybAAAAAAAAAAAAAAAAAAA9tYAAQAAAADTLWhhbmSdkQA9QICwPUB0LIGepSKOAAAAAAAAAAAAAAAAAAAAAAAAAAAAAAAAAAAAAAAAAAlkZXNjAAAA8AAAABxjcHJ0AAABDAAAAAx3dHB0AAABGAAAABRyWFlaAAABLAAAABRnWFlaAAABQAAAABRiWFlaAAABVAAAABRyVFJDAAABaAAAAGBnVFJDAAABaAAAAGBiVFJDAAABaAAAAGBkZXNjAAAAAAAAAAV1UkdCAAAAAAAAAAAAAAAAdGV4dAAAAABDQzAAWFlaIAAAAAAAAPNUAAEAAAABFslYWVogAAAAAAAAb6AAADjyAAADj1hZWiAAAAAAAABilgAAt4kAABjaWFlaIAAAAAAAACSgAAAPhQAAtsRjdXJ2AAAAAAAAACoAAAB8APgBnAJ1A4MEyQZOCBIKGAxiDvQRzxT2GGocLiBDJKwpai5+M+s5sz/WRldNNlR2XBdkHWyGdVZ+jYgskjacq6eMstu+mcrH12Xkd/H5////2wBDAAkGBwgHBgkICAgKCgkLDhcPDg0NDhwUFREXIh4jIyEeICAlKjUtJScyKCAgLj8vMjc5PDw8JC1CRkE6RjU7PDn/2wBDAQoKCg4MDhsPDxs5JiAmOTk5OTk5OTk5OTk5OTk5OTk5OTk5OTk5OTk5OTk5OTk5OTk5OTk5OTk5OTk5OTk5OTn/wAARCAGWAfwDASIAAhEBAxEB/8QAHAABAAEFAQEAAAAAAAAAAAAAAAcBAgQFBgMI/8QARBAAAQQBAwEFBAcGBAQGAwAAAAECAwQFBhESEwchIjEyFCNBURUkM0JSYXE0Q1NicoFEgpGhFmOSoiU1NkVVc5Oxsv/EABoBAQACAwEAAAAAAAAAAAAAAAADBAECBQb/xAAqEQACAgIDAAEDBAMAAwAAAAAAAQIDBBESITETIjJBBRQzUSNCYRVS4f/aAAwDAQACEQMRAD8AnEAAAAAAAAAAAAAAAAAAAAAAAAAAAAAAAAAAAAAAAAAAAAAAAAAAAAAAAAAAAAAAAAAAAAAAAAAAAAAAAAAAAAAAAAAAAAAAAAAAAAAAAAAAAAAAAAAAAAAAAAAAAAAAAAAAAAAAAAAAAAAAAAAAAsVWoXkX9petH0pZMPQVnJWe8UArrDtKhrqtXEO5So7xSGlb2rZZVT6tVI733Ox0zphmaxUy+iZPQ8inYq1tkkIcukS7pjUdPUFCOeNUZJ5OjVfihvj5rs18np675viexfA/lsikw6C1czO0khsval9v9uaG8ZcltGso8Xo7QAGxqAAAAAAAAAAAAAAAAAAAAAAAAAAAAAAAAAAAAAAAAAAAAAAAAAAAAAAAAAAAAAAAAAAAAAAAAAAAAAAAAAAC3fbzAOe1rqGPTeJdZ9Uz/DGh893LUl23NZmXk97nPX9VOr7T83BmM79VsdatA1ET8Bxxg3SLmM5yNZ89kJq0fRSlhoE/H4yHsUxj78DZV4MVyd5O9VnRrwxp6WNacz9QnrSLOOvWXZzTlbN4pa8jfeJ3xqQlcrX9PZPh44pWO3Y8+iay7xt39RyPaHpdM1j/AGqBn1mD/V6Fuh6giCfbeza6Fz//ABBhGWJPt4/BIdMfOWms5kMHk2dCfhF1E6kf3VPoWrYitV2zRORzHJv3KWSNoyAADAAAAAAAAAAAAAAAAAAAAAAAAAAAAAAAAAAAAAAAAAAAAAAAAAAAAAAAAMe3agpQumszMiib5ve7ZEAMgHPM1ngZGqrchGbetZhtQtmgla9j9lRze8AygAAAAAAAAAAAAAAAAAUOf1tk48Tpu5O9/FysWOP83KdAQ92x5frXK+Mid4YPG/8AVQCNFXcoAYJDZ6cWumYre1/ZI5NycYZGTRNdG/k1dtlafPbV29J0+mNWS4u39Z5ywq0oZmNK36kTU2cemThSm8mGccphMmzJ0GW4vBv8PNUOhp2efc7zIMa/X+OZtZX/ALIiftJ0n9H2nZGoz3Uiq95v+yLN+0wTY+V3JzNlQ7nI1ordV8UrObdlXYgbG3pdP6n67G9HhIvg+SKdKuWyu0fRgMLFX48jj4bkfpkbuZpKRgAAAAAAAAAAAAAAAAAAAAAAAAAAAAAAAAAAAAAAAAAAAAAAAAAAAAAFvkQd2malfksq+nC/6tASzqvJ/RODsWW970TZEILwVVM7nXdf76ueaykox5M2jFyekaLnubjEalyGKkY+tZfxZ9xzizPYC1iJnc2eBFVGPNQYjNSW4m0ouPTJx0Zr+POSOq3YmV7DW77/AHVO4a9r27tXdF+KHy5WerHeF/B3z8jv9C69di0+j8iqy1vg78Bts1aJoB5QyMmiZLG7mx6IqL+SnqZNQAAAAAAAAAAACx68WK7+583ayupkNR3J2+Hd6opMvaTmPovAuZHJ07E/gYQE9d15KYNkWgAGxUIm5Q9qb2Mtwuk9CORV4+exhvSBKPZxXsQY2T2jwtXbY7BFNJp7OYzKR9Gi7g9iJ7tzdlN4ecyHL5G2dCtJR0XNlenpXiRb2kYqWG79I8/WqEoGl1ViWZbFOjX1M72G+LfKNi2zFlaa6KdkeTZPhVpyTcpo3KSCQD2e5OPCanRtp/CJd4ye2uRzd072qehXZzWtF4AMmAAAAAAAAAAAAAAAAAAAAAAAAAAAAAAAAAAAAAAAAAAAAAAAAAAACOe2G8kOKr1fvSOOe7MsLz5ZF/8AYs7WslYnzPsH7qM7Pszovq6bb104ue5VIb48o8SSt8XsuzGMgydR1eZO9d0YpD2ewdjEWXMkTwk+X4OK82nP57DwZir05fA9u+zzk12vHs4vwtyirI7RBhVF2NhncRPiLSwzen4Ka47MJqa2io04vTO90Lrqxi7MVO6/nTX/AFYTXG9ksaPYu7XoioqfJT5YY/YlHs11urHtxOTk93+6kcbGrRLYCAyagHm5yNaquXiiee/yOXzWvMNiJOm5/Wf/AMsA6w8ZZooE3lkaz9VIfz/afdmm2xnuoTi7+fyuQ/ab07/7mNmdE45nW+JxTum6XnL8mnI5rtWfHIjMdXY5v43EXxQ2LLu5j37/AN1N3jtHZe7+44N/nI52wj6zdQb8Rj6h1Hcz1rr2l/RjfJDTqpIVbs4Xp/WLJzOptN2MFI3n44n+TyOGVXOWkzZ1yits0IKgsGpQAbbgHUdm71ZqeDw8t2vJfOI7NcCtSquTm9c6bRJ8mncHn82xSs6L1KaXYKFQUyYhzWlB+P1DI/p+B6o9hKuM1niKWHpMuz9Kbot8HmXZHG1chFwsR89vI4XUOhbHJZ8b4/yc47WLmw48ZFKyh72iSqOssDdjc6O61EZ58+4yE1Rg1/8Acqyfq8habRGajX7Nj/Cjy2LR2Ze5GdPgXP3FX9kPxS/omtdU4L/5er/1oes2dxEP2mTqNX/7WkHP0TnGcvc8zH/4czif4Wfwf8oyr63+TDrkvwfQNXJUbX2FuF/9D0UzD5udSzWLc2RqWGOOgw3aJmKE0MNx3OFHIj+Te83U4y8Zhwa9JyBjUbla/VjnrStkjciKioZJuaAAAAAAAAAAAAAAAAAAAAAAAAAAAAAAAAAAAAAAAAscuzFd8ty8w8rL7PjrM34YnKAfPuqb8uU1FPN/P4Cc9OxvhwdJj/U2FpAdKP27UMcTPvzIfRNSPp1o4/wNRCKZIvCltN4XGnVeJtL67RnIaszEGMxs3N3GV7VREORlR52KKLVL4x2ziO0u7VtXYEgXk5iKivacWXTSLPK6RfU8sOtTX8cEitN8m2VKxv4Lyb4XIU3G5KYJx7PNYRZerFjLO/t0bPP8aIZup9cUMDNFF4ZnOXx8V9BA0NiWB/OGV7HJunNjtl2XuM7GYjIZibjC17zWc4xW5GFDl4bjUWuMtlZpkisvZW3Xgzjscw98sy85V5u+bu8kvCaArwe9yMnVf+Bnchi63p4yjU4QtjY9PuMKyy4ylxiS/C4rbI63Nvp2rXt3USz6E2NQpcyV8LuUS8HfNvcWJrktIji0ntk2wrhcVDyb7NEau/rvFVfseUziL2JfyDvD15hbxtun+0V3s/qaUFiQ39ciw7nrpHbR9os77sf1Zja6uRFOq1VQZl8DJx/DzYQxAxZJmsZ4t9kJwxkT6uBjZZ+5EvMiya40uLgbVzck9kGSsdHKrHepC0zMuqPvzcPTuYZ1YPaTKjWmDotEYRMxlfrCcq8fjU0dSutqy2FicnPVEJq03ha+HpIyJPG/ZXqVMzIVceK9J6a+T2zasYjERrE4tTZERPJEQvAOAXgADBkAAAAAyAABswUVGv8AUnIjXtOpV61ivJHC1j5t91JKI27UbyTWa1RG/Y7vVS7hN/IiG/XE6zsbjsNwNh0v2T5PdkiHFdlNexX0rH7RFw5vWRiHanoDmgAAAAAAAAAAAAAAAAAAAAAAAAAAAAAAAAAAAAAAA1moU54W435xuQ2ZzPaDZ9l0pdei8XK0GURNoGqljVzP5Fc8nbyIi7IaT35Cxe4+BiIwk61Z23axfEVr7Y19slhDl0jzvyc3bN9KEO9oy2H5h27XdJNmISw5eXepq89Qq26Eq2WI5rGq/c5FeR/l5styr+jSIMBl5Cau+XjXgazbf47qYZ3Yva2UWtMAA2MmdhaaXcpBXXw83ITQ5KWAxSycOEMbU9Kd6qQnjbK1b0E7fUxzVJoykLMxp2Rrf3kXNhzM1fVFPwnp8eiP85rq9a5MqL0ojmHe15CX78r1PHp8JuK/Be8lXTF/C1MW331WJ3m/k4llqhJ1xMLdj7ZHTNPZNU5+xWGN+bmbGBLCsEvCVOOxOGNzWNyiyR07DH8PWhHvaRjUq32zRN4tea05bnLhJdidXFbR2mi6FarhYJYWpzf3uU5HXmarz25qkTPGzwKbTsyy/Wqvx8q+JnkZGa0b9I6jbc8Laz9nylZP4rn8jJfugkjUdnmnFnk+lLTPdJ9mbTtC1ClOr9HwL75/rN1nstV03ivAjWuRvCKMhq/clvW3WJn83v3Ulpg77Pkl4azfxx0jwcvPvd6i5jFmdwb4t+4t23O/0PpOrarQZCeXyd9mXrbVVDZBCDk+jbaL0rFRa29Y8cy/7HZFETbuTuB566yVstsvxhxWkVABCSAAAAAAAAAAAAHjZmStWlmd6WIqkL5i+/MZnlvy3dwYTPerMu1ZK8icmPTYiLUOm7eKu7she6Fe9jzqfp84Jvl6Vb02uidtO15amEqV5lRXxsQ2hBOnte5PDcIZffV/k8lvT2pMfqGt1KcnjRPFGvmh2dlFrRuwAZMAAAAAAAAAAAAAAAAAAAAAAAAAAAAAAAAAAAAA4vtStJBpiVixc+r4DtCNu2TJQQ4yvQ/fzO6n9kAOc7KlkS1c4Pdx2QkZy7nB9lvT9mt+D3u6Hdnn82bdjR0qFqOwaXWcc8mnLba/e83RbJG2aN0T/E16KilWuXGWySS2tHz05NgdZrfTn0ZZ9prpyhf3L+SnKbHpKrFZBNHPmnF6ZQAEpqNyXez3Jsu4ZtZV97AREbLB5SfFW+rG9WlbKp+WOkb1z4vZ3Gf0Qk9101RPC/d5oLGhsqz7KLmb+HX6Inj4vMyLtAx/7yF7f6SlGWTDrRO1CXezR6KxGXx2dh9opSsi7937bIb/ALRqXXw7ZvwGTBrfBzf4h7P6mGi1nq6hboOp0158zVfJZcpOOjP0qOtnG6eya4nJw2vwL4yWZtU4qOl7T7Sx3dvw5d5ChXcu3Yite2QQscejZ6jzU+avunl9HkxnwRDXQRPnl6USc3L8Gl1OnYvWWwVonvlf3IjEJj0doOLFRttXPHZVP7MJP4o6iar6nuTOV0noZZPf5ROLPhCSHBDHVhbBC3gxmyIje5EQ2q0ETyUw5YnR+o5OUrZdz8Ldbh4iwAHPLAAAAAAAAAAAAAAAAKKxr/C5N0+SlQZMHK6l0lQt0J3wN9nlTeTwIcDpHJz4nUNeRjvDzRjyXslajpUJp5V4tY1SGcVWlyedayH1Pcdr9OslJNSKeRFLs+lUUqeUacGMRfNERD1OmUwAAAAAAAAAAAAAAAAAAAAAAAAAAAAAAAAAAAARB2zWPr9aDb7hL5Bva3KkupHM/A1AZRvezSn0MMtn+O4645vs/ZtpuDu+LjpDzGS+VrOnWtJFQAQEpi36NXI1uhbh5sU5ufQGJfy6fUZudcCau6cPtZG4J+ka3Oza0n7JaY/8n9x4TdnGST7Kes8lEE6zrUafBEiWbs/y8ce/u3u+TXmot6Yy9VydSjL3/gZuTiUN4/qNi9NHjxfhA6YXJPk6SUZ3PRFf9nsYj688a8HxPY5O5WObsp9Csi6ju5Cqabxsk3tMlKF034+BcpyrLP8AUjnXGPrPnZyKncXtryr90nq7o7ETu6klCBz/AOkomMpw7NZVia1myJ4PghmzM+P2JiFKl4yEKeIv3Zmw16z3vedFQ7P8nMqe08IW7p98lRsMbO9rEb+ncehUs/UZy8JY46XpZpjTmNw9Zvs0DWyqiI+R3eqnQGsq2Ej7jG1DqjG4GFJbblc5/cjGJuql2i2M1/0gsg4s3hjXmJ0d3eaHPR6/0++s2Z9vhv8AcVN1NZf7ScCvgYtl3i/hElsHKDSRiD1JM6AEbZbtEn9rb9Fxs6KfxU73nQaO1QueWaGSLjMzxnGni2RjzZdVik9I6kAFUlAAAAAAAAAAAAKFVUoq7d6+FqHCat1mkHOnSTn5sV5PTU7XpIjnNRW2Y+vtT17MK42t41R3jUdmWmJL19uTn8MMDtzC0LpOXPX/AGm3+zoTZSpwUazYK7OEbPgh6GmlVR0jn22cmZYAJiIAAAAAAAAAAAAAAAAAAAAAAAAAAAAAAAAAFjntY3d67J+ZqtQ5yrgsdJasOb4fJpCmpNXZPUVjij3xwfw2mG9GUtknZ/tBxmKlfBH9Ymb+EjO/Jd1rqLrw1mM/F/YpitE5PIeOX3LNvN5IWnsBXw8LeLeVjZEV5RyMuEYtR9LNVDfbNjj63sVCCsn3GohkAHClJye2XV0VABqbAAAAAAFEKlEKp3bGY+mGbWrF02GQUYu+2xRXone5eKfNT0NaUYJI5sm222XbGptIiTdxs5pUjZuaeSTqLv8AMp51keOibHi97LQAckulCMO1aSZcrXiX7FI02JPMLJYmhlG8L1Zku26Iq9yoilnGt+KW2RWw5LSIFBK1zs6xE0nOGazC3byY4807N8Y3/E2XHWWfUVP28iNKVOW7ZbXhTk96oiEv6S01BgYOp67L02e8ycTpvG4ledaLxp3I95uChlZfy/THwsVVce2VABzywAAAAAAAAAAAZBxuv8/9H1m0q0vGw/vX8kNPpHQ13NOhv2/BWeYfaNZ6ma6PDjwJY0CkrdKUGzP5KjFPQ4dSjWmc2+e5G4xuPr4yq2tVj4RNMwAuEAAAAAAAAAAAAAAAAAAAAAAAAAAAAAAAAABQ5PV2s6mm/cOar7Kt3RDw15rKLT1foV1533+lvyIvqRX9Z5x01pxpOahHkzaMHJ6RjbZLVOUkXx+N6v2+CEj4HS9TGV29VjXzGdhsRUxVbpV4uLvvv81VTYnDycyU+o+F+qrj6ETbyKgFEsAAGAAAAAAAAAAUKmtzmaqYSp7RaX1boxjfNVQjq/2gZCw2RkUbIt1VULNOLZatoinYl0yW35eDH1udmRrGM+LlIn1prifNyez1E6VZir/c53JZq/k/DPMrmoa1qbnborlCH1spTkm+kSd2dajuZBXY23vLwZzjkO5OS7PMS/H4j2iT12tn/wBjrTi5koysei7UtRKgAqkpR6ojeTvC1O9VOUy2u8bRcscDH2np/ZDndc6onksvoVFVkTN2Kpwu+51sbCUo8plSy7T0iXsLrbH5FvGf6vMqomzjqUU+fqsb55msjTk56ojOPeqr8kJ5xVeSGhXhd4nsjaikOXjqGuBtVY36ZAMj2ST5F/sD/wAiqsex/gl+SK/Jqr2Rp4/i65ZZCj+5nNdt1PWrZr2ourXmZKz5sXdDA1XplMxWayR/B8e6sVpHeSw+b0172vNL0u5/OEsQx01pvT/6aOzXaJZKKcppXWMGU4VLi8Ln+zzrCtZXKt6ZJGSktoAAiNwAAAChiZW7Fj6EtiV/BrEU2hFyaSNW9LbIq1nL1NRz/wBSE26Sj6enaDVTb3aKQTgY1yupIPCsvOZD6KjYkMbWJ3I1EQ9PVHjBI5c3yez2ABKaAAAAAAAAAAAAAAAAAAAAAAAAAAAAAAA1+ZykGIoSW7C7MYbAjHtnuyxValX0xS7gEd3ZbGp9QzSN/fPXgSnpvBxYWg2L1TO2V6nHdmVDqXX3F+4hJRxc+58uCL+PBJbKFQDlloAAAAAAAAAAAAAAA4/tJx0lzFNsRfuFVVIp4KfQjkRW8VTk1fNDB+g8Urv/AC+ry/8AqQ6ONmfFHi0VrKuT2iC4q887+EUSv38ka3ckLRekOCut5Wr8umkp3cVOrB9jWiZt+Fmx7GLs9zXFCFHF7ZRERPCnhahcAc8sAqUCJuEDkNQ6Miy1me2ybhMcpU7Pc1NZ4dNrWfPkTTWqojfGZiMRO47eKrFFbKNji30cbpTQNXCy+0Tu6tg7GOJI/JNi8blrit70RbfgBzmY1tg8RM6vYs8pkTyYnI5qftXqNk9zQlcz+ZTdJsxskdWc/NDDt0EmTyI1m7WrHXd0sdH0f5nd5u8H2nYq37u/G+o//VpHOlS9Mxm49o0esdGWut7bi4fH8UYdLppbn0NB7exWTM3YvM6qGWvkaqS15WSxP70ezvQwLEPQXxHOzISjHX4LNU1JnkADmFsAAAoR92kZhP2GGb8lQ7jJWvYqE9j7zGrsQ3WYuazzYvXzedLAp5S5Mq5E9LR3/Y5iVTr5J/6ISoa7CYyDE4+OrA3i1psTuFAqAAAAAAAAAAAAAAAAAAAAAAAAAAAAAAAAAcb2k6fTNYVZfaHM9la56Mam/M7ItVAD5ywect4STweFrlRdiVcHnKmYhR8D/H8WHhr3RSXqS2cZXb129/TT4kWY2/a09k/G1zOH2kZRysVWrkvSzTZrpk2lTDxN36QoQ2tuDXpuZZwZRcXxZfT2VABqZAAAAAAAAAAAAAAAAAAAABgJ3mwqVtvE48q1XfvU2SJxOpiY/wDtJFW6z8IFQaPUWp8bgIVW3Nym23SFnqU6SX9FY29iaOCLnM9rGJ8XLshE2utfy2ZH4/Eu4Q/Gb8ZyuodU5PP2ndaV7Yd12hY7ZEN7pLRUszktZBnCH4J8TdR12zMIOT0jncRp/J5pyyQx82/fe9x2eH7P68HjyM3V/wCWw7OpWgqxJHXi4MZ3IiHsZ5FyFCXpx9rs+xczV9nlnieclqnSNjCI2xE7rV/ivHvQl0ws10FxVr2n7Hg7cchOmOujgOzzV0+LuxUZ/HTkcifmwl7JJ6T51xcyQZKCT1cHIfRNiTrU45fmiKVsyO62VK+pmCY9y3BRh61iTgxDIIx7SM11rPsUXpZ5qcbHq+WekXrJ8Vs9Mr2gT9adlNng8mKa+rr7Jx7dRGPOSB3Fh1pa0UXbJ9nU6s1ZPmEjgh8FdGoqp81Op7HMLyksZSaLwdyREeYTGTZXJ16cKeN7kQ+j8RQixeNgpQ+iJqIS11xrWkRzm5dszwASmgAAAAAAAAAAAAAAAAAAAAAAAAAAAAAAAAAAABzOt89FhMNM/wBo6Vl7V6RCuHx1rUuYXqTPe5/jkmedT2t5xLWT+i2Rfs3mpsOzmi+DFrZkb6/IqZVvxVtk1MOUuzqcfVZj6MNWP0MRGIe4B56UnJ7Z0ktFQAamQAAAAAAAAAAAAAAAAACh71Yuop4G0ox7RFnFrU59/ghtnxiZKJtsXA4XXWt4sO2SjS8d7/Zh3VH8IoNmVrDXFLAcoIfrFz8P4CHbVi/qLK8/HLYmcKVG/nrzuHjmfu973Ep6a03VwUPL12Xp43m6XElrrczXaV0bBjm+0XUbLZ/2YdbukaeLwtT+yIhh5fK1cXWdNYfx4+SEXak1dazXuWp0oTOuRZco1LSOu1Hrirjl6NLham/1ac1P2gZeRfddBn5Iwu0xoHIZhG2LH1eud3j+zLC1vt+pYHSK0rpS8I2drXOv5fWuO/4WGus5rJ241imu2HsX7jnk2t0FptP8B/1PU9Y9NadoruzF1uX87eRrK2EfTVSlLrZFXZ7px+UzMNiaP6pB41JiuSp3MTyQsfMjGdKFqMYnkjE2Q5vUepqmIhd7xr7KdyMOZkXu7/HWT118fqkb4hXW/wD6hsd3HZTtKPaHQVv1qJ7Hfyoc1ra1j8m5t2jM17vKRnkqDDqnVZ9SF01KPRyYYnPuB2/ZnpZczf8AbbDeVGu5P8ynYKZ23ZdpZMVRTJ2U+t2W938jSQCxqIncheZNQAAACirsarI6hxWLlbHbtMicoBtQclJ2g6dje9jra+BPwmKnabgVcifWv/xAHcAwqGQqZCJJKk7JUVEXuXdURTNAAAAAAAAAAAAAAAAAAAAAAAAAAAAIG7VIH19XTy/xUYp1eE1NiIMVUi9pY13FEVDq9SaRxmoXJJaR6TcOKPYRhqHs1yuOXnR+txfyp4kK99CuWmS12cSQIMnQs/Z2onf5tlPX2qqjuPtEfJfhzIYXB5uD/BWmbfyGNNVybF5Pisf5mlF/pv8ATLCySdkQEOOzWpaPs9ixNb4R7cOabIqHSY3tD919bj5vc79NkK9mBZFbRJDIT9JABj0bUF2Fs8D+THi7ago1nWLD+DGFHg98ddkvJemQCM9T65lkc2LFTcGp61Namusu/odWX0Kiv6TdlUuRwLJR5ETvSeiXgafTufr56sr4k4PZsiopuCpODi+MkSxkpLaAANDcAAAAAAvhZzU3DE2YiGvx7d1NkdjCrSjspXy29Gi1bqODT2N9of4pn79NCCrE1rPZV0nDnNO5X8Doe1e/JZ1PJWX0QNQ3vZ3hIIMa3IyeKaTfb8kOilxRFXDk9G40thGYeg3mn1h+yvM3MZOviqTrE7+O3kz4qpiZ7UlDCxe+fzm/hsIozGVt56+ssu7ua+CH4IhlLZanYq1pFc3mrWYsq+VfCqrwQ7HQWh5p5ochkoPq2ySMR5tNC9n8HsvtmZr8pneUbiRt0hZxTwtTuRPgiGsp8Sn3J7LkRkEWzU4tQwprv4Dzs2Vf3J4TGOTkZkt6gWa6ddyMl91ymO53Ndy0FKds5ek8YKPh4XbCVak9lfTG1XkFZK7LkLsk8q8nPVSV+0KzJV0zN0v3jkjUh46n6dXpOZXyJ96KbjcqDqFYE/dmWLTFaVgVzvHY964gSsiLM3l6VVp9P42NsOPrxs9LImogNZGWAYt63BQrPs2ZeETO9VUyamSvccfqrXdLT1+Km+N0r+5ZeP3EOK1d2jPyMElKhB0ov4jneI4Jivu229R/Nz9mc3u3/Iw3rsykddqjWOSzN/8A8Lmssq/BDHr6L1JlYfbpW/8AVJ4lJG0ro/G46rG+RnWm+bzrWojPT4Wp5J5IR/Jvw21oh2l2XZOeHnNPHC/5OF3ssysW3s08ExMYMc2Z0fPEU2Y0nk+9ZK0yf9xNOjNUwalo7+m1F62GD2hYD6Yw7pIW/WYN3oRbo7MS6dz0b3ovBV4SISJ8jDR9Dg8o5EljZIzyciKn6KepsaAAAAAAAAAAAAAAAAAAAAAAAAAAAA8XV4H+qFi/qw9gAYGVxlTJ0X1bMLXMem3l5EXaq7NFq1etiudh2/e0mAAyno+bW2srgrsHVfKzoehm/cZ2rdUfTsULImqxhMGqNJUNRQK2VOlP8JWoQ9qDROWwqu3rvlr/AMRjd0IXTBy5aJFY9aOXBerP8pY5CUwdb2b3K8GaXrz8ObVRieSK4km1nMfVfwknbyTvVGkFMerPT4XFz5pZvtXuf+bnblG7CVst7JoW8VonjH5KtlK3XrO5MXdDMICpX7VH9nnexr9uaNdsikwaPyT8nhY3yetngVTnZWJ8PaJ67eXTN6ACiWAAAD3pv2lNs00SLw2VDOrW/uvOnh5CiuLZUurb7REPavRsQ6nfbfH7mdrdlNDW1Pla1BtKCxwhZv8Ad2UnfKUcbmIejdhZK1O9OXcqKautonTsHJyVGv3/ABuOmroP8lf6l4QlToZDMWeEMT5pX7EuaJ0JBhdrl/aW38PlGdFj6WMxEfTo1mRfNWNL5LTl8vChBbmQj/8ADeNcpGVNaRPT4nGFJYWQ8XLuUOTbkzs630WoVKJUAFcmKBX7d7vC0wcxkocXQktS+Lh5IRbl9XZLIyLwl6TF+DCzRjSt7Ip2KPp0HaNnKs9BuOrycnK9HqR9Wry2pmwws5vf3MQ6HDaTv5f33oZuSPh9MY3F8HxQNdYYm3NTofNXjQ4Re2V/jdr2yP17PcysLXp7M5y+aczU5jTWTw8fUtV+DF7kVrtybzGydGDI0pK9hvNryCv9Qly7N5Y610QE1eDj6O0XkfpTTVKy718EY79UPnzLU1x+SnrqnHg5UZyJR7Hs7G+lYxU0nvY/eR/m07EJckminJNdMkm1PHWhWWV/BiEOdoWrPpSz7NTk9ywxtda3vZK7LUqL0azd2fmpyFCP2m9FFx583J3eW6G0nxWxFbMd8m5udI4mfK5muxjeULHI+V/yRDqLHZ51LfOvJwrPRH7Od3odTpbARYGs5jfE9+yqpz7syHHr0sQpe+zsqrOEKNb4dj2PGqu8KHsS1vcU0RS9ZUFCpuYKHz9riv7Jq243qfveZ9AkM9rcddmZbw8My7KpJB6Zhkq6VtR2tOUnsse0bMRvU2VOSobo47stmWfR8C/J7jsSUjAAAAAAAAAAAAAAAAAAAAAAAAALVXbz7kOYy+vMFipFhmsLLKn3IW8gDqQRxf7V8YyFq1K88kn4XN2MVO1uL/4//vBnRKIOCxfahhLEbvbOdV/6cjqcLncfm66y0puaIuyovcoMG0LHIj02XvapeADlNSaHxmd94qdGZG7I9hHmV7McjVpyWWTQucz4bk2nD9qmcjx2n31Ed9YteFgMkGPYsMisf6mdy/Hv/sUCruEMG4JM0Bl6lbEOSzYji2/G8jhleWb0RK5yh0Nhn7p7f8pXvhG1cWzeEnF7SJ6rW6tuLqwWGPZ82Luh77kCVlvweOv7Qzf8HchtIdSZ6t/ipPI50sD/ANZFhX/2iZypDDtXZrw/WXs4G4h7Rb7Pta0TvCRPAmvDZZEWSeUI0q9o9tkH1isx8vz8j2i7R5Ol7yu10pq8G1fgyr4kjbjc4fG6+isuRk0Ktd8mIdqi82o7077LsvcqfqQWVzrembxkpeF4AIiQAAwAAADCyWMq5SHo22cmJ+FdjVQ6NwsEvP2dz/6nHQgkhbOK0maOCfbLYo2RtRkbODWdyI3uRELwDRvZsAADJH3aThJJ+ORrQ/lIcBTuWKNjqVpeD9nM5t89l7jqtdZrIW8lPQ9FaN3kz4muxek72Rxc9xicOG3BnHved/HnwrXNlCxcpdI55y7+I3mkqyz5iDb4KhZT0xlrcyxxUn+DvXn3ISHo7S78LvNZVHTKMnJjGGkzFdb3vR1aJ4eJcUBwNl8z6Ev3DONLDJ03G2rydRu52MO1SjxZTuhp7R6gAukBQhjtcWB+eZ0/WjUSQmG1YZVrvnlXixiKqr8kQgnVF/8A4h1D7hvrcjGG8F2YfhLXZnFHDpGpw8nHVmo0tR+jcLXrL5ohtyUjAAAAAAAAAAAAAAAAAAAAAB4yzMhjfJIvFjE3VV7kREPYjbtbzC1qLKEL+LnKivBlGr11rNchG7H0F4Rb+tF9ZzWN0ZmsnK3nW4NfsvN7jK0Jpdc3f6s/L2Zmz1JrrQsrQthjTi1COUjbRGbOyhPDyvmbV7K6DN+tZe4kQGvJmdETX+yyxHC91Syj3/A5RaOd01Nyc2WH/wDR9BnhcpV7sfCxEj2mVMEX6Y7SbFeZK+V97D+P7yErU7cGQrR2a0vOGRN2uQiHWmg7dW265jo+dbvev5FnZvqmfH5FmNsu+ryLt+ikiezVol/I3IMdSnuWF4wwtV7lPnTVObsZ7MSXZvD/AA0+TUO67W9Sdbhh6snd5zHB6ewdrN3Wwws8H33/AARDWc1FbZtCDk9I9tN6bt52ZUi8ETPXM5pIeI0TjaUPGf6w9fNTf4yhBjaUdSuzixn+qr81Ms4eRmTk/p8L1dSiuzBr4jGwcelSha5nkvA9/Y6qeJK0e6+fgPcoU3ZJ+sk4peFqRM/C3/Q83U6q/uIv+g9gFOS8M6RqJ9N4qaTqups5GHY0ThJ/8Pw/pU6Mqbq6yP5MOCfqONd2d4hfKxaaI+zvEs9diy47EG/7u3+zHxRNDiNKY/FXm26/Nz0arPGb8FCGdjl2zMYqPSKgA0NwAAAAAAAAAAAAAADBTF1EtOs9NHPf3ryTczURGdzU4oCps5t/k1S0U228ioBg2AAMAGdSlRERDALmv4bKhPTZ8ck0R2Q5LRvCyaVkMbpJV4MZ3qrvJEMKzk69Km+1O7ixiKq/FSH9Xa4tZ76tXTpVkU78GpraOe1p6Zm691lLk5nUKTvq3/8AZ79mmlVu2fpG2z3TPQY+iNCz5Tp37ngrEy1q8VWFsEEbWRM7kY3yRCdLRG3s90TYqAZMAAAAAAAAAAAAAAAAAAAAAHlLI2KNz39zGIrlX8kPnnNuXP6rmZWl59eZeCvJv1jM+DTWQfH59Pb9EUg3R9dlvU9SKVVbzehhmUTdpXDtwmHiqb83eblNwUamzeJUg3skAAAAAALXJzTivpUhDtCwa4HMe0138WyKr0Jqt2YqsSyyP4tQhntM1HXyt6GvVk5sjRdzaP8AwwzQ0Kt/U+V5P8fNU6jyX8Tja+Mqthhja3y32QjPs0spBnOD3cGviX+6ksnL/ULZctFvHS1sqADlloAAAAAAAAAFCpcyNX+FqG0YuT0katpdstKGUlJ6r3+kykpR/FORZhh2SIpXRRqxsbhK0LPuoXtjYndxJl+ny/LI3kf0jSA3nSZ+AdJn4UNv/HP+x+5/4aTbcpsbzps+R5Ppxr901lgNLpmVkL8moBsFob+lTHmrPj/maVZY1sdtolVsZdI8AUKkBKAAAAAAAAAACiqZBU5nUuramI9zF763/shq9W62igbJTxzuc3exVONw2EyWpbqpAnN/m97jp4uFy1KZVtuUekL2eyeVmczrP4ybeBh3mjOzrubazMfH5Qm/0noKjhUjnss9ouf7MO1OvGCj0ilKXL084omQxNjjajImIiNa3uREQ9gDc1AAAAAAAAAAAAAAAAAAAAAAAAOZ7Q0mdpK90O52zf7puRv2SVmTZ50v3o0U73tSkki0jP0173OainB9ksOQXMySwcfZGfamsvDeJMoAITYFAeb5ms+JrKSitthJs9PI8ZbCMMOa4q9zDEcu5RtzVHqJYrob7ZxXaxavLFX6O7a3fuRYTLrqHqafm8HN3ciI1CHHsVjvF4S3h284d+kdsOL6DHuY5OK8XJsqL5Kik36Vs+1YGpKs3VerURykHnR6W1VJgWui6PVhMZmO7Y9Cmzi+yZAcXS7RMfO36xC+J+/cje86PDZirmIXTVt+LHcDi2Y9kFuSLisUvDYgAhJAAAChUGVWrdTvchLXW7HpGkpKK2y2tW6ne7yNhHCkRexnDuQuOxTjxrXnZSnY5MqACyRgAAAAAAAAAbAAGBYq7+JhgOTh3G9MC5D95Dm5WKkucSxVa96ZggA5ZcAAAAAAKHL601AzF1nQMXxvRTeZW9Xx9F01ibpN70R5D9Ora1DnOk175ubl8Z0MLH+R8peFe6zitIydL6bt6lu+7Tixvm5xOWncDUwNNK9Zn6yfFSmnMJXwdBleGPZ+3icbk7qWjnt7AAMmAAAAAAAAAAAAAAAAAAAAAAAAAAADndc0vbtM3Yd+OzeW5F/Znet1cy+vG5vsz9+oS/n4uvhbsX44nEF6Ve+lqEit3weiSv3TJ0Zdavn3FH3WJ5GsRd27g4jzbPC78ETMkuq/uahiPeryhUrTunZ2ySNaj4AARG5R7Wr3OTdDhdSaGfetT26srGud9xWndFSau6VT3E0lBSWmQRksJkMZ+01ns/n23Q1xP92nBerPgsN5sf3KcDkeziTdzqM7HN+CPOtTnqX3lWdDj2iPiTuy6lagrWZ5W8YpNtjzwPZ+kMvUyT2P/JindwxMgibFEnFjNkRG9yIhDmZcZR4RN6q3F7ZeADklsFAXIm+yGUtvSMN6PStHzk/I2zE4IeNaHptPSxJwjOzj1qqHJlGyfKWkHzIw8/bGGse/cs3K08576JVjrXZt0tRr8SqWWfM05Xcws6Rn9ujdNlY74l5p66ryNpCqq0uUXu1dkFlfHw9QUPN8yM8yw5KK2yNJvw9AYvtzEL23I1NFdW/GbOuS/BkFDzbMxfj/ALnpyN1OMvGatNA8rKbsU9Sj03aJrcGjKens0hapV3xKKecf3HSRUAGDJQsmkSGN0j14sb3qvyQ9Djde5tkFB1GCX3r9mKTU1OyWkaTkorbOV1lnFzV5sEH2SL3EmdnWmK+KoNtbcpnp5nC6F0TPl5mXrDtqzVJqhibDA2JncxiIifoh6OqpVx0jmTnyez2ABKaAAAAAAAAAAAAAAAAAAAAAAAAAAAAAAFipzaqfqh8/ayqvxeqHdWXn4kf5bH0IRx2uYqr9Erkul9Y5IhhraMxembPEzNnxsD2eniif2QzSOuzzOPZJ9H2JPdL9mSMebyanXPs6dU+SAAKxKAAAAAAAAAAAAAAAUMyhHv4lMVicl2NvAzhGXcOvlLbRBdPS0eqGDkH/AHDONPbfymX8u4vZdnGGkV6Y7keJ7wVlkPJjObkNzDHwbsc/Ex/lk2yxbZxWkYK0F+ChKK/FTZFDoftKt70V/mkY8dVrD3amxUFiFaitIjcm/QYFxFQzy1zEU0tr+SOjMJcXs0YNo+lGvl4TxfQ/CpzJ4dkfC2r4v0wmrserLD2/EvfUkZ8nGMQtWVNb6Nk4zNxWm6yF8y7NU1+NftNsZtz7FTq12OVTbKk48Z6RqS1S4tU4jL6KgFAZNXqHKsw+NksOXx7KkafNSIqcNrPZhrPE98jt3m415mvpHJezRfYxnbdlumWVqyZWdnvX/ZnewqPjjyZz77NvSO107iocPjIqkKcdu935qptQC+VgAAAAAAAAAAAAAAAAAAAAAAAAAAAAAAAAAY9utDcgfDYijlicmyse3cyAAfOOcqWMJmZ/d9HhKvAk3SuY+mMY2R/2zPA9Dba50zDm8bLIyPlba3wEMYi/a09le/kzh62FPLx/lh16T02cX2TWVNfhspXy1JLEC/k5DPPPzg4vTR0E01tFQAamwAAAAAAAABQqa7N5aDE1FsTfnsinO6Y1bezGVWp7Ex0PzYuysJoUTkuSI3NJ6Z32Pj95ubJDHpsVI+8yDsYtfGGinbLlI87L+nGqmm3M/JP8mGAc/Ns5T4onojqOzJoR7zb/AAQ2e+xjUG8IdzIl72l7Ghwr/wCkFkuUzHmtogZejU10ybLsWlOWXZGROqYtG6ZIj9i81FORUl/lU25eou+VbZXshxeh5FOaIYVuzsvBhhK9VIrMyMJaRvClyW2brk1SppElezyU2VWXqNNqcuNr0YnU4rZ7yrtGaQ21xdoXGo+8Vs+W2kS466bMugm825lX38ITwxietf0LsivkhvB8cbZrJcrdGAADlFwHPazzS4jFr0k5TTbsYpvZ5o60LpZV4saiqpFuocvPqXKV8exelX5oXMOl2T2/CGyxRRboXS66kyHVs/szF7ydalaGlXjrV4uEUaIxrU8kQ0+jsBBgcb0olV3PZVU6E9Clo5rewADJgAAAAAAAAAAAAAAAAAAAAAAAAAAAAAAAAAAAAHBa80PFmIpLdPust3VW/M70AHzXjcnf09kl4cmcPA9hK2Dz1XKRR7St6yt3Vhk6x0NUziPs1vdXP9nkUvpZfSeSjsywP9278OyKhSycVWra9LFdvHomUHG0u0DHzfbQyxHT079W3C2WGZjmv2VO84llE4eouxmn4ZYG4IdG5TYFxY56M9S8f6u4zobKlHKjG8l8LUMC/l6GPhWaxZY1qfmcFqTW77zXVqScIV7tyxVjTsfhHOxJGt1hlZM1mFZF4omeCJh2HZhpyem6a5Z9b9kQ5vSWl7V2zDanYrIf91Jmx9ZIIWtT4Ih1Fx6rj4ir2tyZlhylTymXZqk7aitkSW2au27eZTzYnOTiUX1KetRN5k3OEvrs7Oh5A2zE4NRC4IVO8klHSKBj2WM4Kqoncak2OSk2j2+8prjkZrTmki1QnrbMmgzebf7qGyeu3+hjY2PaHketxeEKlzHXx1bZDN8p6NU9d3KvzDGLI7ZCwy8f9ocyEfks0y1J8Y7RRtKX4mdWi6abHsDr140K/qXpTlZKS0zCyD9m7GvMi8/eTiY+xysmfOxlupcYmxxrOLDGv/bf6GdTZwhQ11td5nFrIXGhRIoPlY2eIKmDl8nXxFF1qwuze5ERO9VVTnQg5PSLLaXbOa7Rcq+pQbXjfx6hpuzPTdjJ5aO/N+zQruaG3Zk1LqFv/MlRjGE+4PFQYfHx1IE8LT0WLT8VaRzrbOT6NmgALRCAAAAAAAAAAAAAAAAAAAAAAAAAAAAAAAAAAAAAAAAAADDv0KuRgWC1C17FAAIo1roKtQX2mpN00/CcTNHdxnFWWfRttxVUANJkkS6HVGWb1Pr0/f8AzGSurM37D0fbX9H/ALgDV01/0SqTKJq/Mb8vbJPRwMaXO5GeXaW1K923mrgDCqh/QbKuxdmWLqumZt8u87TT2gIV9nt2LKyt7l4bAGl3UOjWHpImPrxs8KJ3M8jbbAFXE8N7fuBbL3tALM/tZGvTTP7nKUQA8/L7i+vDLr2nr5mwa4A7OM20VLEtmsvr74xgDl3/AMrLVf2G6hThGm35GJkVAOld/CVK/vMAy6HqX+wBzcX+VFu37TPe7bcwZ7ip8ADqZDaRUgjDd37l0abuAOMvuRdf2m28ojUPXdygF7N+2JBR6y0jHtKyk0+SSgnhji8gCLC/kRvf9pndkOFht5Jb8i7rWbuxpM4B6A5zAAMmAAAAAAAAAAAAAAAAAAAAAAAAD//Z',	'data:image/jpeg;base64,/9j/4AAQSkZJRgABAQAAAQABAAD/4gHYSUNDX1BST0ZJTEUAAQEAAAHIbGNtcwIQAABtbnRyUkdCIFhZWiAH4gADABQACQAOAB1hY3NwTVNGVAAAAABzYXdzY3RybAAAAAAAAAAAAAAAAAAA9tYAAQAAAADTLWhhbmSdkQA9QICwPUB0LIGepSKOAAAAAAAAAAAAAAAAAAAAAAAAAAAAAAAAAAAAAAAAAAlkZXNjAAAA8AAAABxjcHJ0AAABDAAAAAx3dHB0AAABGAAAABRyWFlaAAABLAAAABRnWFlaAAABQAAAABRiWFlaAAABVAAAABRyVFJDAAABaAAAAGBnVFJDAAABaAAAAGBiVFJDAAABaAAAAGBkZXNjAAAAAAAAAAV1UkdCAAAAAAAAAAAAAAAAdGV4dAAAAABDQzAAWFlaIAAAAAAAAPNUAAEAAAABFslYWVogAAAAAAAAb6AAADjyAAADj1hZWiAAAAAAAABilgAAt4kAABjaWFlaIAAAAAAAACSgAAAPhQAAtsRjdXJ2AAAAAAAAACoAAAB8APgBnAJ1A4MEyQZOCBIKGAxiDvQRzxT2GGocLiBDJKwpai5+M+s5sz/WRldNNlR2XBdkHWyGdVZ+jYgskjacq6eMstu+mcrH12Xkd/H5////2wBDAAkGBwgHBgkICAgKCgkLDhcPDg0NDhwUFREXIh4jIyEeICAlKjUtJScyKCAgLj8vMjc5PDw8JC1CRkE6RjU7PDn/2wBDAQoKCg4MDhsPDxs5JiAmOTk5OTk5OTk5OTk5OTk5OTk5OTk5OTk5OTk5OTk5OTk5OTk5OTk5OTk5OTk5OTk5OTn/wAARCAGWAfwDASIAAhEBAxEB/8QAHAABAAEFAQEAAAAAAAAAAAAAAAcBAgQFBgMI/8QARBAAAQQBAwEFBAcGBAQGAwAAAAECAwQFBhESEwchIjEyFCNBURUkM0JSYXE0Q1NicoFEgpGhFmOSoiU1NkVVc5Oxsv/EABoBAQACAwEAAAAAAAAAAAAAAAADBAECBQb/xAAqEQACAgIDAAEDBAMAAwAAAAAAAQIDBBESITETIjJBBRQzUSNCYRVS4f/aAAwDAQACEQMRAD8AnEAAAAAAAAAAAAAAAAAAAAAAAAAAAAAAAAAAAAAAAAAAAAAAAAAAAAAAAAAAAAAAAAAAAAAAAAAAAAAAAAAAAAAAAAAAAAAAAAAAAAAAAAAAAAAAAAAAAAAAAAAAAAAAAAAAAAAAAAAAAAAAAAAAAsVWoXkX9petH0pZMPQVnJWe8UArrDtKhrqtXEO5So7xSGlb2rZZVT6tVI733Ox0zphmaxUy+iZPQ8inYq1tkkIcukS7pjUdPUFCOeNUZJ5OjVfihvj5rs18np675viexfA/lsikw6C1czO0khsval9v9uaG8ZcltGso8Xo7QAGxqAAAAAAAAAAAAAAAAAAAAAAAAAAAAAAAAAAAAAAAAAAAAAAAAAAAAAAAAAAAAAAAAAAAAAAAAAAAAAAAAAAC3fbzAOe1rqGPTeJdZ9Uz/DGh893LUl23NZmXk97nPX9VOr7T83BmM79VsdatA1ET8Bxxg3SLmM5yNZ89kJq0fRSlhoE/H4yHsUxj78DZV4MVyd5O9VnRrwxp6WNacz9QnrSLOOvWXZzTlbN4pa8jfeJ3xqQlcrX9PZPh44pWO3Y8+iay7xt39RyPaHpdM1j/AGqBn1mD/V6Fuh6giCfbeza6Fz//ABBhGWJPt4/BIdMfOWms5kMHk2dCfhF1E6kf3VPoWrYitV2zRORzHJv3KWSNoyAADAAAAAAAAAAAAAAAAAAAAAAAAAAAAAAAAAAAAAAAAAAAAAAAAAAAAAAAAMe3agpQumszMiib5ve7ZEAMgHPM1ngZGqrchGbetZhtQtmgla9j9lRze8AygAAAAAAAAAAAAAAAAAUOf1tk48Tpu5O9/FysWOP83KdAQ92x5frXK+Mid4YPG/8AVQCNFXcoAYJDZ6cWumYre1/ZI5NycYZGTRNdG/k1dtlafPbV29J0+mNWS4u39Z5ywq0oZmNK36kTU2cemThSm8mGccphMmzJ0GW4vBv8PNUOhp2efc7zIMa/X+OZtZX/ALIiftJ0n9H2nZGoz3Uiq95v+yLN+0wTY+V3JzNlQ7nI1ordV8UrObdlXYgbG3pdP6n67G9HhIvg+SKdKuWyu0fRgMLFX48jj4bkfpkbuZpKRgAAAAAAAAAAAAAAAAAAAAAAAAAAAAAAAAAAAAAAAAAAAAAAAAAAAAAFvkQd2malfksq+nC/6tASzqvJ/RODsWW970TZEILwVVM7nXdf76ueaykox5M2jFyekaLnubjEalyGKkY+tZfxZ9xzizPYC1iJnc2eBFVGPNQYjNSW4m0ouPTJx0Zr+POSOq3YmV7DW77/AHVO4a9r27tXdF+KHy5WerHeF/B3z8jv9C69di0+j8iqy1vg78Bts1aJoB5QyMmiZLG7mx6IqL+SnqZNQAAAAAAAAAAACx68WK7+583ayupkNR3J2+Hd6opMvaTmPovAuZHJ07E/gYQE9d15KYNkWgAGxUIm5Q9qb2Mtwuk9CORV4+exhvSBKPZxXsQY2T2jwtXbY7BFNJp7OYzKR9Gi7g9iJ7tzdlN4ecyHL5G2dCtJR0XNlenpXiRb2kYqWG79I8/WqEoGl1ViWZbFOjX1M72G+LfKNi2zFlaa6KdkeTZPhVpyTcpo3KSCQD2e5OPCanRtp/CJd4ye2uRzd072qehXZzWtF4AMmAAAAAAAAAAAAAAAAAAAAAAAAAAAAAAAAAAAAAAAAAAAAAAAAAAACOe2G8kOKr1fvSOOe7MsLz5ZF/8AYs7WslYnzPsH7qM7Pszovq6bb104ue5VIb48o8SSt8XsuzGMgydR1eZO9d0YpD2ewdjEWXMkTwk+X4OK82nP57DwZir05fA9u+zzk12vHs4vwtyirI7RBhVF2NhncRPiLSwzen4Ka47MJqa2io04vTO90Lrqxi7MVO6/nTX/AFYTXG9ksaPYu7XoioqfJT5YY/YlHs11urHtxOTk93+6kcbGrRLYCAyagHm5yNaquXiiee/yOXzWvMNiJOm5/Wf/AMsA6w8ZZooE3lkaz9VIfz/afdmm2xnuoTi7+fyuQ/ab07/7mNmdE45nW+JxTum6XnL8mnI5rtWfHIjMdXY5v43EXxQ2LLu5j37/AN1N3jtHZe7+44N/nI52wj6zdQb8Rj6h1Hcz1rr2l/RjfJDTqpIVbs4Xp/WLJzOptN2MFI3n44n+TyOGVXOWkzZ1yits0IKgsGpQAbbgHUdm71ZqeDw8t2vJfOI7NcCtSquTm9c6bRJ8mncHn82xSs6L1KaXYKFQUyYhzWlB+P1DI/p+B6o9hKuM1niKWHpMuz9Kbot8HmXZHG1chFwsR89vI4XUOhbHJZ8b4/yc47WLmw48ZFKyh72iSqOssDdjc6O61EZ58+4yE1Rg1/8Acqyfq8habRGajX7Nj/Cjy2LR2Ze5GdPgXP3FX9kPxS/omtdU4L/5er/1oes2dxEP2mTqNX/7WkHP0TnGcvc8zH/4czif4Wfwf8oyr63+TDrkvwfQNXJUbX2FuF/9D0UzD5udSzWLc2RqWGOOgw3aJmKE0MNx3OFHIj+Te83U4y8Zhwa9JyBjUbla/VjnrStkjciKioZJuaAAAAAAAAAAAAAAAAAAAAAAAAAAAAAAAAAAAAAAAAscuzFd8ty8w8rL7PjrM34YnKAfPuqb8uU1FPN/P4Cc9OxvhwdJj/U2FpAdKP27UMcTPvzIfRNSPp1o4/wNRCKZIvCltN4XGnVeJtL67RnIaszEGMxs3N3GV7VREORlR52KKLVL4x2ziO0u7VtXYEgXk5iKivacWXTSLPK6RfU8sOtTX8cEitN8m2VKxv4Lyb4XIU3G5KYJx7PNYRZerFjLO/t0bPP8aIZup9cUMDNFF4ZnOXx8V9BA0NiWB/OGV7HJunNjtl2XuM7GYjIZibjC17zWc4xW5GFDl4bjUWuMtlZpkisvZW3Xgzjscw98sy85V5u+bu8kvCaArwe9yMnVf+Bnchi63p4yjU4QtjY9PuMKyy4ylxiS/C4rbI63Nvp2rXt3USz6E2NQpcyV8LuUS8HfNvcWJrktIji0ntk2wrhcVDyb7NEau/rvFVfseUziL2JfyDvD15hbxtun+0V3s/qaUFiQ39ciw7nrpHbR9os77sf1Zja6uRFOq1VQZl8DJx/DzYQxAxZJmsZ4t9kJwxkT6uBjZZ+5EvMiya40uLgbVzck9kGSsdHKrHepC0zMuqPvzcPTuYZ1YPaTKjWmDotEYRMxlfrCcq8fjU0dSutqy2FicnPVEJq03ha+HpIyJPG/ZXqVMzIVceK9J6a+T2zasYjERrE4tTZERPJEQvAOAXgADBkAAAAAyAABswUVGv8AUnIjXtOpV61ivJHC1j5t91JKI27UbyTWa1RG/Y7vVS7hN/IiG/XE6zsbjsNwNh0v2T5PdkiHFdlNexX0rH7RFw5vWRiHanoDmgAAAAAAAAAAAAAAAAAAAAAAAAAAAAAAAAAAAAAAA1moU54W435xuQ2ZzPaDZ9l0pdei8XK0GURNoGqljVzP5Fc8nbyIi7IaT35Cxe4+BiIwk61Z23axfEVr7Y19slhDl0jzvyc3bN9KEO9oy2H5h27XdJNmISw5eXepq89Qq26Eq2WI5rGq/c5FeR/l5styr+jSIMBl5Cau+XjXgazbf47qYZ3Yva2UWtMAA2MmdhaaXcpBXXw83ITQ5KWAxSycOEMbU9Kd6qQnjbK1b0E7fUxzVJoykLMxp2Rrf3kXNhzM1fVFPwnp8eiP85rq9a5MqL0ojmHe15CX78r1PHp8JuK/Be8lXTF/C1MW331WJ3m/k4llqhJ1xMLdj7ZHTNPZNU5+xWGN+bmbGBLCsEvCVOOxOGNzWNyiyR07DH8PWhHvaRjUq32zRN4tea05bnLhJdidXFbR2mi6FarhYJYWpzf3uU5HXmarz25qkTPGzwKbTsyy/Wqvx8q+JnkZGa0b9I6jbc8Laz9nylZP4rn8jJfugkjUdnmnFnk+lLTPdJ9mbTtC1ClOr9HwL75/rN1nstV03ivAjWuRvCKMhq/clvW3WJn83v3Ulpg77Pkl4azfxx0jwcvPvd6i5jFmdwb4t+4t23O/0PpOrarQZCeXyd9mXrbVVDZBCDk+jbaL0rFRa29Y8cy/7HZFETbuTuB566yVstsvxhxWkVABCSAAAAAAAAAAAAHjZmStWlmd6WIqkL5i+/MZnlvy3dwYTPerMu1ZK8icmPTYiLUOm7eKu7she6Fe9jzqfp84Jvl6Vb02uidtO15amEqV5lRXxsQ2hBOnte5PDcIZffV/k8lvT2pMfqGt1KcnjRPFGvmh2dlFrRuwAZMAAAAAAAAAAAAAAAAAAAAAAAAAAAAAAAAAAAAA4vtStJBpiVixc+r4DtCNu2TJQQ4yvQ/fzO6n9kAOc7KlkS1c4Pdx2QkZy7nB9lvT9mt+D3u6Hdnn82bdjR0qFqOwaXWcc8mnLba/e83RbJG2aN0T/E16KilWuXGWySS2tHz05NgdZrfTn0ZZ9prpyhf3L+SnKbHpKrFZBNHPmnF6ZQAEpqNyXez3Jsu4ZtZV97AREbLB5SfFW+rG9WlbKp+WOkb1z4vZ3Gf0Qk9101RPC/d5oLGhsqz7KLmb+HX6Inj4vMyLtAx/7yF7f6SlGWTDrRO1CXezR6KxGXx2dh9opSsi7937bIb/ALRqXXw7ZvwGTBrfBzf4h7P6mGi1nq6hboOp0158zVfJZcpOOjP0qOtnG6eya4nJw2vwL4yWZtU4qOl7T7Sx3dvw5d5ChXcu3Yite2QQscejZ6jzU+avunl9HkxnwRDXQRPnl6USc3L8Gl1OnYvWWwVonvlf3IjEJj0doOLFRttXPHZVP7MJP4o6iar6nuTOV0noZZPf5ROLPhCSHBDHVhbBC3gxmyIje5EQ2q0ETyUw5YnR+o5OUrZdz8Ldbh4iwAHPLAAAAAAAAAAAAAAAAKKxr/C5N0+SlQZMHK6l0lQt0J3wN9nlTeTwIcDpHJz4nUNeRjvDzRjyXslajpUJp5V4tY1SGcVWlyedayH1Pcdr9OslJNSKeRFLs+lUUqeUacGMRfNERD1OmUwAAAAAAAAAAAAAAAAAAAAAAAAAAAAAAAAAAAARB2zWPr9aDb7hL5Bva3KkupHM/A1AZRvezSn0MMtn+O4645vs/ZtpuDu+LjpDzGS+VrOnWtJFQAQEpi36NXI1uhbh5sU5ufQGJfy6fUZudcCau6cPtZG4J+ka3Oza0n7JaY/8n9x4TdnGST7Kes8lEE6zrUafBEiWbs/y8ce/u3u+TXmot6Yy9VydSjL3/gZuTiUN4/qNi9NHjxfhA6YXJPk6SUZ3PRFf9nsYj688a8HxPY5O5WObsp9Csi6ju5Cqabxsk3tMlKF034+BcpyrLP8AUjnXGPrPnZyKncXtryr90nq7o7ETu6klCBz/AOkomMpw7NZVia1myJ4PghmzM+P2JiFKl4yEKeIv3Zmw16z3vedFQ7P8nMqe08IW7p98lRsMbO9rEb+ncehUs/UZy8JY46XpZpjTmNw9Zvs0DWyqiI+R3eqnQGsq2Ej7jG1DqjG4GFJbblc5/cjGJuql2i2M1/0gsg4s3hjXmJ0d3eaHPR6/0++s2Z9vhv8AcVN1NZf7ScCvgYtl3i/hElsHKDSRiD1JM6AEbZbtEn9rb9Fxs6KfxU73nQaO1QueWaGSLjMzxnGni2RjzZdVik9I6kAFUlAAAAAAAAAAAAKFVUoq7d6+FqHCat1mkHOnSTn5sV5PTU7XpIjnNRW2Y+vtT17MK42t41R3jUdmWmJL19uTn8MMDtzC0LpOXPX/AGm3+zoTZSpwUazYK7OEbPgh6GmlVR0jn22cmZYAJiIAAAAAAAAAAAAAAAAAAAAAAAAAAAAAAAAAFjntY3d67J+ZqtQ5yrgsdJasOb4fJpCmpNXZPUVjij3xwfw2mG9GUtknZ/tBxmKlfBH9Ymb+EjO/Jd1rqLrw1mM/F/YpitE5PIeOX3LNvN5IWnsBXw8LeLeVjZEV5RyMuEYtR9LNVDfbNjj63sVCCsn3GohkAHClJye2XV0VABqbAAAAAAFEKlEKp3bGY+mGbWrF02GQUYu+2xRXone5eKfNT0NaUYJI5sm222XbGptIiTdxs5pUjZuaeSTqLv8AMp51keOibHi97LQAckulCMO1aSZcrXiX7FI02JPMLJYmhlG8L1Zku26Iq9yoilnGt+KW2RWw5LSIFBK1zs6xE0nOGazC3byY4807N8Y3/E2XHWWfUVP28iNKVOW7ZbXhTk96oiEv6S01BgYOp67L02e8ycTpvG4ledaLxp3I95uChlZfy/THwsVVce2VABzywAAAAAAAAAAAZBxuv8/9H1m0q0vGw/vX8kNPpHQ13NOhv2/BWeYfaNZ6ma6PDjwJY0CkrdKUGzP5KjFPQ4dSjWmc2+e5G4xuPr4yq2tVj4RNMwAuEAAAAAAAAAAAAAAAAAAAAAAAAAAAAAAAAABQ5PV2s6mm/cOar7Kt3RDw15rKLT1foV1533+lvyIvqRX9Z5x01pxpOahHkzaMHJ6RjbZLVOUkXx+N6v2+CEj4HS9TGV29VjXzGdhsRUxVbpV4uLvvv81VTYnDycyU+o+F+qrj6ETbyKgFEsAAGAAAAAAAAAAUKmtzmaqYSp7RaX1boxjfNVQjq/2gZCw2RkUbIt1VULNOLZatoinYl0yW35eDH1udmRrGM+LlIn1prifNyez1E6VZir/c53JZq/k/DPMrmoa1qbnborlCH1spTkm+kSd2dajuZBXY23vLwZzjkO5OS7PMS/H4j2iT12tn/wBjrTi5koysei7UtRKgAqkpR6ojeTvC1O9VOUy2u8bRcscDH2np/ZDndc6onksvoVFVkTN2Kpwu+51sbCUo8plSy7T0iXsLrbH5FvGf6vMqomzjqUU+fqsb55msjTk56ojOPeqr8kJ5xVeSGhXhd4nsjaikOXjqGuBtVY36ZAMj2ST5F/sD/wAiqsex/gl+SK/Jqr2Rp4/i65ZZCj+5nNdt1PWrZr2ourXmZKz5sXdDA1XplMxWayR/B8e6sVpHeSw+b0172vNL0u5/OEsQx01pvT/6aOzXaJZKKcppXWMGU4VLi8Ln+zzrCtZXKt6ZJGSktoAAiNwAAAChiZW7Fj6EtiV/BrEU2hFyaSNW9LbIq1nL1NRz/wBSE26Sj6enaDVTb3aKQTgY1yupIPCsvOZD6KjYkMbWJ3I1EQ9PVHjBI5c3yez2ABKaAAAAAAAAAAAAAAAAAAAAAAAAAAAAAAA1+ZykGIoSW7C7MYbAjHtnuyxValX0xS7gEd3ZbGp9QzSN/fPXgSnpvBxYWg2L1TO2V6nHdmVDqXX3F+4hJRxc+58uCL+PBJbKFQDlloAAAAAAAAAAAAAAA4/tJx0lzFNsRfuFVVIp4KfQjkRW8VTk1fNDB+g8Urv/AC+ry/8AqQ6ONmfFHi0VrKuT2iC4q887+EUSv38ka3ckLRekOCut5Wr8umkp3cVOrB9jWiZt+Fmx7GLs9zXFCFHF7ZRERPCnhahcAc8sAqUCJuEDkNQ6Miy1me2ybhMcpU7Pc1NZ4dNrWfPkTTWqojfGZiMRO47eKrFFbKNji30cbpTQNXCy+0Tu6tg7GOJI/JNi8blrit70RbfgBzmY1tg8RM6vYs8pkTyYnI5qftXqNk9zQlcz+ZTdJsxskdWc/NDDt0EmTyI1m7WrHXd0sdH0f5nd5u8H2nYq37u/G+o//VpHOlS9Mxm49o0esdGWut7bi4fH8UYdLppbn0NB7exWTM3YvM6qGWvkaqS15WSxP70ezvQwLEPQXxHOzISjHX4LNU1JnkADmFsAAAoR92kZhP2GGb8lQ7jJWvYqE9j7zGrsQ3WYuazzYvXzedLAp5S5Mq5E9LR3/Y5iVTr5J/6ISoa7CYyDE4+OrA3i1psTuFAqAAAAAAAAAAAAAAAAAAAAAAAAAAAAAAAAAcb2k6fTNYVZfaHM9la56Mam/M7ItVAD5ywect4STweFrlRdiVcHnKmYhR8D/H8WHhr3RSXqS2cZXb129/TT4kWY2/a09k/G1zOH2kZRysVWrkvSzTZrpk2lTDxN36QoQ2tuDXpuZZwZRcXxZfT2VABqZAAAAAAAAAAAAAAAAAAAABgJ3mwqVtvE48q1XfvU2SJxOpiY/wDtJFW6z8IFQaPUWp8bgIVW3Nym23SFnqU6SX9FY29iaOCLnM9rGJ8XLshE2utfy2ZH4/Eu4Q/Gb8ZyuodU5PP2ndaV7Yd12hY7ZEN7pLRUszktZBnCH4J8TdR12zMIOT0jncRp/J5pyyQx82/fe9x2eH7P68HjyM3V/wCWw7OpWgqxJHXi4MZ3IiHsZ5FyFCXpx9rs+xczV9nlnieclqnSNjCI2xE7rV/ivHvQl0ws10FxVr2n7Hg7cchOmOujgOzzV0+LuxUZ/HTkcifmwl7JJ6T51xcyQZKCT1cHIfRNiTrU45fmiKVsyO62VK+pmCY9y3BRh61iTgxDIIx7SM11rPsUXpZ5qcbHq+WekXrJ8Vs9Mr2gT9adlNng8mKa+rr7Jx7dRGPOSB3Fh1pa0UXbJ9nU6s1ZPmEjgh8FdGoqp81Op7HMLyksZSaLwdyREeYTGTZXJ16cKeN7kQ+j8RQixeNgpQ+iJqIS11xrWkRzm5dszwASmgAAAAAAAAAAAAAAAAAAAAAAAAAAAAAAAAAAABzOt89FhMNM/wBo6Vl7V6RCuHx1rUuYXqTPe5/jkmedT2t5xLWT+i2Rfs3mpsOzmi+DFrZkb6/IqZVvxVtk1MOUuzqcfVZj6MNWP0MRGIe4B56UnJ7Z0ktFQAamQAAAAAAAAAAAAAAAAACh71Yuop4G0ox7RFnFrU59/ghtnxiZKJtsXA4XXWt4sO2SjS8d7/Zh3VH8IoNmVrDXFLAcoIfrFz8P4CHbVi/qLK8/HLYmcKVG/nrzuHjmfu973Ep6a03VwUPL12Xp43m6XElrrczXaV0bBjm+0XUbLZ/2YdbukaeLwtT+yIhh5fK1cXWdNYfx4+SEXak1dazXuWp0oTOuRZco1LSOu1Hrirjl6NLham/1ac1P2gZeRfddBn5Iwu0xoHIZhG2LH1eud3j+zLC1vt+pYHSK0rpS8I2drXOv5fWuO/4WGus5rJ241imu2HsX7jnk2t0FptP8B/1PU9Y9NadoruzF1uX87eRrK2EfTVSlLrZFXZ7px+UzMNiaP6pB41JiuSp3MTyQsfMjGdKFqMYnkjE2Q5vUepqmIhd7xr7KdyMOZkXu7/HWT118fqkb4hXW/wD6hsd3HZTtKPaHQVv1qJ7Hfyoc1ra1j8m5t2jM17vKRnkqDDqnVZ9SF01KPRyYYnPuB2/ZnpZczf8AbbDeVGu5P8ynYKZ23ZdpZMVRTJ2U+t2W938jSQCxqIncheZNQAAACirsarI6hxWLlbHbtMicoBtQclJ2g6dje9jra+BPwmKnabgVcifWv/xAHcAwqGQqZCJJKk7JUVEXuXdURTNAAAAAAAAAAAAAAAAAAAAAAAAAAAAIG7VIH19XTy/xUYp1eE1NiIMVUi9pY13FEVDq9SaRxmoXJJaR6TcOKPYRhqHs1yuOXnR+txfyp4kK99CuWmS12cSQIMnQs/Z2onf5tlPX2qqjuPtEfJfhzIYXB5uD/BWmbfyGNNVybF5Pisf5mlF/pv8ATLCySdkQEOOzWpaPs9ixNb4R7cOabIqHSY3tD919bj5vc79NkK9mBZFbRJDIT9JABj0bUF2Fs8D+THi7ago1nWLD+DGFHg98ddkvJemQCM9T65lkc2LFTcGp61Namusu/odWX0Kiv6TdlUuRwLJR5ETvSeiXgafTufr56sr4k4PZsiopuCpODi+MkSxkpLaAANDcAAAAAAvhZzU3DE2YiGvx7d1NkdjCrSjspXy29Gi1bqODT2N9of4pn79NCCrE1rPZV0nDnNO5X8Doe1e/JZ1PJWX0QNQ3vZ3hIIMa3IyeKaTfb8kOilxRFXDk9G40thGYeg3mn1h+yvM3MZOviqTrE7+O3kz4qpiZ7UlDCxe+fzm/hsIozGVt56+ssu7ua+CH4IhlLZanYq1pFc3mrWYsq+VfCqrwQ7HQWh5p5ochkoPq2ySMR5tNC9n8HsvtmZr8pneUbiRt0hZxTwtTuRPgiGsp8Sn3J7LkRkEWzU4tQwprv4Dzs2Vf3J4TGOTkZkt6gWa6ddyMl91ymO53Ndy0FKds5ek8YKPh4XbCVak9lfTG1XkFZK7LkLsk8q8nPVSV+0KzJV0zN0v3jkjUh46n6dXpOZXyJ96KbjcqDqFYE/dmWLTFaVgVzvHY964gSsiLM3l6VVp9P42NsOPrxs9LImogNZGWAYt63BQrPs2ZeETO9VUyamSvccfqrXdLT1+Km+N0r+5ZeP3EOK1d2jPyMElKhB0ov4jneI4Jivu229R/Nz9mc3u3/Iw3rsykddqjWOSzN/8A8Lmssq/BDHr6L1JlYfbpW/8AVJ4lJG0ro/G46rG+RnWm+bzrWojPT4Wp5J5IR/Jvw21oh2l2XZOeHnNPHC/5OF3ssysW3s08ExMYMc2Z0fPEU2Y0nk+9ZK0yf9xNOjNUwalo7+m1F62GD2hYD6Yw7pIW/WYN3oRbo7MS6dz0b3ovBV4SISJ8jDR9Dg8o5EljZIzyciKn6KepsaAAAAAAAAAAAAAAAAAAAAAAAAAAAA8XV4H+qFi/qw9gAYGVxlTJ0X1bMLXMem3l5EXaq7NFq1etiudh2/e0mAAyno+bW2srgrsHVfKzoehm/cZ2rdUfTsULImqxhMGqNJUNRQK2VOlP8JWoQ9qDROWwqu3rvlr/AMRjd0IXTBy5aJFY9aOXBerP8pY5CUwdb2b3K8GaXrz8ObVRieSK4km1nMfVfwknbyTvVGkFMerPT4XFz5pZvtXuf+bnblG7CVst7JoW8VonjH5KtlK3XrO5MXdDMICpX7VH9nnexr9uaNdsikwaPyT8nhY3yetngVTnZWJ8PaJ67eXTN6ACiWAAAD3pv2lNs00SLw2VDOrW/uvOnh5CiuLZUurb7REPavRsQ6nfbfH7mdrdlNDW1Pla1BtKCxwhZv8Ad2UnfKUcbmIejdhZK1O9OXcqKautonTsHJyVGv3/ABuOmroP8lf6l4QlToZDMWeEMT5pX7EuaJ0JBhdrl/aW38PlGdFj6WMxEfTo1mRfNWNL5LTl8vChBbmQj/8ADeNcpGVNaRPT4nGFJYWQ8XLuUOTbkzs630WoVKJUAFcmKBX7d7vC0wcxkocXQktS+Lh5IRbl9XZLIyLwl6TF+DCzRjSt7Ip2KPp0HaNnKs9BuOrycnK9HqR9Wry2pmwws5vf3MQ6HDaTv5f33oZuSPh9MY3F8HxQNdYYm3NTofNXjQ4Re2V/jdr2yP17PcysLXp7M5y+aczU5jTWTw8fUtV+DF7kVrtybzGydGDI0pK9hvNryCv9Qly7N5Y610QE1eDj6O0XkfpTTVKy718EY79UPnzLU1x+SnrqnHg5UZyJR7Hs7G+lYxU0nvY/eR/m07EJckminJNdMkm1PHWhWWV/BiEOdoWrPpSz7NTk9ywxtda3vZK7LUqL0azd2fmpyFCP2m9FFx583J3eW6G0nxWxFbMd8m5udI4mfK5muxjeULHI+V/yRDqLHZ51LfOvJwrPRH7Od3odTpbARYGs5jfE9+yqpz7syHHr0sQpe+zsqrOEKNb4dj2PGqu8KHsS1vcU0RS9ZUFCpuYKHz9riv7Jq243qfveZ9AkM9rcddmZbw8My7KpJB6Zhkq6VtR2tOUnsse0bMRvU2VOSobo47stmWfR8C/J7jsSUjAAAAAAAAAAAAAAAAAAAAAAAAALVXbz7kOYy+vMFipFhmsLLKn3IW8gDqQRxf7V8YyFq1K88kn4XN2MVO1uL/4//vBnRKIOCxfahhLEbvbOdV/6cjqcLncfm66y0puaIuyovcoMG0LHIj02XvapeADlNSaHxmd94qdGZG7I9hHmV7McjVpyWWTQucz4bk2nD9qmcjx2n31Ed9YteFgMkGPYsMisf6mdy/Hv/sUCruEMG4JM0Bl6lbEOSzYji2/G8jhleWb0RK5yh0Nhn7p7f8pXvhG1cWzeEnF7SJ6rW6tuLqwWGPZ82Luh77kCVlvweOv7Qzf8HchtIdSZ6t/ipPI50sD/ANZFhX/2iZypDDtXZrw/WXs4G4h7Rb7Pta0TvCRPAmvDZZEWSeUI0q9o9tkH1isx8vz8j2i7R5Ol7yu10pq8G1fgyr4kjbjc4fG6+isuRk0Ktd8mIdqi82o7077LsvcqfqQWVzrembxkpeF4AIiQAAwAAADCyWMq5SHo22cmJ+FdjVQ6NwsEvP2dz/6nHQgkhbOK0maOCfbLYo2RtRkbODWdyI3uRELwDRvZsAADJH3aThJJ+ORrQ/lIcBTuWKNjqVpeD9nM5t89l7jqtdZrIW8lPQ9FaN3kz4muxek72Rxc9xicOG3BnHved/HnwrXNlCxcpdI55y7+I3mkqyz5iDb4KhZT0xlrcyxxUn+DvXn3ISHo7S78LvNZVHTKMnJjGGkzFdb3vR1aJ4eJcUBwNl8z6Ev3DONLDJ03G2rydRu52MO1SjxZTuhp7R6gAukBQhjtcWB+eZ0/WjUSQmG1YZVrvnlXixiKqr8kQgnVF/8A4h1D7hvrcjGG8F2YfhLXZnFHDpGpw8nHVmo0tR+jcLXrL5ohtyUjAAAAAAAAAAAAAAAAAAAAAB4yzMhjfJIvFjE3VV7kREPYjbtbzC1qLKEL+LnKivBlGr11rNchG7H0F4Rb+tF9ZzWN0ZmsnK3nW4NfsvN7jK0Jpdc3f6s/L2Zmz1JrrQsrQthjTi1COUjbRGbOyhPDyvmbV7K6DN+tZe4kQGvJmdETX+yyxHC91Syj3/A5RaOd01Nyc2WH/wDR9BnhcpV7sfCxEj2mVMEX6Y7SbFeZK+V97D+P7yErU7cGQrR2a0vOGRN2uQiHWmg7dW265jo+dbvev5FnZvqmfH5FmNsu+ryLt+ikiezVol/I3IMdSnuWF4wwtV7lPnTVObsZ7MSXZvD/AA0+TUO67W9Sdbhh6snd5zHB6ewdrN3Wwws8H33/AARDWc1FbZtCDk9I9tN6bt52ZUi8ETPXM5pIeI0TjaUPGf6w9fNTf4yhBjaUdSuzixn+qr81Ms4eRmTk/p8L1dSiuzBr4jGwcelSha5nkvA9/Y6qeJK0e6+fgPcoU3ZJ+sk4peFqRM/C3/Q83U6q/uIv+g9gFOS8M6RqJ9N4qaTqups5GHY0ThJ/8Pw/pU6Mqbq6yP5MOCfqONd2d4hfKxaaI+zvEs9diy47EG/7u3+zHxRNDiNKY/FXm26/Nz0arPGb8FCGdjl2zMYqPSKgA0NwAAAAAAAAAAAAAADBTF1EtOs9NHPf3ryTczURGdzU4oCps5t/k1S0U228ioBg2AAMAGdSlRERDALmv4bKhPTZ8ck0R2Q5LRvCyaVkMbpJV4MZ3qrvJEMKzk69Km+1O7ixiKq/FSH9Xa4tZ76tXTpVkU78GpraOe1p6Zm691lLk5nUKTvq3/8AZ79mmlVu2fpG2z3TPQY+iNCz5Tp37ngrEy1q8VWFsEEbWRM7kY3yRCdLRG3s90TYqAZMAAAAAAAAAAAAAAAAAAAAAHlLI2KNz39zGIrlX8kPnnNuXP6rmZWl59eZeCvJv1jM+DTWQfH59Pb9EUg3R9dlvU9SKVVbzehhmUTdpXDtwmHiqb83eblNwUamzeJUg3skAAAAAALXJzTivpUhDtCwa4HMe0138WyKr0Jqt2YqsSyyP4tQhntM1HXyt6GvVk5sjRdzaP8AwwzQ0Kt/U+V5P8fNU6jyX8Tja+Mqthhja3y32QjPs0spBnOD3cGviX+6ksnL/ULZctFvHS1sqADlloAAAAAAAAAFCpcyNX+FqG0YuT0katpdstKGUlJ6r3+kykpR/FORZhh2SIpXRRqxsbhK0LPuoXtjYndxJl+ny/LI3kf0jSA3nSZ+AdJn4UNv/HP+x+5/4aTbcpsbzps+R5Ppxr901lgNLpmVkL8moBsFob+lTHmrPj/maVZY1sdtolVsZdI8AUKkBKAAAAAAAAAACiqZBU5nUuramI9zF763/shq9W62igbJTxzuc3exVONw2EyWpbqpAnN/m97jp4uFy1KZVtuUekL2eyeVmczrP4ybeBh3mjOzrubazMfH5Qm/0noKjhUjnss9ouf7MO1OvGCj0ilKXL084omQxNjjajImIiNa3uREQ9gDc1AAAAAAAAAAAAAAAAAAAAAAAAOZ7Q0mdpK90O52zf7puRv2SVmTZ50v3o0U73tSkki0jP0173OainB9ksOQXMySwcfZGfamsvDeJMoAITYFAeb5ms+JrKSitthJs9PI8ZbCMMOa4q9zDEcu5RtzVHqJYrob7ZxXaxavLFX6O7a3fuRYTLrqHqafm8HN3ciI1CHHsVjvF4S3h284d+kdsOL6DHuY5OK8XJsqL5Kik36Vs+1YGpKs3VerURykHnR6W1VJgWui6PVhMZmO7Y9Cmzi+yZAcXS7RMfO36xC+J+/cje86PDZirmIXTVt+LHcDi2Y9kFuSLisUvDYgAhJAAAChUGVWrdTvchLXW7HpGkpKK2y2tW6ne7yNhHCkRexnDuQuOxTjxrXnZSnY5MqACyRgAAAAAAAAAbAAGBYq7+JhgOTh3G9MC5D95Dm5WKkucSxVa96ZggA5ZcAAAAAAKHL601AzF1nQMXxvRTeZW9Xx9F01ibpN70R5D9Ora1DnOk175ubl8Z0MLH+R8peFe6zitIydL6bt6lu+7Tixvm5xOWncDUwNNK9Zn6yfFSmnMJXwdBleGPZ+3icbk7qWjnt7AAMmAAAAAAAAAAAAAAAAAAAAAAAAAAADndc0vbtM3Yd+OzeW5F/Znet1cy+vG5vsz9+oS/n4uvhbsX44nEF6Ve+lqEit3weiSv3TJ0Zdavn3FH3WJ5GsRd27g4jzbPC78ETMkuq/uahiPeryhUrTunZ2ySNaj4AARG5R7Wr3OTdDhdSaGfetT26srGud9xWndFSau6VT3E0lBSWmQRksJkMZ+01ns/n23Q1xP92nBerPgsN5sf3KcDkeziTdzqM7HN+CPOtTnqX3lWdDj2iPiTuy6lagrWZ5W8YpNtjzwPZ+kMvUyT2P/JindwxMgibFEnFjNkRG9yIhDmZcZR4RN6q3F7ZeADklsFAXIm+yGUtvSMN6PStHzk/I2zE4IeNaHptPSxJwjOzj1qqHJlGyfKWkHzIw8/bGGse/cs3K08576JVjrXZt0tRr8SqWWfM05Xcws6Rn9ujdNlY74l5p66ryNpCqq0uUXu1dkFlfHw9QUPN8yM8yw5KK2yNJvw9AYvtzEL23I1NFdW/GbOuS/BkFDzbMxfj/ALnpyN1OMvGatNA8rKbsU9Sj03aJrcGjKens0hapV3xKKecf3HSRUAGDJQsmkSGN0j14sb3qvyQ9Djde5tkFB1GCX3r9mKTU1OyWkaTkorbOV1lnFzV5sEH2SL3EmdnWmK+KoNtbcpnp5nC6F0TPl5mXrDtqzVJqhibDA2JncxiIifoh6OqpVx0jmTnyez2ABKaAAAAAAAAAAAAAAAAAAAAAAAAAAAAAAFipzaqfqh8/ayqvxeqHdWXn4kf5bH0IRx2uYqr9Erkul9Y5IhhraMxembPEzNnxsD2eniif2QzSOuzzOPZJ9H2JPdL9mSMebyanXPs6dU+SAAKxKAAAAAAAAAAAAAAAUMyhHv4lMVicl2NvAzhGXcOvlLbRBdPS0eqGDkH/AHDONPbfymX8u4vZdnGGkV6Y7keJ7wVlkPJjObkNzDHwbsc/Ex/lk2yxbZxWkYK0F+ChKK/FTZFDoftKt70V/mkY8dVrD3amxUFiFaitIjcm/QYFxFQzy1zEU0tr+SOjMJcXs0YNo+lGvl4TxfQ/CpzJ4dkfC2r4v0wmrserLD2/EvfUkZ8nGMQtWVNb6Nk4zNxWm6yF8y7NU1+NftNsZtz7FTq12OVTbKk48Z6RqS1S4tU4jL6KgFAZNXqHKsw+NksOXx7KkafNSIqcNrPZhrPE98jt3m415mvpHJezRfYxnbdlumWVqyZWdnvX/ZnewqPjjyZz77NvSO107iocPjIqkKcdu935qptQC+VgAAAAAAAAAAAAAAAAAAAAAAAAAAAAAAAAAY9utDcgfDYijlicmyse3cyAAfOOcqWMJmZ/d9HhKvAk3SuY+mMY2R/2zPA9Dba50zDm8bLIyPlba3wEMYi/a09le/kzh62FPLx/lh16T02cX2TWVNfhspXy1JLEC/k5DPPPzg4vTR0E01tFQAamwAAAAAAAABQqa7N5aDE1FsTfnsinO6Y1bezGVWp7Ex0PzYuysJoUTkuSI3NJ6Z32Pj95ubJDHpsVI+8yDsYtfGGinbLlI87L+nGqmm3M/JP8mGAc/Ns5T4onojqOzJoR7zb/AAQ2e+xjUG8IdzIl72l7Ghwr/wCkFkuUzHmtogZejU10ybLsWlOWXZGROqYtG6ZIj9i81FORUl/lU25eou+VbZXshxeh5FOaIYVuzsvBhhK9VIrMyMJaRvClyW2brk1SppElezyU2VWXqNNqcuNr0YnU4rZ7yrtGaQ21xdoXGo+8Vs+W2kS466bMugm825lX38ITwxietf0LsivkhvB8cbZrJcrdGAADlFwHPazzS4jFr0k5TTbsYpvZ5o60LpZV4saiqpFuocvPqXKV8exelX5oXMOl2T2/CGyxRRboXS66kyHVs/szF7ydalaGlXjrV4uEUaIxrU8kQ0+jsBBgcb0olV3PZVU6E9Clo5rewADJgAAAAAAAAAAAAAAAAAAAAAAAAAAAAAAAAAAAAHBa80PFmIpLdPust3VW/M70AHzXjcnf09kl4cmcPA9hK2Dz1XKRR7St6yt3Vhk6x0NUziPs1vdXP9nkUvpZfSeSjsywP9278OyKhSycVWra9LFdvHomUHG0u0DHzfbQyxHT079W3C2WGZjmv2VO84llE4eouxmn4ZYG4IdG5TYFxY56M9S8f6u4zobKlHKjG8l8LUMC/l6GPhWaxZY1qfmcFqTW77zXVqScIV7tyxVjTsfhHOxJGt1hlZM1mFZF4omeCJh2HZhpyem6a5Z9b9kQ5vSWl7V2zDanYrIf91Jmx9ZIIWtT4Ih1Fx6rj4ir2tyZlhylTymXZqk7aitkSW2au27eZTzYnOTiUX1KetRN5k3OEvrs7Oh5A2zE4NRC4IVO8klHSKBj2WM4Kqoncak2OSk2j2+8prjkZrTmki1QnrbMmgzebf7qGyeu3+hjY2PaHketxeEKlzHXx1bZDN8p6NU9d3KvzDGLI7ZCwy8f9ocyEfks0y1J8Y7RRtKX4mdWi6abHsDr140K/qXpTlZKS0zCyD9m7GvMi8/eTiY+xysmfOxlupcYmxxrOLDGv/bf6GdTZwhQ11td5nFrIXGhRIoPlY2eIKmDl8nXxFF1qwuze5ERO9VVTnQg5PSLLaXbOa7Rcq+pQbXjfx6hpuzPTdjJ5aO/N+zQruaG3Zk1LqFv/MlRjGE+4PFQYfHx1IE8LT0WLT8VaRzrbOT6NmgALRCAAAAAAAAAAAAAAAAAAAAAAAAAAAAAAAAAAAAAAAAAADDv0KuRgWC1C17FAAIo1roKtQX2mpN00/CcTNHdxnFWWfRttxVUANJkkS6HVGWb1Pr0/f8AzGSurM37D0fbX9H/ALgDV01/0SqTKJq/Mb8vbJPRwMaXO5GeXaW1K923mrgDCqh/QbKuxdmWLqumZt8u87TT2gIV9nt2LKyt7l4bAGl3UOjWHpImPrxs8KJ3M8jbbAFXE8N7fuBbL3tALM/tZGvTTP7nKUQA8/L7i+vDLr2nr5mwa4A7OM20VLEtmsvr74xgDl3/AMrLVf2G6hThGm35GJkVAOld/CVK/vMAy6HqX+wBzcX+VFu37TPe7bcwZ7ip8ADqZDaRUgjDd37l0abuAOMvuRdf2m28ojUPXdygF7N+2JBR6y0jHtKyk0+SSgnhji8gCLC/kRvf9pndkOFht5Jb8i7rWbuxpM4B6A5zAAMmAAAAAAAAAAAAAAAAAAAAAAAAD//Z',	'2026-01-23 01:57:13.417113',	'064c7d5f-75b9-460e-acf7-f486c4a0c406'),
('ed97d277-e1c1-48e2-a3bf-b1f967c9aec3',	'2026-01-23 01:51:53.480459',	'Trần minh quy',	'126567545245',	'CCCD',	'data:image/jpeg;base64,/9j/4AAQSkZJRgABAQAAAQABAAD/4gHYSUNDX1BST0ZJTEUAAQEAAAHIAAAAAAQwAABtbnRyUkdCIFhZWiAH4AABAAEAAAAAAABhY3NwAAAAAAAAAAAAAAAAAAAAAAAAAAAAAAAAAAAAAQAA9tYAAQAAAADTLQAAAAAAAAAAAAAAAAAAAAAAAAAAAAAAAAAAAAAAAAAAAAAAAAAAAAAAAAAAAAAAAAAAAAlkZXNjAAAA8AAAACRyWFlaAAABFAAAABRnWFlaAAABKAAAABRiWFlaAAABPAAAABR3dHB0AAABUAAAABRyVFJDAAABZAAAAChnVFJDAAABZAAAAChiVFJDAAABZAAAAChjcHJ0AAABjAAAADxtbHVjAAAAAAAAAAEAAAAMZW5VUwAAAAgAAAAcAHMAUgBHAEJYWVogAAAAAAAAb6IAADj1AAADkFhZWiAAAAAAAABimQAAt4UAABjaWFlaIAAAAAAAACSgAAAPhAAAts9YWVogAAAAAAAA9tYAAQAAAADTLXBhcmEAAAAAAAQAAAACZmYAAPKnAAANWQAAE9AAAApbAAAAAAAAAABtbHVjAAAAAAAAAAEAAAAMZW5VUwAAACAAAAAcAEcAbwBvAGcAbABlACAASQBuAGMALgAgADIAMAAxADb/2wBDAAoHBwgHBgoICAgLCgoLDhgQDg0NDh0VFhEYIx8lJCIfIiEmKzcvJik0KSEiMEExNDk7Pj4+JS5ESUM8SDc9Pjv/2wBDAQoLCw4NDhwQEBw7KCIoOzs7Ozs7Ozs7Ozs7Ozs7Ozs7Ozs7Ozs7Ozs7Ozs7Ozs7Ozs7Ozs7Ozs7Ozs7Ozs7Ozv/wAARCAQABAADASIAAhEBAxEB/8QAHAAAAwEBAQEBAQAAAAAAAAAAAAECAwQFBgcI/8QATRAAAgIBAwIEBAQEAwMHCwMFAAECESEDEjEEQQUiUWEGEzJxgZGhsRQjQsEzUtEHYnIVJDRTc+HwFiUmNTZDY2SCkvFUdJOiskSDwv/EABsBAQEBAQEBAQEAAAAAAAAAAAABAgMEBQYH/8QANREBAAICAQMDAwIEBQQDAQAAAAECAxExBBIhBUFREyJhMnEjQoGxFBUkkcFSodHwMzRi4f/aAAwDAQACEQMRAD8A/QRrgQ1wRAMQwAAAAAAABgAAAAAAAFAAAQAxDAAACgAAAAAAAAQwAAAgAACgAAAAAAAAGAAAAAgABgAAAMAAVewwfAlaWSCZHy2g/wD021vT5C/c+plwfLadf+Wur/8At1+4Zt7fu+mjwcmp/iv7nXDCOTVxqMNuuH0I5+tlGPS6kpcKLs6IfQjHq4qXTzTVppgh+a+EJ6viGvK7W919j6SFaafZyPF8I0dvU9Q0/wD3js91aaksu+5ieWq8HuWE1kNqWXVhtW9YHKm6fJlpEoU07wU5QrOQltq8P0J2boYZQpW3uijRKTSrC7mMYyUdspZNIN7G5S4AprbF0YqLdyf4UappZV0/UeVG0uQElhp17Mnz7qxtRbjauq9mQ4uCu79UQPDjddwpvKdV2Bt7bj+RVqnaoCW2sLkapLDqzPLeXh9jXiNdwDdbxkaclykTFbcu8E75ObdUlwVFyb2+V0VJeWJMJNvzRyyouM08vD49AEnl0sUVBbkm1TREdJqT8zaKkqdx5YU3GEm7T/MaSulwiIybg3tyODtPFWEDm92U/ahx3P1TC02U29uAEtNSe68k1sbal34J3uU2oyyuRpPbX0vkDSalVx+r3KTpd7RnpzU3W7zIpuTuKr3ATbbtuvSwc5KSjt5FabqsmlfhJATFSer6V6lKKUiXcrVZ7sb45AHKXPb0LjlKSdMwgpQk8uSfBvD7Wu5ASw+2RO1bx7MWpFXa/AKuKXADVbdz/GgUlOmnZUlcUgqClV0yg/qMZJvX7JGqTtu04+vcxU4z1dtcdwOhYXANLKr8QUXNcjcUk0mRUpvigariKYnhpW1foS90k1FlQ7qTTVL1NLt4yKEHtp5QWoSrsA4vNepVVwSlvungdNd+AE5pOvUO/uKUVu7eo4zcknVALTnuk4zVNA8p1wNR8zY074AzpqCiniiox3LGCnG3eKHSIJUKpt5LckybROXfoAoL+ZKSfPJbjcncvsgj9FpcErPmaZQ6XYlxTeVZaXmxwNpSwBCdVSwNpPPdCwpUslVkCW/wBOga/mfgP6VjIC3N3ZCtyV9+w3PNlppvgAjG0xpJEzdLDHFP2AFi6Jaly2X3xySsd7sBycl5rVegLU3p7cNEz8yrgemlBUBSSeWrwOV7cL8B3G0Dmor7gewNCGjo5gYhgAAAAAAADEMAAAAAACgAAIAYhgAABQAAAAAADoAQAAALNkDALAoAAAAAAAAAAAAAAAABgAAAAAAJjJasCZcHy0Ht+Np330F+59RI+WePja/XQ/uRm3s+oXByav8Ais608HJrf4jYbden9KM9dXpyXsXpvyInW/w5fYD4Pw6Xyus6mK0271HTPWy4L+lnmdK663XV5+Yz2N0UsmJarwjdStvKIclv45NJJ5xghUvuyNJcZNYVjjcYu0DnKLxTGnu+pU2QR/Vkc8QtK/YJbVK3iuBOe5KUVYDiqgqxZbntinPj7iUvVfiKSt8fmUVOTUVi7Jq+X+BSpra0TiMqSyARbjimvwKcuyd3yxJuqb59SZJ04p2/UgialKa2Oo98GyvdTZk6Uk32NItSWHyUUpWnnBK2yTt37MpRaxGsBTadtAJPaqu2OPmVry+plrNwhF/U08UXpxVNybQRpVu1Joai6dPJEU7pO17lqW7Hdd0FLdVpPawhck206FqQxaKTa8t9sIIX3bwO9ya7P0JUsuMmkUlnnAU4qMMpfdkuW6dZCSvu0vYpJYdhFRilG7Sb7h9UsZomW50k8LsXCKjbeGwFXy2nTtjtOuRLna0E47XSbvsgHF1Nsm05NsmnOOV5hQh515n9mBrFJ0+V2KafaNepO1VUXVF5SyyCFaVOmx+kqx3FK3W1J/ccYtRp1+BQop7r+Za9C9ij5r5M9s1OnX4FbZSXNL3AtRioPvZhp6O2U5cbu/oap7YU3YRVJ2+QGrikr/EUm0qvL7lpbltd0JpSpPgCI7oq27a7obaZoo7Y0Sqt3yBLi2kovD5HqVFKN2whdOn9kFOV2soDS6VcWTz9h37DclWeF6AZyi02uceo0qVvuN5ykKSrTzl+4EvUlFq1SLjSunz2FFJpXTZWy428MAVrHYOE2NLgV26QE134sKcZVLj1KdVnsNyteoEKXosBG6k6D27lVUasgItPLHuSuhOoRTFJb5JxlSAlW5ehV7bJbqSG07tAJSbpMaWHkrbhcWTKNJv1KEod0D3LtY06wiuUvUIybk5K40jSWVh0Go3WI2D+jjIDXHuTtinjkIq43YntTpMKc2tq9RK/UppbQS7gNJcsTdLC4B3L6WOKfDy+4HtDQgOjmYAADAAAAAAAYhgAAAAAAUAABAAAFDEMRAwACgABoAAAAAACBPkYNAUABYrAYAAAAPkGAAIEAwF3GAwEAAMQAAAAEz4Pk5tP42iv/gf3PrJHymqtvxxpP10H+5Et7Pp1hHD1D26v3O1LNs5OqjumSWnXpVsQtb/Dl9g0f8NC1v8ADf2KPhejv/lHqVVVqumerxNRbyzzuh2vxLq2/wDrGepFU9ySs5y1HCHutptJBaT5+wtV4eLFX8tPhho23eQ2NW91v0HGtSCtY9R04Oqv3AykpTt8lqoxSSr8Cnh5FjL5aIIbioqNt5LaUY5dvsQpRa3VbJ1NSml3fFFRsqlHhqRMLkn5aYm2nFMuCTbklX9wqZNxaTVtiUbm28FrLyTqLa1TyBLhHlZbKSSjRN3P6a9y/VogUXWE6XqNRlFLl+4oxT5/Iu77lRlqabcrT+xUW596SQpSd2/XA9jrjygXud0sDjK7aIUW47cY79y1GqUPxCic5VW3KQRe6nLsD+pphGspchBJNu8L0HtfLZM92OPc1Uko13ClVRyrVDTThx/3EXK6a8vqXjarx7BCi12avuVc48pU/cW2Ki3VjTUlyvZegCuVbll+g3JzSbTT9AVR7jdcNgOm0nFYFGb3ZVehUcd8E0rp8MBSg5yW2dVzRfmjHOSUmpuXbge+1lYQDjSjb7jrNpWZxk3hLJenaeXkATbeSk8pA4t/05Ek1NZdALWzX9iXSmqTdoubezHr6E2t2ALVwh3dkwk5ako7Xj9S21XLJyo2l3AqcnFW+CHJzaxXuOb3rbz6onalLa+5BpiHOWRF/U3aTZUZq6fYryp5rJRKmnJ1gOW803ghxadJ9y1GSa3ZQBHyra1xwwl7rgmUXHN/b2KUqT38JZAWnJTk+1Glu/YiMY15OGNTuTi8JANqKdq8krmhvLrsOEWpOwD+4RT4CqVZC6WSBtJX6i2OrCDfqDleQFKS4fBEYx54aL2qTZMYbF5nbKCSfJcVjLsLtr0Y8R4qiBJd2DVyC7C0nRQnHlhHi+4J3zwVa4QCcqIkvMneC5R3L7EOLU77AOTrCQnDc7ov+oVPlPAD7oE3TXdMSq2gXmzYFaba1Guwp22trXIKm/LdjaW0D2QQAjo5mAAAwAAAAAAAAAYAAAAAUAABADEMAAAKAAAAHwhAAwDsFgArBgA+wdhAAAgABrgLFYAFh2AAAAAAHYgAYBYAABYWAALuMCZHyvVY+Nun99B/ufVM+U697fjfo166Mv3IzbiP3fT9jj6lNzdHYlaOTXVTDbo0HemmPW/w39idD/DQ9TEX6AfC9O3/AMqdXGOK1L+56i80bUqfoeVBteL9TGN/VZ6unHFZtnOW68Gm1FYyTJ71trHcepelGsy90ZRep5m8LsFbrywak8ewk1KCp8CU4/S3boLUVQDqUueEJ2r7j3XHMk0JSTmkroCXCLgs19hODiltfHJSVT9V7DlNJ3XPIENPZd2q4NIz26SbVKjKU47r3Kl2NLWpG08LsBDm400t3pRW6UndV9zOcpxj5FddvUrc5VdxvsArqTpp+qLlNp1Fck7VuSpsqW7dSS+wFL6bBpKm1gl0sPC9hNSaxKiDTbwksIduMLpuu3qQ5y21e5rmgm5SilF17lF6a3K6pPsytyg1byyYvamniv1Bed2o2A5q5ZV+41Fxg5c2x421lWZSb3qKdBGkUou+b9TRRis8MwpvUtv8C07bSywqnduu/A8y5RKTrzJoacnK19IRTSSTSbJUd8rzFLsx77ko08dx5WE/zAmUW3lKi/LhySf3E0q4J+Xsvc21LsBe2n9WGTKG1Wl3LXm0/REwedqTfpYFRyqFB0nHcnnKaKT2rKyEqeXyBKXy5J7av3LbpqkifmJungal2rD7gEptNUy4rNyMpQum+xSlNxzVoDRxyq4RGG8B8xOlK4/cdZdNV2IGorbySpeapCdOSzl8MqTe6tra9SiaaT7WNXS7oakpXBc0Sm2tqdV+oDcG53LgKcY+Z4TBvfJK6a5Q6bVoBqVxtR4K05Pbuaz7EN+am+Qdxg2mwpzjudptJ8kScvmJqqWC52orF2LZcHhWEVBKsEPOpwOM0o+ZUlyOFSg9r59QKq+aoG0qV8kwuKecCnhWqYFPC9UTBpx4pP1HFOP9V+pVR21WACFcdhSimsCUlGlRUpJRAlXWGH3ZDe5blY99VFrkCqDFMVsV4qwGscFZ9CVwCbYDT4Q21eBS4XuTHN12AeWNK2vsJxlwpJMrc6Xeu4CfLXsJLZp8tsHe7PcGtscZ9gKj9SVX6ilV0llsIN1dUNwTW7KYDTiuVTQ9txV4IcW2rf4GjVquHQHrggA6OZgCAAGIYAAAADEADAAAAACgAAIAYgAYAAAAAUAAAAAAAAAAAAAAAAAAAAAAAAIAIAYhlAArCwGIAAYrFYmyCrPkfE//AG56D/sp/wBj6rcfJ+LWvjXw+fb5ckGbcf1h9ZF4OXqP8Q1jI5+od6jDbp0P8MerWx2T07/lhrOoOwPhdPy+N9U5t05YPY0nUbR48teD8a19PvbZ6kJpQ5z6HOWq8NouMrfJOW3hUKLUVxTY3FykqeA0mUY3vupCUXNumkvzNVGtPZy2RsUFnkCKSTV5QlJPKz7UWmk26q+4mnFNxyA/6aqiHFQnnugTbaTX4jltdSdN8AJxTi6jz7D03UW1hd0J6ij6mU502kr+7AtRwpW/tZbVZRmltdcKuBTdLepY/wB1gOUpKOZXnkpS3u0+MnN86Ck7btYVl6Uoptybjb4TA6lJNXJVfFmcJSU8rHuCk8xb3LsCbSueF2Atz2PPL7lLakpXV8kOpR90ylcXu+qPouwFSms2uAhqLYpVz2BfUmpY9KKaadWvyAlTc/px7eg/lxbi6yhydRpfnRSjLm1+QC4neKXI0mncVl+hMW7a23Tzgq0k6x9gDUn8tOUrSD5lRirVPiyMySUncbzZbjFfhwEC/wAS1RdbrbxREKk7dfcunbt0FJfWkOe665EkpZu2vQcmlLLeewQ1V1VX2BST1aSppEyipbfZlKTlOq/IAm5XgNraqXcJSUZNWNOV2o4AS04xxtx6lrjjIJW7v8Byi2nQUqvDYQ04qXf8xLKakq+xMKWotoRpKMZPgyad7YcPk3p216oh4fNsBLTUVzwPbJvc3TeBOTjNUrT5Ro84QES8vPA1JSWOezJu04vhhGahUUs9gJVptyab7Gruk1wS05O4+hV3GwJ+XbTksobbdpVSHHdWWmJpRldc9wIgtTc7l3wkW24uub7A6U/uOW1qmgJlBS8zdL0CEVGV5VlJ3DzRwhNtpuvsApKdbbWWW4R2pfkKHCbXmKazdgTpvLVU+9lSa7oT98WFJrOGgIlFQlHmmaRi5Zkq9hfkNNpUnkAcaRGG0ngcNTfJ7lVEaicXvj+KA0pKXPC4IlXEY2ryXtUo21yiIyy1wlgBwVL1J1JpW/TktRpZJaTi7XIFKSlTCMbla+km6aW3yscKUKgqSAatTafD7hGFWrwF8YZLUuL5ApTUW42myfO28JoHGMJJukvfubKqYELype5Tipqrqwp1wNJKV2ARxiXKE03mPI2sprvyTmMl5lQHsgAHRzAxDQAMQwAAAAAAAYAAAAAAAAAAAADAAAAACgAAAAAAAAAAEhk3TIKAAKAAAAEMQAAAAAAAAAAADARAMiRZLVgc+rqrThKcnSXLPkfEeqjr+N9N1ulKMun0k1OSfB9T4jC+i1l6xZ8N0OhCXgnWSazCWAPs+i63S6qG/SmpR9UPVxqP3PnfhJ7VOCk6vg+j1l/MCurpc6Rer9LRHTY0y9T6WB8BqU/iPqI7aSfKPW04bcVj1Z505OPxF1VVlI74TnKSS7c+5iWq8OiOnF28NMaio8N0G5qvTuK7fldIjSk2na4REk208q+R3tw3afcW+NYZA7irSVshq8sw19eGjoynOT9kuWfLdb8Ty0taShUpe90i6H1i1Ywk0237GOr1uhpxanqRi32Z8R1HxdrVSjFP1WDyuq8W6rq3fzJK1hRLFTb6bxr4jnvfS9BOPl+vVfCX3PnX8R9atZR0+qnJ39TxE8p9TPTSjNbnvUnGXdLsz0vENLw3X05T6K3upwSTVKrad91dY9DpFY0xMtJfF/icX/L6lyfqoKv1Jj8YeNrjVUl6SjH/AEPJ27VS7GbpO1guoTcvfh8YeJRalq6UG13qj1/DPjXSk9vVRlBt8pWj4yOq1yXGdPclT/Rjthdy/To/EHQfKjrT6jbpS4m06H1HxJ4V02mtV9WtRPhafmbPjpwj0nw9pdf02rHV0uqk9HqNB/8Au9RZX6Zs8TQ6iTa0dTa43cWmZmh3Psep+P4LVf8ACdHKXvN/2Ryy+PvFVldDpqP/AAy/1PnI6sum1Gqxfpydmh1UdTDeR2wbl7vT/wC0CW/+f0Ub9pNfue50nxj4V1jjpz1JdNKWP5ipfnwfGOOnqWpRUlXdHLr9BHa3ovb/ALt4Y7YNv1lVqwUozUoyymmXF1F27Pz34a8W1fB4wjq9Q9XQ1Lb0ZS/w4rl57+y9GfoOm5TipUpQfD9jExpqJ2SjJp7ZUuxa8r9bFB5yqXsPclN+XCIpbqbwNJS+tOyVFue9Sx6Gm62uwCeHxheg4zt3lr7BuudVV8MSpYQRapZKlBTjwrRDdYeK/UpwrN8gE4Wlbqh1SW1/clx2wq2/uKE4uSi/qrgByi9Rtce5bTiqV/ceb5/ATlTjF9+4FbspYXqh43XZk4edSvIpKTfKpEVTm5NpQp9hxjKNN1XcVyim+3YcJqcLdNlQebnd5X2HNScraHG0nFoNybp4AIrOcjpqTykh0l5rwiW93cghtW88ZKSUl2ZLeWnF8covTSSWfuUNJr2rgSTV28PNB72NKM0/QCoq1YnVZ7Exw23lI0krfoQRBqUba74G7SqsA6k2k8oS3RWcooakuHVDaTpp/gJ7ZVQOCbTeQKatfbgzmpucaxXPuadhU6uwJ3puqyuR72s4xyLbTbar+4LTak2u4Ao02+b9WU0km+5MYVLc3dlS86aSwAl/vL8hLavKuw9yWCWuZJ8gU8OkZtNS3bcew2kn5laqw3P6l9NAE7mri9rCKdtfqVGSnD3JamtRJ8VygHdvbRW7isIiMnGSi833LatrPAEubvPCdFbrwllE8Pa1l5+421ylngBtSlSVfiOUZNqjHUeppZg7b7UaPV+XDdK37AUrVuxP6U657DUt0dyiyZOdpJY9QKn9NJihVLNuhr6aEoJZXLA9oAA6OYBcgCAoBDAAAAAAABgAAAAAAAAAAAAAAADAQygAAAAAAAAACZtpWhpCkriLTUksk9xYABQAAAIBiAAAAAAAAAAAAYAwEIYAcnXK+l1P+FnxHh1PwXxBf7zPuet/6NP/AIWfBdF1HT6fhviMJasVJydJv3IPR+EYXOTPpNdfzFg+c+EJKUZuLvPY+k1k96sK6On+gvU4ZHT/AEFT4KPheoTj8RdQ5fTJJUehpae1WnwzzfEYy/8AKjUp8RR6ul2vujnLVeGm2M4XVkQvSqLV36ltVi6RE+VLsRpeNrw/zMJz04Q2t1J5oep1Cg9t17nkeNdbLpegnqJ5li6A8b4i8cUL0NCVtXbTPjNXqJzcsVZXW9RKc3dPPJwvUkbiEbrSrLv8T0Oi6fW6jUjoaEXLVn9O5JL8zzY62F5L/E+g8C1NCPR63UW4z0n5sYiqw/3/ABou9Qj5/rF8vVclLduyrdv8To6HxRdP08ul1ILU0dRqT9YS9UxdRr6fWdZr9T8qEVqTbjCKpROWWjKT8kMexU079SejqZUrf+Zf3RzThzWfsYrQldPAPTlypsu00qn3Q05cK2YNdQuN1CvqLrcxsb6s3pwqTy/6SdOUk0zKOlJyW52zp0tJzVLsNrp3QlDX061U7/zIlaMtOalB7kiujXm2PE+3udUtB51IrzJW0u/uVNFo6u5cmktTbFu+Dlnoy1Knpam319g61LoYaLl1Hz3qRbcYP6fuY2sxKflucnKSzJ+WPc/VfB1raXg3SaesmtRaUU0fEfAujHxDxCfUT6eK09GON2W5dj7/AM0dTLwZtPssNUv8w1JcZMZTU5bYyyi4eZZZlptGoq0Sn5uM0K1FLzN+o1JtWl3CE41mGG+xpGCb3PmjJSant7e6KTanl4oBP+Y03FNRfdjkm4ra+ReVeanSLUU5WsAU4vYlJ3XoJQjl079Sm6q1YZWYoAUXe5vgi1Kae5fYvc3hqkKMNvDTXuALE9vK7MJWm1J1fcdS3XH82OKu1N2RRBpJ43eolFRaapRfCHtUG3H+oiEnJbXHck+So3bVJme10rdUxyduOOGZ6v1VlN+gGsW1J8NPhEpteV8gn2Vbu5phRvFkGbcqSi0n7lKttPDbG4pxtqmibkveu4VKUrknnsi4RSVXVj3eW0sXyHlcnJLKKhJR3e6ZcpJ/gRFPe7XPcVNOV/gQKCvUck2r59y2k5u5fgEVcLXKItLzS59CipLat0VbXI7p2rdijxa4fqOn249AKeVzQpR8vPAm9vLHJ4pfiRTWYqxNvKffgFK19hRnSadvJUJRex3LPsUrbXsKV9nVfqDdLc2ATlynHDJSvT2rDQ24tpOVVygc48ppr0AJrCTp4COmkknwClv4WFwNICK+XNtceg90ZNqimqnYpKLz3QAopJv3BzcHhXfIWqWe5bWbTAjmafcqqbxgHGrldsX1urAePuHldWuCc53Yp4G3XGb5Aril6k21J5Vdh3F+7YvlpO0sAVapsVN0wl5Y22OGVQHsAAHRzAAADGIAGAAAAAAMBDAAAAAAAAAAAAGBQhgAAAAAAGR8gIB0LkAAfYQAAJD4AQAAAIYAIBgAgAAAAAAAAAQDEBy9er6XUS7xZ+R6PgXUdVp9VrfMS+U22n9z9e6z/An9mfBeGV/D+JRfuSVidS1/2fwnpaWvF87j7HW+tX6HynwWlHU1q9T6zX+tfYQjXp/oLnwyOm+g0nwVXwHi85w+J51hOKyenotyUZp36o83x2Ll8S0lzFHdGT0dFW7bxwcpaq6N6d7sxHOUUljBla2VLCWTwPGfiSOjv0un5jh6jzn0XuG4h6PiPiHSaEb1Zq1xFPLPifHvFdXq9RxlcYJeWJyT8Q1Oo103cm5Zf+pz9dOTcrlaTw0WIJedPTTd+oaWlBzrn7k6uonw+DNSbi8m4Zlrr9VT+TppKPd1lkxnNRcYyaU8NJ8mOnBye5nXpQp32Xf0KyvShLT4ilfb0NfmqDSu37LCKjFKG72sj5Sbum2Fga81PSSgrl3DS0ZJxtVtX6mqj8v0sallOyxBLaWlFweMI4/krDrng74edOK47j09D5s41HG7AlYh566Z4k1jlG0ND5c9yPX1Okj/AA6pK9zVnPKC8uLxRF0z09GMp7u/Ka9TpjO4vG2cSYT+XBKlRGpJN+j4LtIhya8NSGo9fSeW8ojW0Y9TBySqXdHTuzkwf8nUVcSOc+W9afdfBPTaXSeDqMklPVluv27H0TVNurXqz4n4e8UjptaM3tXZ+jPs9Ge7TUufxMJMaPl5jt3dzSENiecMmU015u3BUm9icefcIFF3nj1L02nhus4CLlJXhv7kZjHLW6yi3B1mQNSnlNFXGUaeLFGoNRTtAJuW9cV3LdSdVXfgi6bbX2Y5SuCqSbCHCMk05Sy+xo5bckx557Fba57hWbU5PCv7mkdz01cal6BdKq5KTW5LIGa3vV+pV6FzdRqrvsTGLWrKV4G257ZXSTCGnFeuBaNODp4Gpp2qsSmoSzwwCCjyr+4bs8LnkuEk44ozl55KoulygLUVfIStPs/YIuOVHleo2pLzOOVgAUuzeB28UrRMaaWXaNLTxf2IqJxklUOQTfCjVFrl27FvSiET5rbtWJO5U8MJybVqku4mn9Saooc90FfK9BxTf29SkotJtPANW6TASrtkE6y40KEXTdqwlutYugHuTaX6FbUmkuRYeWsg/K01kgLu9qwvUOWr/IUXUOKyVUZO+6KGvqygpLFWgwu4n5Xzb9CKzcHueMsrYoy+ntlg5OKd5fsNNzVuLXsVCttNqm+wprdGrEl5pYr+w88Lt6gNxaSXLE4c3x6DUrkTKe2Sk7rh4AbhaavCDTTUfM7fqCu27tMdp1kBq6ba/Ana7TSp+wb3tv3HB4b7gRPcpJSd+yG96vCopXutxVruDbaYEJ3JY47mqXmM2nt8qotT24fICcbdSa4opR2vHoTHdbtY7MpptJp0B7AAB0cwAAA0AAADQAAAAAAxDAAAAAAAAGIYAAAUHYBrgAFQ6AAAAAABIAAAoAAAAGAqAOwAAAAAAAACGIAAYAIBiABDEBh1X+BP7H5/4fa/5Rj9z9B6n/Cl9j8+6HGv4gvXcQdnwdfztZJ0fW63MfWj5H4Ob/i9U+v10rRSF9P9JrPgx0eGzWTwFfE+Lr/0hdc7DoglKk4td7onxOK/8pE3d/LPa0PCfn6KT1WpNf0rg5Ty6V4fFfEXi60IPQ0Jed4k74Pi9bVlPV2JqbS4R+peIfAPh7hqamrq9TOUstqS/aj4/wAU+Gel8K059X03VPUgsKM1TEOup0+e0dJ6MZSnW7t7HHryuUr7+jL1+oqbVnJqTbeGbc5YSirYqxXqaScpcpfcUYNP39X2KyqENq9DaFzdf0rsZqUU6vc/0N9NtQthNNbWIvhApd0ZJ3bKTpIbXS+9sF9RTj/K3PuyItKLk1wIlqYdem+15ke94f0W6KdcLH3PnukvU14p+uT7jw7p/wDmj1r+nhevqYvby3SryHppycXim8fazyNWWzX2s913LxfY0qdyf5Hz/XOuolSoRKzCNTV/lpLlOxOTdO+xk3iwUqfJZlnTVySv3I1Vv0mlysoWo7jZmpU8mWnToa70deOpH8V+59/4L1i1+mik25Rxzyux+bufmkvR2j6f4c65QhBpNuDqSXeLIk+YfdRcZRvZdin5XT47GWhqqSu7S7rudLSxSyHMopbVVWD4pEO3qKKaRotqbhy2UTGEnTmuCpJWldXwHmapjityjauvVAJbo4l5k/UqUHtqNJeofL3O9zx2GsWrAcXjzfoPUTUbTthtuD2vIbbireQh6ck4+bnsEp7XVNtsVRXl4QRlUlcbsC7UY2zOTuUUlakXNSeEsGe3vzXYDVNQWefYcVjzJGSctzdVFeppKO+SakFNxgr24foOqy1hdxKnbpc8lajpLOWEJ8YSQJyk3axx9xbfNvtqgdpXdpgRFRh591pGqlF8fdEeVQ2scJQvl/cgM/Mbk6RW2LSt/YiUN+b4NFBKPcoWxK1WHwTtbjSpUzROorsTJLNtZAlOTk43d/oN2oxjy+7Dh2kO8gNacY5vL5KpcNmKqTu3XCsttYTQFpxjiiG5K3+SKVSw8EyeLStIgEqVt4HtVW8gn7JJA02m+5Q6tXFZfqLdfapIIt4vkVubdtJICZJpqVW+5abtr0RTeVclXoQp/wAxx7IBcam5y+pYRVu+LJmoylbTbXANqMlbAG3pxbUVyU3cKfcObSyhJJNcgEUlPDFXnbQnG3JKVWUltirf3AKUU1XmZmtyVtuuHReo57G4NWTKUowSUHLPKBLRySpX9gdd+/YVp7Wl9wck6d59QFqKVLa6QXHa27Bzkn6lRe6KbXIEqbUW39K4G9z01tdNrA0o7cql6Djz7AeuMQzo5gFyA0AAAAAwAAAAABiGAAAAAAAAMAKBDoQANAAAAAAAAAAAAAAAAAAAAPgQ2IAAAAAAAAAAAEMQDAAAQhiAx6n/AApfY/Pegz1XiC95H6F1H+FL7H4zr+I9f03inWw6dtp6kk/LeLB7w+w+EGv4zWj6H1/UZo/PP9nvU6ur13UvVlbpH6FrvEWCF6HBpJGfT8Mw8X8S6bwbw3V6/qpNaOkraStvskgr57xXd/y95acvl/3PpvC93yU5cs/IvFfizquo8U63qIQem47f4eKdOKWXdc+59D8I/HOtq+MPpeu1K6L+HjOWrNL+XOldtLEW334wZmk726Vnxp+l6kFODR+XfH/hfV9DJ9T08W+l1f8AES/ol6/ifqUZxnpxlGScZJNSTw16o4vE+l0eo6aenrRUoSVNNWmiS6V2/nDWk93qY7qPe+LvA5eCeLSjp2+n1blpt9vb8D5+5P8ApZpzmNSrfOr/ACK09LW1n9Lr1K01Strc/TsdEFPUw3Ue4BDRhpxqGX6+oamP7j1NSGmnDTee7MrbeXYFrhL8zS7aXdGau2zbQg277skrDearQj7UjmlKr9Fhe529S1Dpox72ebqXn2X6iFl6XhUHPXh7s/ROg0tnh7XHkf7nxPw90+/X0m1wrPu86fSvTWJNUjjafLrWPD5aWol4pNp8OV/oeD1kvma8peruj2JpOfVavZz2I8ba9Scp9slglzvMVXoTqeV2b6envtLsT1GncU0uxrbOi+rRi65Ri72nR0yc+nkuXB/oZONPb7kGV+de6PS8E6l6HVuN/UmjzZR7dytGctPVhqJ+aLKj9U8L13PRUK+nH9z0d0rpXSPnfBdSXUdDGam452tLtStfo/0Pe0YT2RlvUl6vkjEtKVqTVUUlF+b0FJSrGWHnjhZ9iopuUp449Rtu6xZEouklcWW4tJOrfsBpD8DOd5tXfA4vuyk5W7SoCYXVJ3RTe/HFdyouo55E6WapgRGDinKWWWpNNXHy+pFuKcnO0uxbnvScV5fUIamt21gtqm3HvyS3FRuL5HGUZQtsKiUpJ5ariik1pwvOSpRx9N/cpNOSW38aAIS4xV8onPzKr8yqU5eV1WAmoRUXJZ9Qgmqav6RtrZTlyHGm21YJurUbbCm4tR9fwElbp0U26eckShhyeH7EFPElhNdynVpJkLMmrbwDkoPK7cgVVSfqSk781N9slWmvVdqJv5abce4RUpNNX3FFvKa7ilKW7i12opXV3RQNLUVcVknNZlRpmiVtcVaAmTflTynyVuSSURtRuhRrlfmAYTb7vsGmqvLy+5MnFzp2NUs3xwwE7i7lNY4CLjTfd+g9SK2K4uXqNqsQXYCXW5WrYRl53cavI3lbZc9qKn7LIBt81tkThGcsq6KxJrLTrgmts7vAClKUVd4WCs0rJcoym1yNbpTkuKAJtb64ZO1tK5cPI2t7trMQ0nutONAUudr78ME5Ly1j1D6pKuENy3RvsAkqdKxx04wWOGK7qlh9xtNRxbAGvMklgF37IaruL6sJ4XIA/NHDsI1xyxqO14XINU0qr1YHrjEB0czBcgCAYAADAAAAAAAYhgAAAAAwAAACh0AdgAAAAAAAAAAAAAABgAAAAAAxAwAAAAAAAAAQwAAEAxDEACYxAY6/+G/sfn3S6UF4v4g9qvzdj9B1voZ8D06/899cvVyC+8D4Q0o6fiOttVWs/mfba/ET434Wx4pqL2PttTSlNpImyILQ+lnN4z4PHx7oX4fr1HptRp6kl9WGmlH/AFPQ0OncFltnRFJGe5uKfLw4fBngWn0Uum0vD9KCkqc6ub/+p5Pyr4u+H+o+Hev6uPS6ep/Caumobu1YeX90fuTkkeH8U+HaXivg+voTXmlHDEW01rfh8/8AA3xN08uk8P8Ah3Xn/wA6j0qnCabaksvbxhpftyfXdTJR03Fu0fjHw71/S/D3jOp4j1m3Vj0k/kQjBVNbk05cZSVrnufrGp1K19BakJJxlFSi/UXWj4n/AGidLGfhT1a82lNSi/vhn5j8ysbbo/X/AIl6WfX+E6uhFW5Jo/JPkS05tTVOLqiVnw1ePJQ3OsF6mrS2pmWrrqKcYLPdmKleXyaYmdNk7ZcX3oyg+9G8UlG2VIOPH3PQ6LRc5Jfizk0Ib5cZZ73SaHyullNJW13MWlusPL8QaW2K7M4Yx36iXqzo6+d6irsuTPpY3qxb4sscJPL7P4Z6R1GbWWqR9R18f4XotTVle5RqCrls+Y8O6vrNCEf4XpJY4ckdHVa3jnXQalCsVk56+XTbzeuiun6OEE8tuTfoebDQ29Bb5lf3O3V8I8T15P5rb+xj/wAl9bpypttV3RfBthp9M9PTTa7pMUunb0YNrDeT3+j6CXV6UtOcaawqR6sfh+GxwksGO7TcRt8B0sZaevraLXt+pU9HbrpPhH0PiXhOl0Ll1Db3u0kjx4+Hdd1s3NRaTfLwbid+WJjXhwa+kouX3OWFxm/TlHqdX4V1PT6UnJ3SPJja/DBYZl998Ka61ellG35Um19nX7P9D6vRlcVzTPgPg/Wcepenu+uDx/4/A+8hq1CC23jkjE8t1PbKlHA3Llp0+1kqTXa7Hncs/dBDbcvq9BXPZ5av3HOVW6BT3ccVxRQniKd8ehcZuUbX6jiltS9RNuDUUrj6hEylS/E0hFyw/SxJOUVKVOvQa1G9N4aS7hUza006q2VHCSVOLJ+W7tq8FTUFC8qgMtWUozin5VLFFqNQrNWNaMJJO2/uPY5XlxdUBpdKucckxlsjtb792So7YLdnFFR0VJxm+UEVW2Sp8hO5w862pDcHLuk1wOUVONdrCpUY+V26SBYcnl0KMfl+RK0lyym2o16sAU/81IJa0alStepC1KahOCZShaflUX2Af0pNZbQq3N7o2lgpW5L0rgbac9sVissIiElFJR4XqaOWLtZJUXsakk6EpKFJK0wB582UPz26VJfqCkmsjUtydPCAW9y0/Lz2BSUY3KrDYs4eROCTpcICnKMGqX1CTt+3oVtXLf2IpbsgW0uasTVqqBN7Hd+1E6dr6uezA0aruCj34FFOneUKvLeSKFJydNX7goyu3hDiq74fA5XwwM5Pa065wNrH1YB1LLztYNLLCItxbdYvk1XG5kNOcaql7j4uEvQoTitrbTf2GqrGMCi6uDVUNLDXddwCLbT7MFJLyMI7o88MmOZS3rvj3AuOFXcLylZO6TnJNUqwy1/mfYKMt32aIUKt7nkN2688s0jlJLsEJebN4Q01OIttP0diUmp7cU+4V7AAB0cjBAADAEwAYAAAAAADEMAAAAYAAAOxAAwACgAAABiGAgAAAAAAAAAAAADlCGIAAAAAAAAAAAEAAAAAAJ8A3QknLhEmYhqImWeqri6Pm+h+Gepl4l1HV6+pHT09STqKzJr+x9UtNd+S0kjHc6RRwdB4L0Xhyb6fRSlLmby2dySTBySIc6M7b00cqREpmctQxnqom102eocvU6ilBpmep1Bya/UJIz3L2vyfx7w7S6b4j19BakY6LUtbUjLukrpOnl8H33gniul4x4Xo63TJw02tu1/0NYo+K+NoOfjmlLp0lrzjm2qa/E9n4Q6vppeCRj01x2Sa1E+d3LN2n7IlmkffMPp/EtWHS+G6kYU9RxeX2xyflHxP0L6LqVrwblCf1ff1Pv8AxXWnLQlC+dOSZ894n0n8Z4RKM8yiqRmlnW1fD4S4zQnFepCg4yaeGmaRi7t9ju8y4RtpI1fKj6Bpx2wcmPTjeSLp6Hh2l8zViq7nudY10/SQguZJ/scXg2hb3Ndjq8Vi3KKfCj/4/c5TO5dqx4fN9XfzEu9Wz1Ph/plrdUnJWlx9zzOpan1U3dq6R7/gOnrKKeioqX+9f/juanhmseX3nTT0tHSjG4pJZJ1Or0nF1JNeys+S6vU8Vjq+eUKvG2P+p6/TS6GXTp9Xr9TPUp4kmoo59vzLrv4hrPrNNTpNp+6o7tDThr6atXZ+e6/RdV/FSnox19ilhyk2feeAvX1Oi0XrRcZ7cpktWI4Inbv6fpI6U8Rr7G+vNacW/Q30oexxeKXDQmYaeLrwh1E3q6yTSeEzm1uqjpwckkor7IetrzhqaUPkS1NNpuTj29j5zxvRnrdW56Ohqxg+0nwbrXfLMzrh2dT1Uev03pRklue154Pl9aEtLdCSpxlTPV0OmWhCGo5Sjcs+iOTxCF685NO3zfqdIiIcpmZdvw3rvT8S0ms5aa9mfo2knKNRtpPhH5Z4TN6fURmv6JJ/kfqPQavztFSz6qSKxLtipbfQ0eFUqeDOLpbZNNl8JtKwyTuXCVUGzbFrvyTTm3mndFSjKMUqv19gKhNqw+ZJRtpf3Il9NRbp+hcYuUF6VQFRc6836lJtctP9DO7Si17UNxck4x5QFpz3u1SCSUquQ1FtLOfcU0lqXtTdACUm6spZxJ8EP607SstxilufLAUfPKi0tuPUzhcHKkWpW0llhDcEluldr0It3GrUbzZqpbnVk6kdsotBShibT4rA5ZhurN9hxalG1WBuSeFigiNNLa5J/dMlaktSWML7BJyjHC57oFSbcllcNIC4pwklXJTlGNzar1I1PmacU4+ZP9CnFT08rLAUNS4ulhukylyo4wZxpW2q9CoNW6SAc1K26/7wlWyqdv0CduMre3HJCxNSc3SX5hVxdVHLrlsFLN37Dk01SJlJJxxSYRfKqSFuVNKNUx8ywkiJNx1W+y4ruFU50uMsfaxY1I2w2VTb49QCLbUrx6EwUoqSb+w3UIN5rkG0kvdkCadbVF2s2ypZW5vKXAOVRqr7E7bfvRUUlilL8waxVMGklXcV80+xFEpSTSQSlcLbp+wJ7o3tpomUc7t3lXYIcXJKpO2+GWovhvkjTe+Ma4RdpZWfYoncqvjsZzblJqLte3YqOl9SlJu/UtQStrDfICl2cm7JjUoJXJZw/UpP+Y03eMIdXmkvuBMqjdRfI3Nx4XI5OTcbXA226pJgK5Uk+5ELkrr8GaTi96z2FmMMAewAAdHMwAAGAAAwEMAAAABiGAAAwAAAAHQhgAABQAAAAAAAAAAAAAAAAADYAArAAAAAQDAQAAAAAAEb7dRySZiGoiZ4U3QZlwhx07dydmiSRzmzpFNcojp92aJILIlKjO21NpGcpEymZynQmV0cpNdzOWp7mepq55OfU1zEy1ENdTWS7nJq6/uYavU85OOevfc5zZ0irpn1Dd5OXV1uTGeuu7o8Hxr4n6Pw2MofMU9asQjl/j6Ejcz4b1ERuXzvxf1D6rxpQ0dsdTQg5OUnVrmj2fhV6C8FhqaN7tWTepf+a6f4HxmtrdR1mtLq5ajevLU2uKpYfFH3/R9Lp9D08NDSjUYrvl37nfJ4rEOOH7rzL0NTTjq6bTzaZ43UNafSzi+Ypxf3PUlrVA8LxGbU9ZdpJSOVZd7VfDdRFLqtVf7w6TVLuLUlv6rV+7ZejHfqZ4PS8kQ123FIvT0/OkarTUn5eyNdHSbe9LCZnub7Xt+E6XlSXDSyHi7X8RNLhRUa/E6fDo7NPb7Wjk8VV6mvqXwk1+n/AHnOOXXXh81W/V9W5Wfd/DHRf83UpLlnwvSxc9eL97P1bwHp/ldFpJrNG7y54493V/yfGbtxuuB6nRNw27Ifij1YQTiEtKzm7PCj4XGWonNJ+3Y9TS6dadJI3+Wo9gjJXkzKTASUZo4vEtJz0pfmdqfzJpI31em+ZpliNnD5OGgnGqtMz1vDnrRrda+x6j0Pk9TLTa+xt8pLsFiNvjfEfDY6Wk4vho+a67SlHXlF23t7/Y+68bi5xcYrNM+R8U0mtVS9YRaX4M6VlxvGpeZ0OHuXaR+keBzb6BPmj866SKehOsS3Y/I/QPAZT1PDoYVOXY25zHh62xt90/2OhSuouWfYz3ruv0NG4uKbpBzW6gsK2zNasnaaafoG7bVuw3Lbug05LLAtwlW1Vnv6A90UknavIacnJJ8FN26oBtx3J0U/Lld+TLM5eZVXCKhKUk90kovgBSk5zcbaS9O5pBJLlyx3JdVjK4scYeSldruETJeZea6eC5ShFKUn9mSpW0uVfoN02u64qgqlG07l3HCVPclgMJp/mgctybaajxT7gWoW1P8AuTqzSlXqFpRUUuxit8ZN5lfOMAbRcEqTyxrGmluT+5yuMnqLUUa2p0vU20p79NblT9AKnG5xrCWWkXKaXleLJjSbbfPARhKGo78272AblUlbrHpyaNXFJEyUnF4z2oXEo288tWQE442qrvJNUnwnwmOU5SliPHYI2o7mmuxROpuS3WnF4GnFSSy3RdKa4TQXWXz6AKVX6NIJRUtP9wby3wNtRjV3ZApPK+wfLundPvQoyqSWyq9DTdeOAIuo+Xhdht+rv2ElSa9CkrW4Iymqi97pXg0zJWuBSi5Kq44sHexU9tFUrVJtscnUm7VdgSkldZY9vl4pvkiMpuapv14KaajSfJaTxdP3Jk5KTWK/Yobk8OvwEntlsffKJaU4O75u16hOTU0kreALcHuTi0neV6jrNquci8132occQsgJUpLASnFK7/Al6im0kqplOHdFEqMnqfM7VVFWpS28g291R47hFJY7+oUtuKjz3YR06ay7iXKnGr45ozcfMs4oIqe5O8tlLEeWS/MvqoFxJLNepB7AAB1cwhiGgGmAAAwAAAA7gADAAAAGAAAAAwvAFAAAAxDEAAMAAQAAxDEAAAcAAADyAIXcYgAQwAQDEwoJlNRxy/Qzlq7nt0/zL09G8nOb/DpWnvKUpTfm49DaMaQ1BIdnN21EGJuhSkZyngbNKlOjKWoRKZjqalcGZldLlqGM9Wu5jPWrucmp1DfDMTZuKttXqK7nFq6/uZa2vXLOXfPW1FDTi5yfCRnl0iumuprXeSNHR6jrG1oabcVzN4SPR6HwZSlv6t7q4008fievJRhp7IRUYpcJUjtTFvzLjfPEeKvgviKOp0MvkrWtONyaxTPzzqoaS1tSOVGTck1lxl/dH6H8YVcZf5m7/L/uPznqnepJr1wdIjU+HOZm0blxdVry1Nb5lKEv919z0vC/irruhkoa8n1Gj3jJ+ZfZnkav1MyNzETHlzi01nw/Q9D4i6DqoJx6qMG+Y6j2tHB4v4z00dOXydRa09rXldo+Li/MkdfStT3wfdYOf0oidu315tGk6blKbk/6uT1uj0IrSlOUcPCPNgtrPW6LqNOPTS0ZN7pNUtqpL7ltwmPnya0JqEtWP03VHpeH9Pu0crtYtPThqdCtKMG9SeokmvTuenpQhpasYR/yo4zL0RG2/h+lUYt5x+RweK6Lrq2u0MHsdPDatqMeo0PmrVg+ZLP4k35XXh8T4alPq9Nf7yv8z9c8KSWhH2VH5J0Kej4lGL5jOvyZ+ueGyvp4P2s1k5YxcPW0sxNaVGGm/KjVPBnboy1nUTkinqa222k8s6tTzujl1VPp9VaiVxeME2ky9DR0tLSW7uavXi40j5bq9TxXrOrUun6n5GhH+lQtyfvZ06fXy0On3az865rua3MJEQ6utal1MeLQTxCzytDrX1Ou9R3b7eiO7X1f5dIztqHi+IT/AJzfsz5jxbKUeJQ0nf8A91f6n0Gs3r+J7bqGnHdL79j5/rWpvV1m+VV/dv8A1OsR4cLTuXl9BHdCa5t3+SPvPh7Srw/SknSq6/E+J8Mg5aetJLEISl+h+g+D6HyvDemi409ite5pys7d81eLa4Ro03zST5TFONtVf4DnLdVJMrCZtxUFFX7mqjuXZelAvLBKC/BinKUU+77IC15fzKcmkuOSU3KK3RyFqScVhgVtk1juTKLivMrXsOEmtPbeV3CDbjy8dyBQ0477Tf2NE3GT9BUrTfKX5icJOKVFDW36n+FEy32nCnm7YQW10l+o7ptNp+wGirG6XI5bXUXw3RlGdLbG5Waxpv1XuQTGlcXK+w4wdt32FGr8te9jilBNKbeeGUEovbSTp9wXm8qS2rlgpy4b8voVFNQu+ACMYuSl3FPVcJqX5oUNVJSlf4EzjLcmkqrlhG0tT0yT5X62G5RSag7aCNzze2+xFOk6mvxG2mntTa9glG41bsmUZKqljvQRVOn2+wSbireUhvKwwUd0fuFDja8r5Ft3PKEo3Nu2i3S7WwM1uUnFtFOkqvPclxt89ioxi15lkoaVt90wppKsILUIu00kFqXPcgMKSzlikt1p8exafZEKkqX4gKMZJtL6SrUcN5ItR8sXkqVKDzcn+hQlbjm1QPZzz6kt5jFydPuipwjtwvyCB544JqO7Fv2LXmqlSE15k/TuRSjJydRqu9lOcV5duEssluCladNhCSlGVeYopKMlaZLk6tt3xRMJOMLrCLcO8n3siGnJukiJSalUeWzRYjSf4kyUY1Jq32KCUYrvTZSwq5l7inByUXxJOy/fl9vYCFpt4bxfYdpJ1Vr9Q3OMtvNvJMlbaXoB7IAB0czAQwGqASGADEMAAAAYCGADEMAAAAB2IZQAAAAAADAQAMTdADVoAQAlSAAAAAAAABhWAB8AIAM9bWjoxuTy+F6ifCxCpSUI3J0jBzlrukqh+5lctaW6XHZHXpQSRxm2+Horj15kaelSNUqDBLkZaOU6J3quTOUyHMirlqGE5inMwnqGZlYhctQ5dXVS5ZOprpcHDra3uc5luKr1db3OPV6lJGWrruT2xtt8JdzDxzo9fofAtTrNSThqXFRgu1vuWtZtLV71xxuXf0fhuv4g1OTenpf5msv7HuQ6PQ6PQ2aMEvV93+I+g/6Jpf8ACjbqPoPVWkVh48mS12WjhujTVaUGZ9PiTZetVP0RtyfAfGWqorSTxSbf7H51rtOR9x8bar+ZlrNpHwmvK7Zj3d+IcWr9TMjTU5IZuHKU3TNNLU2ail7mY0slSHdPG6XZcG3TtqOfQ5tSTehpv8Gb6L8n4L9jnLvHLrh1+v0u2elqNbeLye50OtOcY6zlufez5qa36bS5R7/g9y6WOeEcrRGnekzvT6Xp5qcE1ydEIKWrfqq/I83otRxe2z0tN5vtZyl2iHw3i/Ty6HxzUw63719mfpfgWvHX8P0pJ8xR8n8W+H7/AJXWQVprZOv0/udXwZ4k/wCHfTzd7HX2N2+6sS51jttMPvNJ+VGjvsc3TTUo3Z07qOayIwXLHLTjONM4uv8AFen6HT362oor3PJ6n4w6HShcNSLfrZuGe2Ze5PSjCD4R5uppwlvUqzlHg6nxZHVnv+ZFRfdsx6r4m6TSgt3UwbfFZGm4x+HraOj8rqGlw8m3USahSPJ8H8X0ut1qjLc1k9Dq9Ru6WeEh7sTHa8uU3o6XUzpuWpj8DwPFqh0u1OpTk5Ue91CWnGN+aSTSXv8A+MnhdZCXUdbDSrN/kl/4R2cGvhXQv/ktqSzr6qgn6q1f9z7fpN0On0lWdqPD6fp5LU6XpY/Tpae+f3ldfu/yPeW5VnFFYmW+9JZQR2tblSrky3Lj0Gpxi8RkrdBltdpbbHmUVK8+hG/FLFmcZSV06zgDdYzGT5/IHNcyw/YmLbWVf4BW1t0Bqmqu/wAQg/M749jJy/lOW3d7I005b4RbVWvyAtzTbcc+loSlOWo7qvQhLbxK3+gqalutXLhgaUm84aeAW1tt82Q/pfD28Fq5RuvN6EDSTmnFVj8ynGW1yWG1mhxW1W12EnujV0URCVq7TrhlyVKKUfNfJENPZJpNV6epo5SUr7JAFN23jBKlLTSVWm8scZpyy3fNDbU8S5WcAKVJtxjd4NYxpeZkWo01mx1ueG/sBUklpuueRQrbcrBNLLy3yJqMV5UwLXFckq1+PIb3SvFkaM7XmlmLzggqop7bopeVUn5nwZS2/M3Nuk8exq5RpSb4KIW58KpL8mW5NLht+w5S8u7sJt7XXfggU1t8yCMY7W2nZMYurnK5FWo7aWAKadOsJruZ5UUt2Ui5Nygs570DpRTSKM4TqebxyaNRbdWu7Y3FbGlhMiUL09mQguL1F63Q54ty47FKPlSUa7uxSUpJxaVPhgQnFtRUsfuW2/SuxMobVFKrQ25NenrYFWttMlRuFJ84BSUuFwOTxjH4EVLhFytZklTKhX2kuSNvyladth5nJOqtZKjSTxhY4E7tKiIrZp5k5Pk0j5n7kVHmttyxJ4NEoqHqSppy2tpsajlyk6vhFAqi8rLE4yck4yx3QrTbp5TGnU6TtkQU3J08dzOUmtPfaVPuaTa0/Nl+pM0tSCb9UUe0AAdHMDEMAQxDABiGAAAAAxDAAAAGAAADfIgAYB+IFAAAAPgFwAAAAAAAAAAAAAAAAD4ATCsuo149PpOcvsl6s8/TlLqNXdN5f6HN431e3q46V4hG/wAX/wB1C6HXTklZ58lvOnrxY/t29qGnGEVmy99I5I627CZqpWuTMS3po5slyMnJky1MDaaOc6ZnKeDGeq91GU9bsYmyxDTU1Tm1NQieqc+pq45Mbaipaur7nDqak9TUWnppynJ0ku49bVlKSjFNyeEke/4R4Uujh87WSfUSX32L0RulO6S94xx+U+F+ER6RLW16lrtfhD/vPO+OFfw5rfeP7o+kZ838c/8As5r/AHj+6PXERHD5+S02iZl7PQP/AJnpP/cRrrfTkw8Pz0Wi1/kRrrtuOexROjyw6iXy9N28cIiEqd2TrVOClqLy3eQPy/431N3XSS4bdfY+N1Xbfoj6b4s6n53iuo32dJex8xqYTXcx7u88OWeZEvguSrJHJtzS0PgdIgqOjTe7S2P1s6tKSUVH2OPSxF+pvpy836GJdKy6YNXzy6Pb8Ek/lSis1I8CUq45R7ngquLknls5X4einL3oxcZblijv6fWTST5ObRSnBMqWm9N7kcHph6OvoR6zpJ6Mnica+z9T5ZR1PCuvj1OnBpWoa0PSX+jPoul6qnUiev6PS6mMppJucakvUtZ14LV93seF+IaXUaUZwkqkrPWWruR+f+H6+r4dqpO5aN5feP3R9j0nULW04yhNNP0ExpifLbqOh0upi1qwU16M8DqvCdDR1G108XH0o+ohbM9bQU7tF2Uv2y+L6noemr+V0+1pfmcE+ihLnQil3dH2HUdCrzEwXh+lVuCv7E29X1q64eT4N0i0JT1FGlwj02pS3PjDbb7I0+WoVBKrI6mLzGC8rw37HSvny8GW3mXFP5fn16Shpqobu/q39zzfDdCOrq6nWzflk6g6zS5f/j1Ozrpy6rUh0WhW2SubXZe/6nX03RU/lV5I8r0XodXB0+H6MlH52p9erLe/t2X5Hc7TW3N80RGUlL6VRd47oMJa2alqGGsmz80MIiMrxLDHt2yVNpBBSn7Ivare7H9wUadvKJa3qnb/ALBVQl9S4ordLFJtP1M8OL82EVDMbT/MIqStJX+Q4p0mpWl3JUlvfLdBotKTg/L6IC091tYV/mNOcXmtlc+gqq4oS1HGCqvsBW1Ryk5Z7B8zzOUE3Lhoq3tuOX7kablcpNAlrOU5JbeO5TzptJZoxjrScG1aXZvuXpqfLQGqilFexCd/UqSePUTkmkniTF51dLCYFRjBzcu8cfgW9qXsCdu0r7GctNynFZSj2XcgeZxdql2ovT0ko2pN/chbeK7mqdO+PYBOoLH4kxcVJSjy+xbqWcX6g3CUXVOS5KI1UlppRWb/ACGoqlS+7JlS3SUXaK80Y01lrAQ2kne22DVZapLL9Abk4JrD7jTVNPN4Cpeo1eOBOcqurXoi1UsVhIEvLTVWwIW6UZbopVwV9Saa7Ez3b1TW30NLuKvkCNNuL2y5ot4WX9xamElfewTTlt3crkATTlh20NvzO/wYbXadL/uE1UU2u/Yge/y32ZMYqKqLaSfcIuEnh2P5SVVa9UUL+ltpNrjI455eROCi0+IoS879NvoENOrWbTJmlLCtZVluSuuBNyUmvVADkrjWBN5V5TFbTSSt9xSltkkstv8AIG1uKi00rZM5OTxafsXmTVBVqkwHmOmqSuh7vVX3JuSSjVqiYyTTT9QHpwit9LN2vYNOXzI7nDa06oJS2ZXAKV2nh82Bdcpr3BJQi3dkSnSpu74Gow2u3nh0B7AAB0cwMQwAaECYDAAAYAAAMQwAAAAAAAYCGADoQ7KFwOxAAwBAAAAAAAAAAAAMBNj7BRYmPAmB8h8QNx8X1V6qLX5Iy6HXlHUSs9D4o6ZrW0eqisOOyT9+V/f8jxdCVaiyeLL+p9HDO6Q+m0dWzpU8HldPq0kzt09TcuTMS1MOiUzCc3QTnSOec2+BtnQ1JWc2tqOjVts59ZWjMrEMZa1LPJx6nUOUtsctuklyzLr5a2nFuEHJ+hz+AfEvT+GdZKPinh8ozb8mvF7tq+3+mTVKd0tamf0xuX1vhHhD6aup6mKes/pj/k/7z1SdDqtDrNCOv02rHV05q1KLtF9j2xERGofOvNpt9yT5z43/APZ3X+6/c+iZ898a/wDs31F+37lc7fpl6nhmOg0P+Bfsb6/0GHhn/q/Q/wCBfsdGt9AVzaabk89jk8U6j5HSSnfmjFuKf25OzTa3UfPfFHUSnoTem0oyfyY+/wDmf9iNVjcvzPxXUvq9TUebznveTxdR22z0vEZPUbnuw5vajzJcmYdbcM5cENUXJhJJI25svYlqil9QpfUwKhKsdjo0Y9/Q544jZ1dOrjZJbpymc/NwfS+CwcOn0/dJ/ufMf1UfZ+G6W3Qgq4ikccnDvi/U9fpc9jvWjGcaaOHpcOj1NFYPNL1Q4NXppQlcRR1pRwz05ado59TpoyzVDbcS4tTTjqNasElqLldmd/h+q9J+VVDvD0+xxy0ZReOA09WejO+O5radsS+t6fVjOCknZ0ra1k+e6bxOC5dPud0fEINYkTbP0pdupFW8I5dZRUWzLU6+P+Yzcp669Id2yxG2bV7Y3KdOHmerJ1HscXX9WtHTlsy5XFJ9zum4aOlKTquDznpS19Zy5S80l6e39z0RGnjmdztj0Wg9LTpZ1tR7pN8/ieroaUdPTpJ+7fcw0NPY3JfVLl/2OpTltTSs0xMmkm925/YVuflcqojU1HFWlfqkawdwT5CCNSSt3TqzS3dWRtW3yqhxT75xyA5Ve3KG15KXcja4NvdjsU9XbFd2AT25tcBu3RW1r8AWkpy3S5+4qmtbDW1L8QgUd2snXHezdQ048P7mMJd4xa7+xpa74+wCc90lGN16jtxTVKWbQ4pLjFu2Pa1Ny7egBHVuKpVfPsWtquK5fqYxcZxbqs5VlwjWW0Be7YmlHC4KUpSjdpU8pkymqUH3BUoNfmBcorUgr7glt44M/mb8QtJd33NLcdPL3MBQk1Kt12xvUuaUVxywaXy4yWG+1E7G3uis9wHGfzNVxjL6eS56UnptRl5uzZO1QblGtxUJuUPMqaAUYakFGLW5d23kqKjKEttxbYRcm7pr7iypbYoCn5JJU22qCTSlfdBquWGlbj2GsZa5Aa+lN1ki250+ORqpTTvjsKLanK+7wwGr3NVfsU+ORRTi3i5Xz6hN7I3e5+hAKNpyX4gpJNX+ZW6Ki0mKouOOUwHW54ZM9NRTaVvsVtVqm+Qm5NVBqyiVu2pd6BSVU1yPdJUqtvkSg9zd3buiBJRUN0cNhUqfmbbyhv24sTUWrliig3q9kou3wS046flT/A03qcMVh8kTTdJet2ECe6m1xgp6e+alueMUG5JquGJ4i36vBBUopK64J00pZazeLJ09T5mIvh5LeI1H17hWbThVu7ZUI5w6foyqUldXQOMt7cWgh08IWHK8NMpeuSNlQ8ir0TCr2qmlyjPfa9OxcG3jl9yHFKOFb9CibbksJ5r7FLbGV1nuNNKrVSfCCVN4f/EEeyAIDo5gYhgAAADXAAuAABiGAAAwAAAAAAABiGAAAFACHhiAaAOELkBgAAAB3BgAAJhR2BAADQmAAc/W9LHrelnoTxuWH6Psz4zV0J9Pry05xanB00fdnl+MeGfxen87SX86C4/zL0+5yyU7o27YsnbOpeJ0+phHdp6lLDPJ05OEqZ2aepfc8XD3Q7NTUbiRlijJNFJq6ATiTKFmyoUio4tXQUllWeL4v4bHU0JNRuUPNE+jkkc2vpqSaaNR4nbVLTW0Wh8J0XXdZ4b1Dl0nUT0nf9Lw/uuGfffDnxTDxZrpeqUdPq6w1iOp9vR+x8D1Wls6txXbC/B1/YzjKejrKUJOMou4tOmj6Otxt+k6n07F1NNxGp+X7EfPfG//ALNdR+H7o4/AfjLT1Yx6bxSWzU4jrViX39H7nX8Yyjq/DPUShJSi0mmnaeTE+H43qemy4Jmt4ep4X/6u6f8A7NfsdGv9GTDwtf8Am7p/+zX7G2vmFBwcmpNw0pOKucsR+/Y+V+MdRaWj0/SwuoKTf5Vf6n0uvqbNSDfF3+SPiviueo3LVlXmnsS9qJLdeXxHicm5RiuEsHmydYPW8bjHT1IQVXstnjvkkQ3ZLzLIajwl6hebYp5pmmExVNsjl2aNVH7hBKslE9jt6VOWnj1o45cnf0sG+n8vLyjNuG6csun6eWv1i012dv8AA+36GFaaPn+k6SOjqrVbbk+T6XonFwTTs4ZdvdGC+L9ca27NFVOz09DKRwaUe52aDqjzS3DsSwRKN9i4StFNWZVx6mkqZyasM2enqado5tXSLseZOHcycpp4lJfiduppnLqqlg3EszOnPPqNWE1JTlcXayfReG+I6XXaDla31UoXwz5jURjpOenqucJSi08NOmdaTp58kdz7LU0/ntVdReF2v1FPqOk8O6Xd1GrDSjy3J8nz8PF+vjpuEdbn+pxTaPB8T6Dr+rm9afVvXfpPFfbsdO6Ex4otOrS+z6Hxro/E9WUemcvLeWqs7vm7ZKEU2+bR8F4VKfh+yS5Ttn2XQdTo9VFamnPzPlehuY09XV9FbDEWrHiXddtNXXowclBc7V3EpKV4ugbTk27oj52jjq7n/VT9i40rUWRvTnWUkFTXYIqpPUtW/USXMNzbTu12GtS4uVNFR2JY5AFdqX6JiUoOTcsChu3579irW5xaw+AK05Jx8uPQcJebLREI1FrbSvsC04btyTiwNbp1HK9CpOqtqvUzmmsp0/ZFra1tbzzwBUoQXbNdhpVh012BNWpWuBxalddyIW1xWXbXBoluy+6IjFcSdtdy3NRptX9gE9KoqT5SpExUpvLopztYv/QqLWym1ZQ26ainlZ+4O7cli1wFZ8uXQLKlnt+RBO3zLcl68hqNRW/svQqFbXF05JEzkkklHvQFKanJNNpI1Uo7sNGbXlVxX4dhQceYpNga4km/Uhyje23gpxTiu23JMoy2bVT92UKUozTfNPAlN7XJ4rkdJNW6foOTbtVf9whv6E036kySc1nKWBW3qbbapcFySclYUVm8X3CLdPFNscXGfDusClL+Yo54sA3fLk0022XGl5r5IjLzytO0KnGNPNkFzi5q7qiI7lLPDL/prsSm9+FSKB7k6hxXcj5a1Lcpbl6F7m1S57gr44RDRTT04OOnFZ7MI+XTW55Q2nLl/iKMU+G8YyVA7UvRvgbdqnFsT8rbcsL9BxbUFO7RFJKMFxTZUsQ5qyZPevq/FFU5ragJknGkmJOVquzyG5Rkk8if1Sj65QRak3KpKl29xdlluxafmW6ldZK22s9naCipJ+X0Gt22mslRqUXT4Yb1mKWUUQpXBOKtlRhh26cuScqTW3CLk28r9SI9UAA6uYGIYAAAA0AkCAYxAAwAAGAAAAAAAxDAAACgAAALAAAfYS5GgABMYgprgQWAB3AAAAAAAQxAeH4z4XmXV6K99SK/c8nTbTo+yeT5vxfpdLoeo05Qkox1m9sPRrlI8+WnvD1Yckz9ss4SZqpJHLCd9zaMrPM9LdSG3gx3UVvKKZlqLBpZj1M1DQnJ9kwsRudPh+uafXzpev7sx1I/Q33iv9A15OXVy9Rt7lBLlRf7n1K8Q/d0rqkQynCopotdb1OnoPQhrS+VLnTbuL/AqSvTaOZxwWY2xkw1v+qNvo/C/jbqukUNLqtKOtpLGMSSPov/ACu8J19NVrzg32lBn5xKNZBPt3MzWHy83pHTZZ3Ea/Z+kT8Q6LqtFy0Op09RqsXn8j5L4kctSXTacYuW2cnL8G6/uePpzkny013TNn1mvFZm372SaPHPoMR5rfw+Z8Xk59XqSqrweZ/VXJ9jquPUr+dpQn/xROaXh/Qtvd0sV/wtk7Hnyeh5f5bQ+Vly0JvC9j3+p8G6fUTei3CXbNo8fX6DqdFtS0216rJNafN6j0/Pg/VG4+Yc0pbmCdOjbQ6DqOol5dNper4PQ0fBamnqT3LukGMXRZ8vmtfDy1GU5JRTbfoe50XSS0NKL1MSfY6dHptHQa2wiq70bSp0/cTD7vS+lRinvvO5EVR3dJqSXki/Msx9/Y5YqzWNp2nTRm0bfdnDXJXVoer03ikFUdaLj7nq6GtpaqT05pnzU1vj82PP9aXZ+v4kxlKDuLafqjjbDFuHhv6Vjv5xzqX2ullGlep8n0/i3V6DVTUl6SPR0viS8aui17xZxnDeHzsvpnUU4jf7PaeTLUjizjh450s19VP0Zr/HaOoqUjHbMcvBfHev6o0jUiqODq1tPSbjNNpo8zrHcqLHLjMbcElbEtP9yp6ulDDlb9FkmWtt0VNR+qTpM6xWZdqdFnycVaw0sX2ObquojXy9P8WZ6mvq6mHKo+iM9p3pi1O5fZ6T0rsmL5f9kK48HVoak4SThJxfsYqFmsMOuDvp9mcUTHl6Wl1vUOUf5kvvZ36HW6yVN7l7nk6So7dJ0WKxLz36XFaNTWHqw61NZ08+zNV1cNtNSs8+LNI5NfSq8F/S+mn+V2/xWm8U6+w49RpprLq+/Y4xj6NXKfSennjf+70U9Oct0ZJ16MpfejzOHZtp9TKK2z80TnbDMcPDm9HmI3jnbttXUXloSTlGmTpuOpTg2kuxplztNUuV6nDWnxL0tS3baNSlrdqW5NYqjSSe1OP1e/cUtqlXdjzt8ufZhgKpNTd2lwuClODlSJhpuDd4rssjaioubXHNAab4JuEXwiIypJz4vj0KhFJ+VLzd2E9OMou1+QRTlJN7OPUmW6St/U+DSNKnB2qyZvfHVcs1VKgNty2x7PgXzFtw7SdESUpQTsiWnJw2YinjAGmm4qUudz7tcGkYuPGUS9FyjFOTwhvTcYyalXoBUlKSSus8ExilSi2qbBOSSdXfIoOSuc2krwQaZcWl9S9RJaksOX4g47vpmk+fwDKV221/4oAkspthpxSbnbzjnASvZBtZ7onet/y9Nc5ddijRyShfJFbtO23G3my1ak16IflrzICIxUV5fq/ctJtpVVhccOOO+BpqUbVp+oE6kGkqeQleI3nkJedp5wJTU7UY1Xd9yC2t2bqg05b019VYJdwVtWVBNQwlF+iAzm3H6V+XYcovDt5yE8/U6thBtvNFBLs1fqCi7ct3PYpZv0IrbNRTSbePsQNtZi6boUHFJxUhuKUnJZzmh7UpKVcoqBYbT4Y4SSbXaxN3KmvyZOnF1ud96RFKWnm6ttlqFNevr6Db3dqaFuglTlTeShOSWF9Q03KDlfC4CNSTk1XoDknHGGQEMx2vvljpKd+oK00+LwJy8ztYQFtuvYW1Sl69wd1ngbkkvL9gPVAQzq5AAABgAAA6EMAAAAYAAAMQAMAAAGIAGAgAYCCwGAAUOwEAUAAAAAAAAAAAAAAhiAD43/aXGS8F6XXhJxnp9Sqku3ll/ofZHzH+0DS+Z8MTf+TVhJfqv7h6+i/+xSJ+XyHg3j2p1umoKcf4nTXm05ut/ume1oeI68nKOp0koSSuPmtS/E/Nr1Om1462lJwnF2mj7PwbxtdZopTajqx+pHkvGvZ9PP0s0mZjh63/ACp1Tkv+Y6kY7knuWWvY9NStWcenrKS5NVqYOUzEvLFZh0/MSPM8W6munlBP6sG+pqtI8br9RzklfctY8u2Gu8lf3eHJ/wDOdR+7KtSnFLFIyj5tWV+rZcMzbfY+nD91EeFxdpmHdo0i6Zm+WbNDtkzayadhGZZmo235kVW6JrpRwm1i6/MjY4ajj6MkNxHnTBqsejNFHeuC9XSqX3Vm+jpbYbmWI8sxXTk1OknGO9J0YJXh5Pc04+Wmef1XSvR120vLLJJr8OdqRtxvQXpQnoyjmm17Ho6OitSLTWBfLl086krX7muwnFV50Ywk+c+5UtKlg9J9N0/UK0tsjm1uknpe69UZmswz9PXhhBYLoNO1aaNNiawSK7daR4KGo9OVpWmqkn3RWpp7alF3CWYv/wAdyNtcqjfQrOlqP+XP/wDpfqjM1nlJ3E90MQNdXptXRltlG/RrhmWVyXTpFomNgWY/S2vswsZNExFuWmn13VaK8uq2vdWRPWnqu9TUb9hUmLaidkfDjXp8dbd0VgJLsb9R5ZR0lxpxp/flh00I/OUpq4QW+X4GduTcnzJ2/uWI8t63fXwmgopJt0lZrDQ7zdeyNunhjGLbpK2bw0qavL/Y6IaSqkqRtDQVlhibM9HT2+526cMChpJdjaMaNxDjaVIuJKiWjblJjEhlZFi7Cl9Ik7BppCctOW6LO/S1lqQ3LHqebZWhrqGpl4eGcclNxt8/rujjPTcfqh6U6eG7KqtOk3depjJJ5jlenqbRkttPDPI/HzExOpVBuUfK7oai20rbT5TFFqGb4KclTknd8BD219X0+o42/K/waFF52N3jhjlWzytpJ8IBrCpyvvdF7nPSb49DONSdcOPHuapYysBEpRl3aa49wpJxko7l2rsJJxio2rb/ACNIQqVLCIKWZbZX6ozlvvnF1+ApycdRrPsWpSWm3Nq2sFFRvbKs+hnJ1KKk6Y4ScUm0s8mj+ykmBWK4WFyLE4tKrQS80VtlQTwvL+NEETT2JqX4FaKe5+WvVk7ZRkvQIy1HOSwknaKLnb3UsvjIr81NVjLNFJYTWeWEkpP79iBR04LzR9Bten6BFKK780K6k/RPgAhFqT54IcK1XL8i22vNVk5m7ce4A3ba/NjjOTbVK0ONSi16PuTVt4tdigdX7pCjGW6MlTT59i+E0/tYPTjx6LgBYjmrXsS6w1mmNykquo4yKepHNJ/eiCXqWmqePQenexpy+zL2pQtRy1TYRjcElhlQorbFvmVcj00nK8+UnMZtXz2G5OKjFLLwRQ4Sna3uP2IcIqUXKP0rBo351G8UY6znGaXFZurCS0T3pP0CTynJZ/Yem5ZjJL2fqJx3u26p9gom2nGn34RUU9zi/uTGGXNrLdhpyvzzW3tTKitS3Hn8gTcVQSbWooxjjm7FtTm8vKr2Ir2AEM6uQAAAYCGADQgAYBYAMAAAAAAYgABgIYAAAFAAAQDEMqgAAAAAAAAAAAAAABAMQAAjw/jPS+b8L9X6x2SX/wBy/se4ed8QQ+Z8P9dH/wCBJ/krD0dLbtz0n8w/E9SO5sy0dbU6ea1NOW2ceDecWpP7nNqqmzjeH7PNX5fWeE+NR6rSSb2zX1RZ7Wn1Nrk/O+l1J6ct0HUkfQdD4t8yozdTR57V93ycvTTWO6OH0Wrr2eZ1E7n65G+pUlyc857pr3YpzDngr/Fr+7zoP6m/Q10l5HZh6r3N9N1Gj6L9pVEieWy5ELk1tZHYXcrsKKuSQll0uLj0zl9mVqRvUhNf1KhdRKtFRNNJb9BP/LTLHKzKeoWyEJr+lmujJakewa8d3TyS9LOfpZ7dRL1KkeXclUQnGOtopy4umVVweSOle/5ukywzPG06Wl8rU+W8rlM6dTp46sKa+xj0mouog9Ob/maTpnVFNYZtibPL1elnpu4PgzWtOHlkr+562rp3lco5dTRU1TRJh0rffLg2Q1ZOUfJL9GWtCcabVr2HqdNKGY20Tp60tN1ePQxvTp2/DofT745VGX8NXLOrS1o6iLcVJWa25zMwz04rX0vkyfnj9D/scerCcXUs12aOxxalZXUwWtpLXSysT+/r+JiY1LnE9tvxLzGtN8xcX7D+XB8av5o2loqXCM3oyj2HbDsn5P8Avx/MfyX3lH8yoQd8GkOmlOSjFW26HaTMQHprS6PzSW7WlWP8q5/WjGtNcXL7nZ1kFPqflw+jRioL79/1syXTGa1+WMc+Nz7s4SbdRSivRG+lpsvT0EjpjBI1pbWTp6dJG8YBGBokbiHGZEUWkJIpI05zJjCgKyaAACE+DPuavgxk6ZGqtDh1NbZqyXo7OtPB5vVP/nOov9wzLpjjdtPc6LqvL8pu7WDtS3U198M8DpdR/J05p5R7mnL5mktTSStnmyV1O35T1jpfp5PqVjxLbzRmm0qfoRLUcXtaW1uq9DSO5K5ZkuxKgmtzWXmmcnw16Vytr8GwipObj3vL9itNtoTUvm3eHwBr5KeaceR2tR7M4VkUpXf1LlD03NJ2nV0vsBpKKlW6PC7FQ27O6XrwTHc093HZi2uSUWnXuRBCcG3F06LenHUWbxwZThGELr7sqMny3hgW9JUll7eGPmG1tLsCm+G0hR8z5tLv6gEdunBLFPAW1i9t+xTcYaN1t9n2IhKOXnayi1LalFp8Y9wU1TeXVWNyTji7Q4tvMklfYgien/MWrF06yaRlfHbv6hJJ96vgG7VWvKAoa29989mU9OT3ViT4ZNKUrwtvc0j5Y02Bz1qSVT470aJKMa3c+o9i+Y5LDfAS24bXHsAlH5Tu01L15HmSaiqqWCYty447NlqO1V68gTqSV7Xn0Ftt7r83Fjmrpx7dwmnSSdU745Ax3OWpJPzbe5q1iuzJjGMbqNruxOEtScHGdw7pAWnuls7IJKUZNxfbgNTytOLWFwEPOt3agFtUn34yCcY6jg3wsMEnDKaVvgy14ak6cU03LNegGygorHMhy4S5dCy1+ANzUItK2uV6gO4wSUnTB94r7iUfmaqk8Jcp+o/NGTtYrkAlKl6P0Fy02n/oTic7u6NHJLF0wHJpbbXLqyb2z23X3KbjdXwZOM3N7qlWY+xUeyMQzo5gAAAAAAYCGAWMQwAYgAYAAAAAFAxDQAIYgGAAAAAAMBAUMAAAABAMBAAAAAAAIAObxHS+f4Z1WisfM0Zx/OLOkEk3T4DVJ7bRL8K1klqSXuzj144s7+sh8vrNaD/pk1+pz68LizFo2/oF4767cujyaybStOmu5lpYkbS+k5ezhSN0036PxZ7vl6zp9n6npQ11KUXfc+YarVOvR156TSu4+jMRHl8+uL7+6PaXr60dutJe5UeA6nOq5Lh0xR4Pd7v1VDkQvqLZC+srVjeEPS+pCkPT5NJ7r6iWPsjr6Bb9Be8Tg129rO/wt/8AN4fYz/MxefOmmPlO+ao8+LcWn6HoyxqSh7nDKNN/c6TDVHo6Gpv0r5wY9O9vXyXZkdJOrixak1DrFIQTGtstfUfR+LSnF+SdNo9nT1IasVJO0eR1MFr6qv8AqVJ+4uj6iWi9r/p5XsWPDyUmLVmYe21ZjqQ2u0sF6WrGcU07TLkk0a2sTqXK4ow1uljJWsM63GnXYmjMw7RaY4eaoz0pcHXo6lqmitTSjNZRjslB4I6TMWh0SimGk1pz8yuEsSXqidOTayaONok+XG0eNMtbQ+VqOPK5T9UKMLeUd2hD+J0noP8AxIq9P39YnNsaZIZpff2zzDL5GbR0dLFaK1Ndxv5ccL1k8L/x7BHJ060Yx6bS0kvN9cvx4/T9yz8M5J3qvy8+Omks892WoGu32Go+prTe0qCKjEpRKSyXSTISSKSGkOiucyKKQUJvzJFRQUABkAAAJ8Mw1Pos3liJjOpQZJbryWnLcsHB12OoeOYHT02pzF8o5/ElUoyXdNGXekavo+hk307Xoz1/C9ZZ0390eJ0DvS1PZnd02o9OcZ+jOdo7o08nX4IzUtT5fQxtu26T4FOct65f2JVy2uLw1+hqqSz+VnlfgbRMTqSXkXd+g22oJsNNuU3a44LlTl2SQZNxe2M/6u6BKbb82PbsT5pSacvfA9NvlN1J8UBe5PT2zdJ8XyN/zFtuorghLTlquTzSqitNKUm4pxfoyIpW8Spx9UNKMaSx7Gbm1rODeZK1guE03sp2u5Rcbem3STz3Gm/LtSruRiKmmuEw029sdqS70iDV5Tuqa4M90dqXrxRTdz27eVgl6UVCW1JXyA1rJShGsy9C5rj9SILEJRiv9C35mstKyhxTzSwuCJNaac13KlNWkrf2JX8y3tcWn+ZBSXmdO77FearaV3gIO3dUROTeoo5VO7AqduSa9OByac1Fq7XJEVNTbcrj6eho1H6v2AzduTUXVOqKVRyssmeFup2nlBa2OfMShScY2pSSb9DSKUIxtt33ZLW/CST9Sm7VXhYAz/wk2m2m+A026xB/Yv5dSv04HBqqpr7kGajK/NSS7FpKKe1kzWeG2/QEqg7fIEpzcnuiscMrzNpyargzjatxk2+6HJOTinld2A5uMaTynjBaaeF2XAJw/pq2uSXcn7tZAJ6lLdHN9kUrUHebZKcVSisFq9vr6ICfNb20/Wystq2uAp9k85Et6aVLLy2ASxLalzmxxgo2ld+7G2o0q4Jc61Ekue4HrAAHVyMAAKAAAgQxDAAAAGAWADAACgAAAAAAYCAB2AgAYCABgAFAMQAAAAAAAAAAAAhiABPgYAfjXxFovQ+IOtg/+unX5nnumj6j/aD0a6fxv+Iisa8FJ/fj+36ny0XYf0DpckZMVbfMQ4pR2arNHmI+pjUlJEp3E88xqWNdszDlkq1TVGeov5hqlgkPNSPMvb1ZbtLRl6wX7Cg8Bpefw7Rk80q/Vigz1/Evv4p3ESt8Ex/xY2X2M+NWH3NOt16mGKPA9XkS4KzHLPW+k9Lwr/oyT7NnnT8zo9Hw3ClH8TNfNmLR5mWutUepd90c8oWp+qZ0dY3HWg/VEaKvVnebO6UnTkTcZWhdXNxS1PSjbU09mpl4Zzdd/gTXojLpln7Jn8OpL5uin3WSdWHzdKPUQVSWJpdmc3h/WxnDZLEo/qb9P1EYdZKMv8PVxJenuSJ2+B03WUrePPiWvR9S9OXy5fS3j2Z6sNRSR5Ov0qg3t4Ojo9ZtbZcrv6m+H17Vj2d7Smn7GbRGlrfzGu1m8latFc62Y1ghxs2qyWiTDrEsUq5ZpEHFAjDUyuDlCSlFuMk7TR1aui+qg+q04U7rUil3pu/thnKmer4FOX8b8ubnPSUXqPRhFOWpKKbSjfDeV9mWXj6m046zkrzH9nm9PoPV14w4TeW+y7jnqPU1XJ93+R990uh4EvDHqdJpaCnrx2zTm5Tha8yzmNK7+x+fT27m45V4JE7nby9H1sdXe2o1pe2x7SYyotOzpD6E7FBQ6HRWdihoBhBwjFT/AJyj3eTTUdQbfBzdNLfrOb78Bzm2piHW3QJ3ky1Z7tSOjHmWX7I1QaidmAWAEan0mUpbY2V1EtsPxOXqNbZop+rMzPlusblGnKupmvexeJNfLhnuQ3XVr0Zj4jNvXjDso2Z3p6tfdEq8O+nUO2Hf7nF4b9Oo/Y7Ickhzyfqex0GtKcFHd9GKOqe1vLqT4PJ6TU+Xrq+JYZ670oylCVcHnyRqX4n1Tp/pZ5mOJ8motxTTp96LcLiqldv1KT2rbXbBO9RlbvHODm+Wca023lyoqMre6aqVULT4bePR2Es/1O0uywBpCKeZVV4KtSlcZNKjOU9kUkucMI7ncXFReaoI0yprdXFA045j2XAJtJOeZLI1JuUXhp9yCk4y8zeOGOclFJLFuiVSdOK9R6kX5ZJJ+qArPMqfoZ6kXKUdt1LEvYHO9SspLuW23PDtPPsgBJt7Vh1+ANeZKXK7+pSdJ1kpPdjigJjBxqN3Fc3yTOclt25t0DW6Mo3ld2NPZBtqtreF3ANrU3O3fp2NHFSTT4aJW6U03JJVdC3Xui1xyAO1GUYNX2Fp7oRTm4trmhwjtSVqwcIL7lBp2ptydxk7XsCjTw79EEdVOW1xlS70ablHGLRBDjKMrbwE1FRbSy2Oct0XuWEYrUWolLa9nK9wNXJpt7fKlyJzTcXeOR/NjCNybpukTp7ZXJqqYF3Gtqw2jPduuEX9LpsqTjGXm5XBnGHy4u3bcrsC5Nry7bu8maq7Wo6q3F+htJJYi6bJe2MarDwBO2OxSpK12Kz3WQ/pS7L1K003nt2QAopKvxJgpObx5a49yWqltbdt2Wm96XCrLAvdS2+xEZNtuV4KaTk49qy/QUY1SUm7oCZ8pubiks+5acdidJk6uydRmrV/qNxjGKX5AeqAAdHMDEBQwAAAAAAGIYBWRisaCBACABi7gAUwEhgAAAAAAAAAAMBDAAAXcoYAAB3AAAAAAAQAACGID5n458L/AI7wb+IjG9Tpnbf+4+f7P8z8wpxw+UfuepCOppyhNboyTUk+6Z+S/EngsvC/E9bTjbgnuj7xfD/sH6j0Xqd1nDPMeY/Z4Wst0Gc0WdjVqmckltmzleH2MsamJZav+IjRcET+pFo5vNX9UvY6OV+GJd9zX7MUeTPw1302rGuGtv3pmh6o81h9jBP2Q17GUsTj9zRPBGp9UfuV6b8NNblfYhGmt9S+xnE0kciMbmkeh0qel1Ox94nN0sN2ur4WTreOr0peuC1jwTxpXiGFB+5joO9W/Y6PEV/zZv7HDpajg7k0qOvs89Z8NfEbhpWjwuq6pqDhKbPoesgtXpX9rPkvEVU6Odp0+Z6p1F8NImp9Pr1q3Z6elJb4ybPA0ZOMkev081OGTMS/FTkmt+6H0XSaq19P5bduPHugcXpaq9GeN0vUT6bq4NPy3TPotsdbT3RfujpE7h+z9O62Oox+eYeeuoUOopvk9fQn8yH2PmfE5S0dRSTzGR7Hg3VLX0W/zFZ8sYeo/wBRbFLulCnZK9zdqzOUPQ6PqRKXFMnb7EavUR6eUVPEZdy1qac0qmnfuZO+N62EmXFzhJT09RwnFpxlF00woawNLOpjUuzqvG/F+u6R9J1GvpuElU9SOmlqTXo2ux58XunNL+lmq4ObpXet1Cbupk1EPPWuPDMVpWI224GnkqkKsld9tE7HRlu2qzWMrLDMwdBQDfsVlj1Ta0tq/qdHLqaq0IbnxFWdfU/Qn6M8DrOqerJwj9KZm06fN67qa9PXunmeHrdFJzk9Wf1z/Reh2ni+H9S5SW55R7SaatFq79HmrlxRMBvIAHYr1uTr57NNP3PO6jVU4wivU6vFpVoqvVHnaEnPqIX2ZymfLtij3dWrjqYHP1jvq5+yX7HV1S262nPszi13fU6n/jsSZemPOnV4d9Ezr03TXqcnhvE0dUfrRYccn6nR6Hs9NrfN6aLT8ywzxzr8N1tuv8uXEuPuYyV3D43qnT/Vw7jmHpxknd5cfc0rGO/ojPZFuXl+5enN1WEux5n41Tbg8pbayEdj459UKC3yaUvpeS5RW9O8JcARDTlHUdvltv7Gijslz9kJSairWe4XbSq12ZEXF7otSVuwW1RUYtJNGcHvlKLuk/Uvaoz3c0qSAdtzUXdepUm4W5Nyj7C80oVhSLhiOeAIlD5m1wxG7aZpCmltapusEOMttcNdwWmot1J+uOxRbjuVRebL45xZEYSfMr9wamlynjDIHeL5TwwUU4+iuxJvcl2r8xyjvVLmwBbnqPjau/c0uOaeVyjGU4tuPPai0vKmrTfYA3rbmKi+ExSSjK0rbWLFLU87g1+nA4KlK5bvRANRfL+pKr9SNPe9JyzuvNlaaa3N3n3G4uSaiwFFU0nlvkPl7XS+n09BJTjFp17UXJOOnFNpyrIBOtr9jOMFiLS9y6inUpNsSjskkuHnIFOKaadKzNyUIyT8zStI0k1qQa4ZMsQ2pNgNRikpSfCsUU5SUnhPhE7G2m29voWmnK83WAHqNRVN0vci2pY4ivzKmlNUxbVtlFXHHIEN7kneZcWEdPZt3tvBenpuOmnJ7pLuXaaVfmBD1M7UqfIlKnlNN+po4JeZmctuo7a4wASnUEtu70QlcZJ7qxlFLTXMMB8uLnbVvgD1gADo5gAABgIYAAAAAAFQwQAgHYA2FhQAAEHcAYBTAQAMAAAAAABgIAGIAGAAigAAAAEMBAAAAu4xADPlfjboXqdNpdfBL+U9k/s+P1x+J9SzLqNDT6rp9Tp9aO7T1I7ZL2D0dNnnBlrkj2fjfU9Kknq6Swvqj/l/7jzNePc+m8W6DV8K8S1enlb2S8sv8y7M4NbpdHqo3FrTn+j/ANDMxt+8iYzY4tX3eA8lI6tbw3qtLzPRk4/5o5X6EafQ9VqfRoakk+6izl2y8vZaJ4ep4dprU6Cex1KLt3wS16cD6Xp5dHoTeo61Zrbtv6US36Hpift1L6uHfbG1RZOp2+6BPI55ivuSHeZ3VpqO5ExRWp9X4BCLk0ksvg37tQ7OhhUXN/1YRprqo6U/SSFo0ntj9MVX3NNZbulv0Vm4j2c5n7l9cr6N+9HmrQlOj0eq83SxS9bMNF3SOkOETqWz01/DbX2ifIeK6VTv1PsZY039j5fxmKq67nO0Pl+rRFuneLHDPQ6PUVUzz3hm/Tz2yOT8VaPD12lKNpnseB9S9RS0p/08HiaMt0KO7wvU+V18FeJcm6y9npuacXUV+JaeOaFOWMcnP8P9Q9LqXpviSPT8bVxd91R4XSN6PVQkvUs8vo9Vk+j19bQ+0i7RGrqR0422ZLWWnFN90cPiPVL5dxeTpt9/qOorhpNpc3ivVKcXFPk8/S6zV0sKVoWo3qNyfJk419jnM7fjs3W3yZfqROn0/hnV/wAV0qb+uLqR20eD4BvWvNZ2tZ+5769DpXzD9d0Ga2bp62tyTXoc3Squq6r/AIl+x10YaUUur12u6i/3Dvkjdqz+f+JbCWSngjRlenlZK6bYdZP5enDP1TSN06PP8V1lHX6fT99z/Y9CDUoJr0J7vPizRfLenxpomX9jLgjW6mHT6L1Jvjhepdu15isd08MPFtdaXSON+aeEfPK7wmzfrOon1Wp8yXPZehEdKU4Oai9q5Zzmdy/E9f1M9Vm3WPEFoar0dVS7N5PXfikdDTSu2+3oeM1jkzStvJIlOm67JgrNaPpej6mWs03mzrbweF4d1KhFQTp9/c9X58XDLSZ0ifD9V0fURmxxMz5cfir3dJN+lP8AU4OgjeqvZHT1uvcVBq9zMehVTfqsHPmX0sNom0x8OqUvm6LX9WnI8+T3dRqP3OtvZrS7KSODTd6kmZtPmHrjxaHoeG8zR1x+s5PDvqkda/xGbhxyct5fSTGTjtmsNBKWV9jn/iW/JpQepP24X4llzmu4fTdN1Hz9Jaijzh16m0E4t8UeX4NLU04Tjq7XKTtJcI9RPdGLTa9jx2jU6fhOtw/Rz2rHCnFN2kovsx0k0ru+cii7aSpKIKNpvKMvG2imq3590TUZat2qiiN9pRn9m1wVOKccct9wi045i4036DzmlhLj1FJxpKTd+xlPUn82GxWm/N7AbpppXHNF72opJXZEXayufQcVtjt9AGrtXLL5QpacIz3+nGR08JJY7lO7SpV3YGb1FutO23wXF/zG/YzjUWk8y5pGmY3tSyAajk9O4vK5J6dva3KlfNFt9nhvsRCENNypuvQDSd8xVtL05Hue5Kq9Pcd5u3lYRG7+c1VtZAWo8bnVdxwjHa1m/Sw2NqSkkkNRzaqwEnFumvZJDnLal2KSpNrv3J1LtJR+7YChOGtFSUmvb3FUd9rFeo3GMav1sx1JRWo1KLp8AbShH6rfq6FqtJKSjeQUn8uGwdqWGuO6AltwmnaUWraZdObTpOPKdkrUjKUotZQ9VuKio/gA05OklgauLptV2QlK2kmvcJRU8vlcAF7pXTwS09RuF0U1K23wl2BNJ5WXzQBvle1q6XYcVKqfoKL81qPL5CO7LUrb5Apxe2n+RlLbFJy54qzS5KrzjJhJyclKKzkDWpVhqxuVLLpsz0VJOad+45x3eX0fcD2AEM6OYAAAAAAAAABgIZQDEMABAC5AYAAAAAAAAAMBDAAAAAAAAAAAAAAGAgABoQFDEOwAkBiIExMYgPmfjTw35/RQ67Tjc9DE2v8AK/8AR/ufBNK+dv7H7Bq6UNbSnpaq3QnFxkvVM/KPE+i1PD/EdbpZ2/lzaz3XZ/lTD9X6J1HfScU8xx+zljLUg/LN/gxy1dSvPqSd+9mUpJcZZDbeW7Lt+miDlJydghAw0LyU3cfxIRSeCQsS2lz+Bv08GovU/CJjFb2lderOrdhUqSwkdoblem9sWdSju6evVHJxpnVoyvpk/Y3Dnf5GpG+nS9Dl0Mo7Gv5RxaF216M1Dj7unVtaLfoeL1+itSLvJ7TV6TR5/U6WGjNvLy9Ti+pXUvkdWG2TXoXpQcoWuUadbDZryT5Donbas5PxX0o+rOOXR0upTpnpdNjqINep40W4azT5s+h8L0Ya2nufKRap0+C9ssRXmHV4tNT0VK+aPGhS1E36npdfO9JR9G0ef2NTy31+Xuz9z1es6pLp4NelHnS1HKOXZOpNy04wfYlE2x1fVWz2gVZ0dN0j6idLjuw1Omlp6ENVryywe14Voxj06mkixHl16Lopy5uy/j3a9F0UemhhZZ1UMEdofssdK46xWvAfBzaEt3XdTH0Uf2Z00eL896HjOpKTqLlTMzOnm6vPGHsmeN/8S9leaNr3RjCW1nN4b1nzp6kJPlto6NVbZMu9umLPXLT6leHj+Lt/x7folR6Hh3U/MgovL4PO63za0m1bJ6LVlpanpZjfl+ex9TOLrbW9pl9E6pt4rufOeIdW+p6h7X/LjiP+p6HinWbOlWmuZ80ePuVEtLfrHWb/AINOPdt0+g9edX5Vyz0evcNHo46cVWKMvD1t0HJ8EQ05+IdRum/5cWIcunx/TwdtY3e7Po/Dp9TF6jVQX6nP1uh8idJUux9Knp9PpRSwksJHheKtzUpu0rpITDt1XQY8HT+P1PNhruE7V2dS8VjFJW2/Q8ycqZzyyzG3xcPU5MU/bL6DUmtacNrTaVteh0dNGpJ/5keT4XOtV7pZaPcht+XCSxyWr9X6X1E5Z7p5ktdRjGU2spHl6XJ6HXan8hr1ODR7szbmH6GvmYd/h31SOpyrVOfw9cs21Xsdt+yN+znlElPqZbdNuOksOa5l9jq0tKOlBQhHakEElpxisY7FcFc97dHT6vytWM/R5PZl5knCm/ueDF5PU6GbnpUvqjj8Dlljxt+f9Y6furGWPZ1LcpU+RrUdt7binXuTJ8u6b5aHp+WKj3OD8wptvyxy2sexTi+M5VWNKLVJvHclxl8yMlJbae5EDcG2pXVZddxqS3K4pWVuUFt47iabSbgvZoC0925XS9fQrFqPLauzPT9Lt9xw3uK8u3HqEXCajpq5d6sNzg6UG16mOrLyqTdbbv0LjJy01V8rL7ga9lLC9SNV74pJtJ5sGkrTjh8jlGV06cGsKsoBtJwzK0xVsjFLN+vYIxUYqKxGqSYOWlGOKaTz7AVzOO59mq9SlGKbvliioykpyzWV7DjFubluTXZAD1o29OnvqydSMko7XltWGpB5bklaHik92V6gU5bHl49Ac01azaozelOWrv5j6Ao8xq4pZApLdKm7RHki3HUTw6XuaZpLhJ4Y2lutpN92Ao7IVFYXYUtihVtrm0Dh8ydWqTBwzuj+PoAlslOM0sPuE4qd1G3w7Yk/OlFXFvL9ynCEdRtZa7FCUIrbaSrCplprZjhdyZN709qcV+jIgrdRbx2ZBez5kVlq3eRJbvqjV9wc80rvsVubWVTr15AU4OMGoN7p4T9BxbhUYq8ZZNzlFO0vVIuMqcuXwAS3Nenr7kyV1FtK+SpTqSj3eSLubd1j8wHp1B1+eSlck0+eRQhFS3Z9MkzbjFv3A9YYhnRzAAAAAAAAAAMAAAGAFADwwQNAMAXAAAAAAAAADEMAAAAAAAAAAAAAAAAAAAAAAAAQPgBWAgAAEeD8SfDWn41p/N0ZrS6uKpSf0zXo/wDU94A7Yc18F4vSdS/HOs6HqPD+ol0/VaMtPUjyn3916owP13xTwno/F+mej1WnbX0TX1Rfsfm3jfgHVeC9Rt1Fv0Zf4eqlh/6Mr9r6f6rj6mO23i39/wBnliAGH2CKskOxlNuvQaeH3Og5NB4N7dYO8OseYaydwfc36d3oRRzSd6Zv0j/lpGmb8OlLytdji0MyZ2zxpy+xw6Udmo0ng1V555dsVcKObqYNJs6oYQtSNxYldbfJ+KaCk1Jcnm9PL5erbPZ8UjsTvszx682DlPL8d6jTs6mZht1EUtbcv6sns+FarWla9DxdRvak+x6vhL8tEhegtEdV+6uq6huVe5gpN8dx+IR2auMGfTpzjfoxt4eqxf6i1XRPOnxlBoQ+ZqRjXcUtbfNxZ3eGacbcpVyUwdPGbPFIepqdMtTw6WjWatfc5/CNf+W9J4cXR3Rl2s5V0qh1b1YOlLlG36zJ0sxmpkx+3if2ekmhp2jnU2ilqWb293a2Z4vjHTqOqtWK+rn7nrb8HneM6ij0cb5c0S0+HzvUsUX6W2/by83ptR6PURlF9z6LXju0m1ylZ8z08d+vpw7ykj6ic4x05SeIpO/sSr5no3dOG8Tw8Scf4jqHGNOuTjalpza7pnZ4W1qdbL0aZh19Q6udUZfMz07sP1/ynWnPXe98JGGy5UlbOjcloLsbdBopTWpNfZEcsfT2z5Yj5bNfK6Rad06yw6ZThG4Kor9TV9NLUmt+Irsa67WnpKKVKyv1NOkmLd8+IiPBb3dye6R5niuslpbV3Z1z1NsG/Y8bxGbcExMvB6ln1j7IcMmZ3kHK0Sc35dtpastPUUl2PZ6XqnqdJLP0O/7Hg3g16Tq5QfyqxLA3p9X0zqIw5omeHs6+spaaV5I0lUTFW4Js2TqIn9T97jnfl3dJqLRi3LKfCXLZsoampNamph9o+hPSaO2C1JrzPheh1LJ0ZyTHs1j9KHdEx4LorlATydnRauzWSulLDOOKNIYyuxJjcacs+OMlJrPu9u3C1JWmDk91X9vYnSa1tGM7bclTSNNLTkoVdejPI/BZKTS01n2JrUUotK435jSUI7XUkleEH9NrLTGo7puMli+SOYTUqjVW8l0otpPLzkhxvUtRarv6jqclJTbXpQFxirjJNpJZQpP+ZGMZNrkcPR/YNklPdaarARcYRirpebn3LaSi3wqIt7faxSttVKkpW/sAb80oNY5Yoy1G48X3o1TTzyRag3KqT9Ch1cl7ck/zNzSSX34oe5Qynfq32Q9ObnlugF8xSuLVLg0SpJLsifKpU1dmk5qEW74wQRtlfmp5whTSaclG5cJeg5OpKay2u7Kg428ZAdPZ71whRX9L9BSklJJSvNA5cqLyiiNrjqVuTVWkxwvftcrfOA1JNSVQck8X6FR22mqTayyBtNxko4k+4lJ7drz6NdxfM/mSUVVY3PuKKSktqaS9ewGkvJC4pXyRCSlcWqbHOVSSbx+4SS3brpxXIBB7PLLPo2DbnC1+hWZ5wk+/qTCabqKqnkBqKaTjlhqRbdJVjkdP6uK4ruK859MgZ6Sm5bZRa9TWMKVJq+1ijJ3KTTVLFkPUU44aXowNJ5UrXBEXHakvTuTqakruLtVbVcj0lKb3tU64A02pJURJ738uaTTG1K1Sd9/cKe5z/q4+wHqAAHRzMAAAAAAAAAGAAAwoAvBQD7gAAAAAAAAAAAAMAAAAAAAAAAAAAAAAAAAAAAAAAEyWUyWAAAAIAABGXU9No9VoS0dfTjqacuYyWDUGGomYncPz74g+DtToVLqug3augsyhzKH+qPlXadNUz9pPlviX4U0us05dX0Gio9Qsy04YU/t7h+m9P9ZmNY8/+/8A5fn/ANxXgqejq6cmtTTlCnT3ImqRNP00WiY3Dp0fLCL9UbQbbMYKtOP2NdN4z6nevD0U/S1bdU2dPTYicssJe506D/c0zd0SyqOLjXf3O5cHBLHUGqvPPLth9I3hE6bwZ9RqpJpCVm0VjcvE8TdxmeGlUl9z2Ove9tHlqClrJe5ynl+P63J9XNtt1cEtOL9Sul6p6TRn1c/LGHoZLhEeHNknHl3V2dX1HzpWbeH1Jtex5y92d/hrUdTLBgyzk6iLX9y1vJ1D7ZO3R6haehS5Rydc1899zKMnVXgJOacGa3a+l6Hq11OjfeOGdfKPnPDeq/h+oUZPyTw/Y+hUqwbh+u9M6v8AxOCJmfujlQklYtw7RX01Rs8rx3UpaWn62z04vJ4njM2+tUOdsUiS+R6xfs6W351BeEactXrd7+nTV/6HoeMdS4dMtKL80+fsT4NBLopSrMpZODxfUcutaX9KSJ7Pmeel9M3HNv8An/8Ajq8D0mnPVb9ji8Qd9XOj0vCHt6Nvuzxer1H/ABE285Hs8/V17PT8Vfny0jK1G8+x6HSyrW3Skmzx/mOlg0fVTi048om3k6XqYw2i0+z6KfURUkkZdbqKMI0eNp9fP5lyNeo6x6i2ou327erUvitrxK56zay+Th8QTejfoVubfIupTloPvgy+FfJOXe3DpwUl5nSrll7dKEJU3JtGLnwkxbmkzLzxNYjWhhmek9utF+jLXBGnFy1fxCYInvjT3dSlFJeptoafzdWMe3L+xjqpJpe529NWlob5fVP9ixG7P6VX4d6Za4MdKW5JmyOks3aQLbozTKqwwafcpOmQsYHEpMPV8O1LT0rrujvu3jt3PD6fVelqRkuzPYjclGmmnnJ58ldTt+S9WwdmXvjiVSqFRjzJ/kaUlLcpteqIUts6k90kq4C0pptYf6HN8VrGN1Jdn3CTaamnavKE7hFtJyT7A5JtJKrILu72v8UJzlvSTTsiGoo6km7qK4NqUoKUVtbyERPUUXd0itJxcN/PuzP5au5U0uPU0hFwTUfyYFeV1tltrOAi97tcExirVxy1TfqPPzGm0m/poByi9rvKrI0oycafA5KTk/NhrgUabT/p7AU9O9uWmndsiUpzf0YXqW2lJu+eEKPlzbd3yUPTe6C3K2Kc3CMpbMkqMlPytr2Ljnyykm6yQSoXW559hQhtnJyWW7srzRndWrx7DcpPcmsXgCNRakm1B0krHtU4xTd49SoRai1KV/cqNRclGPHqAKMdsYvHsHMtri6fcflk3byuwofTbb9kwI1NOKpvNULfFK2svsVufE2nnFIqTjt3NfoAVJpRTp0CTi20s+qJjHVvzNJe3oW/LlJv2QDjGSTcrff7EKLnKtjivVFLUVpp5Yp62yccWpYsAkllJ57hCKTflVUNw5p5byZ6kVp5jboAdNUl7MvyxxdWJLdHdJJMnW015PLff8QKW+EpU7z3YSlJQbq/t3M020tuG3mzROUU1WbA9QAA6OZgAAAAAAC5H2EgGMQAMADsAD9xDXBQAAAAAMBAAwAAAAAAAAAAAAAA7gHcAAAAAAAAAAAJYhsQAAAAgAAoEwEwAQAB8n8WfDj6qEuu6ON6nOrpr+r3Xv8AufAytNp9j9oZ8V8W/DK8/iXQwS762mv/AO5F2/Selepdv8HLP7S+Ya2wgv8AdRpBd6DUSepT7FJUu51jh+vxz9sCVNx+506CwcizI69E0l+XTxGjg1MdTyd/Y4NdVrmoee7aersged1HU7Yv1OnXvYs9jyNeUnNpmbS+D6p1N6fbDn19Rtu3ycsI+fdGSv3ZvqJ+hxajlFs5vzUZJ3uV6snLVp82fsmt/s18C8V6HR1+n+Z0OrqaUZXpPdFtpZ2v+zR+Kpvemz+j/ANaPUeAeH6sZqW7ptO3F2r2qwxe0z5fmviH+yfxnp3KXRa3T9ZDsk/lyf4PH6nzPU+D+JeD9R8vrej1dGe7arVpv0TWGf0GlS5Pyr4jetP466Hp29WEJ9XHYpvy5ksr0y3f/eWPKUtMTuHw+vulqXJU2u5MdyP3rxnw7pup+Hurl1fS6GvrQ6WdamppxlJNReU65+x8L/s8+GPCfH+h62XiHTS1JaU4qElqSjttP0Y17pM90zaXy2h4fDX6Fz+nUWUz1Olb1el05S+pKn90faePfCfhXhPh+lqaEtXTi9WMJty3VF3b++BR/wBnutCEvkdfCSu0p6bX7NljT9R0fVdJhrW+9bjU+OdPkJLNCaS4fJ9J1HwX4xp/To6Wt/2eov70eT1/g3X+Hx39T0mppwutzWL+/Bp9vF1mDLOqXif6uB9kufU8bxiDj1cZdpRR7Sg6tnk+Nxk1pTXCtGZeL1ind0lvxp0+DTvpJR9JHm+Kpw62b9TfwPVfzp6fqrDxuH8yM65RHysn8b0us/8AS6PCpuXSuPseP1kWupl9z0/BJXuizi8Ths6qXcezl1X3+n47fDlT8ogvBVEfAkRjuarudOv0z09NNvkfQaSnqJtcHrdX0ylo8dixD6/SdD9XBbI8HLWTaUW9H8BfLps1jTg0g82KnmYl4kYv5jj6M1+VKTNNLouq6vxNdN0mm9TW1JVGK7s6fEvC/FfBdRaPXdO9Ke3dW5Sw++H7GNONeyJmLOJ6MlwsmnSaP8y5LgrRmpRtnTpJJNrkPremYKX6iJa6jWpq6cfRWzr3XjscWk71ZS/BHVGVm6Tt+0xe8vR0aUVRujl0PpR0xNM3aIpYIRVBgWUhUHfAGkWep0M1raex8wdnkxdHV0mt8rWjLs8MzeNw+d1/T/WwzX3es5RdyqvVi1FiG633x3HHT3SVS/lrNFfWreDzPxMxo9KMt7v6KwOU47lGVpcqi00qTwPUxFSf0xIhSb2qUVud8ijqylJYbfFehSe5eqfCRUHGMXtVPuAblFu1Xv2CWKksvhegfUpKlV9+5O6Gm1pvl8RCLhK1bd7eaIgrhanTbuxQk3LUgo0uz9WaLT2YVRjXACepLMIK3XI9PT2xtu2ZPR+Xppac5Pb25f2Nox2yUm22wG5QeJdsWXGnHHciSVtTfOEhx3Rw1+IDa2ccX+QKSeUvvgznFPU87bT7Vgre9tRVNcAXe5eXsRODWpCeVfawk2oJVy6BvctsqtcegBqSW/m08bUXhxbT5VEtbU5Y3NYslTcIeXOeysBactPSckr3LLb7lfMUsN+6Ypae5Jt0+9CenUd0mq/ygbJwat069CG4+W27zVji2o1SrsDd8wsA3x205cPsDkk043adMbS3ZSV8E6bzLDWap9wFUpunFWm7aNIq1UndBhJtyFFJyvvQDinveMc5M1KnKWW06Hvnv2pNU/zNFBOSlKvYB7G2pL8iW02rl5YpocpNSSrFGWpGTjUUku6AcX5llJdi1LhOmR8qO1u8JUl6BJRjpKs+jA9awEM6OZgAAAAMA7AgAAGAAAWNAAUAuRooAAAAYgABoAAAAAAAAAABgIAAA7gHcAAAAAAAABDEwExAwAAAQUAAAIGAgEIYgEzj8SV9Brf8LOxnH4j/ANC1f+FklvH+qH5rPOs5e421+I8WzNtOSxZ3rw/p2L9MKirlydemqOfTzLg6I9is3n7m/Y4epVa1+p3LhUcPWP8Amo1Dlc9SKegn6HkdTppah7ulFS069TzOt0trbrglnxfVcHdTvh5qgnJJl6nha1ISlF8KwSXNnd0uomqb5VGHyegw4smTsyRy+a1dGWlKme18O6Himv4j0/T+HdZqdHqa+pHTWpGcopNustHD4jDbrulg9b4W6pdP4n0eo8LS14Tf2Uk/7E93nnpqxnnHL6/xPU+PvhjpJdRq+L6PVdPBeZ3Gb/8A647vyPmdD4h8Q8d8d8Ih1c9Nvp+phs2xrLnHlXXZH6h8beGLxHwHqI7XJwg2lFK77c+5+JeH6/8ACeJ9Pr/9Vqxn+Tsu3z+X9Fdevm+DdTGqc+nmq5/pZ8b/ALJIyj0HXt8S1IV+TPt21raMoJ4lFqz5vwv4L1fC9L5XR+M9RpXW7bCt33ViNa06Yox2iYvbTt+OafgCv/r4/szXwb4j8P1fDOnXUdbpafULTUdRaklHzJU3n8zxPijw7xDo/C4S6nxafV6T1Uvlz00qdPN2e/4N4b0Ov4H0b1uj0NRvRjblppsuo7X0L0w16OvdO/unzH7fl6mj1XTdQt2j1Glqr1hNM+b+PddQ8L6fQ/6zV3V7JP8A1Rh458HavU9bHV8M0+m0dHYk4NuPmt5qvsfM+MeGdb4VqQ0Osadx3R2ztJCIh6PT+kwWzUvXJuede/8Ad5km35T214PLxr4H6jS0NCOr1PTdTvjUVucdqwnzzf5HipK7o+y/2f66Wr1ui3lxhJL7Xf7osvs+sVmekmY9tPhv/J7rPCpaXV9R089GOpP5dNYbcb/szTx7wHxSHQQ6h9Br/LS3OSg2kubdcH6N8Z6Mes6bw3pb8+r10IxX3jJX+p7XiHSPq/DdbpNLUelLU03GMk62usGX5uvVzj6T6UR+rf8Aw/GPgbotPr/iTp+j6iLenqbt6uniLf8AZH3njnwB8PR6Pqev1X1WktHSlNqGqqwr7pnifDngPWeC/HfQrrYKD1oany3BJRk1F3Vdqz/32fZfG+stD4P8Rm++kof/AHSUf7h47ZcnbWm/D838F8O+DvFo6XSauv4h0nW6kFHdqSj8t6ntS4vi6Ovof9m/Wy8V/het05Q0Fn50Jqmvb/wqs+K01qOf8tNt8H6R0PxV8U9F4Z0fz+k6SWnNOEJThPe1GllWhyxjpbLaK15l7HX/AAZ8P+DeCdV1Gh0berDSeyWpqyfmeE+fVo9nofCPBOt8P0Oph4b0zhqwUqlpqVY4yfHeK/FHiviHQz6XqdDS09KbVuEJJ4drLfse18OeD6nW+A6Or/yr1+hGblUNDV2xj5msYLrw+tl6TJg6aJyX159p37fh9Ho+E+G9N/0fw/pdL/g0Yr9keN8T/D/hfiXh+vGXS6Wl1Cg5aevCFOLS7tLKwfOeLrrvh74y8I6fQ8X8Q6jS6nV03OOvruSac9rVcVR934h0S6vRccNtVUlh/cmtPkTusxMS/IfgPoHrfES62rXTxlGXs2qX7s9D/aX089PV6XroQcoy0paU3WF/+d36HP8ABmh1Gn8Vda4ylp6cNScdbTbtN5pc5d/t7nof7SvFelh4NDw5NS6nU1Iyr/LGnn9jM8lp3Z+ZaO5ujujLbavg5Onjc79DRzb6hr2Mzw+x6VbsyRM+7r0js0lbVnHpHZpPKN4n7XFw79N0vY3ic8MJGyZ0SWqKszTKVEZ0sF7EjQNKRcX2M0XF0Vi0bh6/Rar1NJK8wVNep0wnu5PJ6PWelrrOJYPThFJRc6bR5skal+M9SwfSzTMcT5aSW22/xsIatx2ybz2fYHJeWMnal2MlOK1dqjw8v+xh8x0qLhTcqSQo07T7rtyE22kni+6COm/m7m3hdyDZRpJrASjGt8nRClJVGSSh6plSlGWKwENUo7lXqXmcKeDn+W4TjsTa/qXY0i+Fy+9ooaktN7cJPgb1F5ZJoIQi1bSbfI1FRtuNJcP2IIitT+IcnW3sau1w7Je6K3Vz27kPclOTTS5TsC9jblut368BpqTTaSTqkKGr8yllOrplN7Fuk8exRUbSznHJEkksyzY96jHFtPuhRluvcuGQPatTlKuw4xUFi8MiMp+Z7U03grU3zxBVjkorbm21b4IcvmJJxck1yPTuCjDUlukkXUk8VRBnmKS3bWjWMceaiJttNyhVPAvluUNqf42BbisXaSWGhbk/VegakVW1vn3BKDkmovyY9gG4Rca/YIwcILF4p+pEpuLq6VZwVGUfmq5eZLgIvbhNqnREnK1VNItr+p2/RETklF19T7IKr5kXJpPKEl8x3lMnDnafm/Yu1tSjlvuAklwserE0tiSjbqrYq+YsJqv1Najs25v2A7xiGdHMwAAAAGAAgBAMAABgCAoATBgAAAAMBAAwAAAAAAAAAYAACAAAAAAAAAAAAAQMBMBAAAIAAKBDABCYxAJiYxMCWcXin/q/W/4WdrOHxZf+a+p/7KX7El1xfrj935zJNIz01cruy9eW3H6GUIt5O9eH9NxRqjp0nl2dEeTm0lk6I8lcp83brg4utXnTR2ReDl6zsahmzXpa2o5+uhbl7m/TYghdZFNZ9Cy8/U07sUw8GdKVPBfTSqbX5E9TBqbp8mOlJx1Umcn46l5x5o/EjxPLUqMugm4amO/B0eIR3aDfpk8/Qk4zj9ye7v1dtZ4u/pSKhr6cZqpRmk/Zpn849ZofI8Q1dKsw1HH8mfvvw31E9TwLoXJJ3oQaa94p/wBz8O8fj8r4j8Q06rZ1Woq+02WHyY5mH7v4Pqy1/Cek6jLetoQ1M85in/cuPjnhMX5vE+kw6f8AOjz+Zz/DUt3wx4VL/wCT0v0ij5r4I8M6LrtTxRdX08NZ6XUUt6uvNK/2ERDthx47Ra15nUfH7vS+MvE+g6zwbT0ul6zQ1prXT26eopNKpZwe98P/APqHov8AsYnz3xj4X0HQ+D6er0vSaWjN66i5QjTrbLB9F8PL/wBH+hf/AMGJZ12+Hrz9n+Bp2b13Tz+zp1/EOi6Wah1HV6OjJq1HU1FF165Pz/4063R63xqP8Pqx1YQ0ox3Qdq8vn8T3PinwDxDxXxPT1+khGWnHRUG3NLNyf9z5vxD4Z8S8N6WfVdRpw+XFpNqafLpFiIe/0rF02O1cs5Pun2/d4+ODm1PEtTovENKGhqPTlODTak4901le6R0NpeZ4SzZ5fg0F4t8VdNpSk4x19XZadUmmiS+h6zm7MHZ72foXgHXS8d8Z8LlOc9SPR6GrqqU1Unue1J+6pH03ifikeh8S8L6VzSfW68oNP/KoSf8A/dsX4nD4D0uno+IeK6+hBbNOUen01GNfRHzV92fnXxD8R6/W/FXSdT54votVSjC8JqV4Xa0okflMsatFfiI/3nz/AMv0j4m0dv8AAeJJqP8AA9VCU5N1UJOpf2PL/wBp/VPQ+E/lJ18/qIwa9Uk5fvFHtfFGi9f4W8ShF+ZdNKSxy4q/7H5//tD8T/jfA/h/z7pa2g9bV/4mo/33D4c97pH426v9n3hfhPjfgOt0vW6Cn1Gl1LnCa8sopxjw/wAHj2P0XoOjXQ9JDp1PfGCpPal+ix+R+af7L1qb+ocdJ7bxqflhfmvz+x9n8WdN4n1XSdMvDo6zmptz+VPbiu+RzOlw4/q5IpM637uP/aDrqHQdJ06/95qOf5Kv/wDo9D4OV/DHTL3mv/62fFdX4N4+9N63VdN1E46cW29SV7V35Z9t8HeX4X6Z+82//vZqfEPtdZiph6CuOtot93t/V5njXTdN1P8AtI8Gh1Kb29NLU01eHOLcl+VX+B9P13V6fQdBr9ZqpvT0NOWpJLlpKz85+I/iTp//AC/8I6zTk1pdLWnqSaaaTk1L9GfofV6el4l4Tr6MJKen1GjKCa7qSaMz7PhW9n5n8AJdVHxbrtZr5kNaGpKX3U7PjvjDxCHiXxN1OroanzNJNRg/slf/AI9j7r/ZjpqXReLQksOemmn9pH5t1PSfwnXdRpajuWlqShn1ToW5bindaS09ujp2+THSlu1rIlJzfsaaMXGVtdznPD3dJf8A1FIjiJehpnZpJtqji0zs0m00dMT95i4d8F5UarBlp8I1RpZUikyQsMrRaZmi08AUOyQSxyGZaxl273g9vp9WOroxm+ap/c8CJ6Ph+tWpsk8S/cxkjcPj+p9P9XD3RzD0ZRSVRe2TX1ewR3KO6WnxzT/U05uPGKsiLUZKDt/7z7nnfkJaSl5YtKx3tWVfuRuU4uCw1+g204JO3+HLCNY7flYWH2D6YtLtwKCpeeVuyraSpX+JARnu026dr1CMoy1NrtSStoNytJ2vcqO3c3eQhQbu21fai3NtbvXsQpW01UVdccl5SbtfegHubi6jb9wfmi1yyYXsbc91hBtrs3eQHVTv8Ak4qradDjJbbfC/QlQV+ZW2A1bqlh/sCcd+27aV0DSpW8fkJtKdRjfqwCKlBzf9PYqMnCPZv2HK+P2IUEpNNt3kAk2k25RUnx7Fw3ZuWO2CHCsVzgdTSqL8qWM8gVJ3UmsMI2pOOXbsW2UpO5YawvQe5RdPDrkAlsik5c+4QXlw7vix1uavlDSqsqwFbacayhRluvjcvzJnqTWpVWqul3Hy8Jry/YG2sVHUhtv8SI6b3rdX3HCGyDSlljc9l4sCZQgt7br1YobXU1wsFbIuNS45aHtw8WgI3Pa4pVaw0VG/LFduWPTVQXl559gbqLklQHooBDOjmYAAAMAABgAAAAA+wBwAAAAUAAAAMQAMAAAAAABiGAAAAIAAAAAAAAAAQxAAhsQCAAABAAUCGIAExiARLY2JgSzzvG57PCOpb42V+eD0XweJ8Vavy/A9RLmc4x/W/wCw93p6SnfnpX5mH5/qT36jbNdNeUyjpuTs2jpbXhtfid39K8RGm+kse5rHkz0kaRDz1ndm0Vg5etVxOqGTm6z6LNQtldLfy0X1VbER0rWxIfWvyVZZcsvikvE6lJamTGCTmu9s31oOU3VMnR0n85ehyfi7Um2XxHurqtNPRl9jydLbFq1wz3+s00ulb71wfOtNS/EPR6jXstV/Q/w3KE/hnwxr/wDSaX/9iPxT4rh/6V+Kp/8A6vV//uZ+ifC3xL4X4X8JdJHqurS1YQp6cIyk1l+x+aeP9dpdf8Q9f1ehu+Vr9RPUhuVOm2w+Z9O9Z3aOX6x4T8R9B4R8N+CaHV6qhPX0IRjf25fsZf7OtaOtr+MakcKetGS/FzPyvxLxzqOu/wCT9Oo6X8BpR09Nw5dKtz93R73g3iPWeH9JfSdRqaPzEt+x1dcfuw9vRdLbqO/HXxMx/wAv0f49aj4BpybpLqItv08sj0/hnqtPW+HOhnCS2/JjzjsfjHxB4z1nVKGhr9XraqT3Namo5K/xL8EafSyeHkfh3r0s3tHQ93G53/w/dpdV08Pr19OP3mkfMfGniXTanhMNDQ6nS1Jz1VcYTTdJP096PhItrPAnJt5NRGpfS6f0SuLLXJN96/Dn8R1PldDqy71S/E4PhifyfGNDrHHd/DTjqVfNOzo8Yl/zB33kjLwBJaWrLvuSJ7p1dIzeoUx24iH6PpfFHh3g3wvPWn1nTy8Q1HLUeitRbnKUsY5wq/I/NdGa8U8b6jrHFRWpqPUaWeXZj43G+udvG1Ub+BRSWpLuHzMWGs+ozSfaZfrnQ/Engk/CtDT63xXooar0Yx1dPV6iMZXVO039z8b8Y6t6mppdCtWOrp9ApaENWMrWovmTluX/AN36HN4i5fxuovRnM4tRUmsepHzM9YrkvWvG36d/sy6zwrpfCNX+J6vpdDqH1DpamtGMmtsaw3fd/mz71eLeGtY6/pv/AOaP+p/PPTSUNeL9z6bTnu0457DW3u6D0+vWRMzbWn6j4/4t0a8C6z5XVaOpKem4KMNRNu8dvuYfCPVaUfh3ptKUknumqvNubr9z8r6/qZ6EfLKmjyep66fURqcU/cviI07dX0+DpsU4O77t74/D6T/aT4cvD/iRThPdDqNJakV/ly1X6f8Aij6n/Zv4r1k9CfQ9SpS0a36LedvDau+Kcfzzyr/KJSlat/Y6Ol8U6/w97uk63X0Gsr5epKP7Mm3xJnb9U+D+nj0Xi/xJo1thDq1XtG51+lH5h8aaS0fizxDT0/plrOa/+rP9zp8P+MfHeh6nqNbT6v5kuqaet82ClvpUrfPHocHi3UaniXXrrdWMIznFKSgqWEkJenFS15nXu5en0Uo5RtqQSjfFBDBpseqnS4TMPudPhisxEFpM7NFu1g49I79Dsbxv1GLh26d0rRsomOnlG0b9TbcnXuOhDRGTyNMQ0BSY+SUUEUkqNIScZJrBCSKSt5K52jcae1CX8RpKe5rGUjT5e51bV8L0ODw7W2zek3Slx9z0IyaVWq7PueW1dS/Eddg+jmmvs0jpuKuUrr2LlJ4Tja9TOac01GbjjNDTxHzZ7+hh4VNJPNty9Bx3RVNXd0/QcKk0rukEvL6VdhEqXmalK/QcXCDtKr7e4RrdKLrOfcqTUYWnw8ugCUFq7ZNU1nPYfllcG915oiMlLGWpLuXGGyCW68ACh5djwms0xbdu6nTwi7WVXcW10mvXKAXzIwe3u1a9x6c3JuSi1TrILa8YUkvTgMqOKi/X3Apyco21foSmkmmqwKe+8OlX1P1CLbk3d5p4KL3bY2/yCMlNqsemAaqVu2wUk2k+X+hA29u5KSddxbltkovzVwhTuLSTpWGnJRjK2tyYFaTnLTW9ptegt8W6eGPal5vzJ/lp71XIFwkqt8vuRLVS1tkvTBcpJRWxJ90kRtinuksv9ANItvT4pvhkaaWFOXPFiU71a3YS+n3Ll5nSpNO+AKiqVp02+X3Kpt8HPrPUcYLTj5pOnfCRtGKjKotp9wLlFXn0Jk2tqtu/RGU5pYt22axkkleWBW91hVgz2ucE2/dlrdJtypJGcU4b5Ted2FYHqAFjOjmAAAGAAADEMAHgQAOwEuRgJukNO0KStBHCKKEAwAEAAAAAAAAADFQwAAAAEMQAAAAAAAIADuACCwAQAACAACgQxAAmMQEsTyhsQEvg+d+MW14bpRXfVv8AJP8A1PomfMfGc60el0/WUn+xY5fR9MjfVU/d8mldUiu4k1FfcEmzs/fzw108LBaZKwVHnkkONOW8DDq86ZtAz6lXpSNQ1ZHSZiu5HXaiyV0jUdK32Rw9ZrXJ0y2eDrsvZi/djiss26SCc9xzbt2D0On0/l6W5mHxOkiL5d/Dn8Sn5NvtR4kNNz1Uvc9DxDU36lXwZdBovU6hVwSXk6m89R1fbHy9Pbs8P2+x4Mleq17n0fVpQ6bb2PAgk9dJeol9D1asRbHRhrx266X2Po/D5300V6I8HroOOur7pHreGTX8O23xFkcvTLfS6q0S8zrtSWp1k2/XB6ngeslGeleW7R42rLdqyl6s38O1/k9VBviw8PS9T2dd9SfeZ/7vrY5QEQlaTXctYNv3Lh8Vjv8AD5un5Wmc/gk0tTV0+N6Ul/4/E9HqUp9NqwfDgz57p+ofT68NSP8AS8/Yk8vzvqGT/D9bjy+3/v8A5dnjmm46+nqJYlGheB62zqp6MuZL9UdviyjreHfNir2tST9jxp63ydbQ6mHLSf4rkjy9VH+H6760ceJ/pPht4xpvT66UmsTVoXRaUer0NTQdb1mJ1+MOOv02j1EeGeb0et8jqoSTrJHm6itMXXTv9Nv7Sy2vTnTWUz6Dw/XWr06XdHF4t0sVXU6XEuV6HJ0PUvQ116Pkrp01ren9X2X4l2+LOSbXY8lnp+J6sNXT3RdpnmKSaJLy+q2i3UTNZ2RMnjBTkvQhtNYRHzH2vwBp9NrdH4jp/wADodd1i+XLT6fVpPUhb3JNp+zfbizm8f8AD/DdTwXQ8U6DpNbopzvdoTnujUXsk0+V5vUx+DfiTwz4f1p6nX+GvqJ7lLS1tOt+m0mqV1h3nP4M9Hr+u6fxb4U0dPTnBdS4dXqT0U/NC9aOol/9qeTT1YJ7bRL47SbeD0dGCWk3XKZwdNHNvlHoabuO2zOn7To8ERXvlxaStnfoYOHR5PQ0cpG6cPoYeHZDg0Vmek+zNlXoabkDWQwBEMEIYQ0yrsSKCCLadWbIw4ZpH3LDNobQk4yUk8o9nSbajqwpqS7ngOdSWGz1fDtaXyZaTxJZVnPLG42+H6tg78X1I5h6CV6mey5GoNu8NJYiRGdpxf8AUhxmtPF16HmflF7XGSUcLmTLUrltvngSeE5foD1EsqOe4A4xVptOXOQSk5V29UTU9Se2SS9WOcXCKjB12/AIpR2qovIOMkrnJeXNsW7iSko3i2U/8NpTVv1AuCglaq33EvK26btkXNQrF1doalqrbcL90Bo5Rjy0KTUlmmifLO0s969wtvS7XeaYDcmkk42n+gK22qxQotSm2vWuSlltt4bAW5uPOF3ItQkoKDb9S2oyTjeQmpOSp0l39QDU2Sa3OneKJlp4Td3l8Gkop9s9mEXth51lLtkAXmgk3mroS23trKHDzZ4TC47ml2rLAUqjLb3aw67Cb8vnVtcJ9/cqr4rjBKXnbmnTQCgnLV3yVUqVcGjrdFrN45Jn9KUaS9h6W1xbggG3Jbtsaz3YVec3+4/lp/1VFdhzTk1t7AQ/IpS22/T1G7+RulFJ96Lq20nmiZJ8J5Cjz7kk/KlmxyglFuTt+xMptRurKVzjVchHo0MEB0czAAAYAAAMQwAABAC5DuAAEhrgOQABgBQAAAAAADF3GIAGIYAAAACGIAAAAAAQAAAAMQ2IAEMQAIYgoEMQAyWPcmsCATEMTAlnx/xlO+q6fT9IOX5v/uPr5M+H+Kp7vGZL/JCK/S/7lry+x6PXfVRPw8Xau5Sr0EvO8mqS9TtD9tadQpJuKHHDCqQReSQ5Y+W0GTr/AOFIqJGur05L2NQ6W4cL1tvTrOWebrTubyPX6h7nFPjBlCMtRqKWWzMzuX5L1HqJy5Oyrq6PR+bqeyO3rdWOhpbU8l6OnHo+nUpYdHkdX1Hz9R1wGslo6Pp+3+aznm3Ntt8ns+F9L8rRWpLmXGDz+j0PmTW7u8I+hUdsUvRCIb9F6buvOazg8StdP+Z4Gg3/ABEW/U+g8Q03PT9snz038uVLlMktesTMZ62n2a+JNPqItcUadP1Pyejmu7wkc+vc4Rm/UyTtUR8fLntXNOSPc5O/uVHEk/Qvp9B6+vGC7s36vp46H09w81cN5pOWOH0HQ6nzOl05+x12jz/C1XQafvk9BG4f0Hp7TbDWZ+IZ6yT0Z/8AC/2Pl1t86b7Y+59XNJwafdHyuvpS0dVxl9yS+B67WdUv7Rt6Ol1XzfBtXSk/Np4/A8pty0lHsngIylFNJtKSphijL4ObqbZa1ifaNOyWup+Fx0e8GcCbtDbfAJByyZrZZibe3h7HUajfh8G/8tHj3UrR7WtBvwpHidw+j6pM91Jn4hUpykuSLHgErI+TMzPJCeEU0KreSpA01nk9Gp6UI6unJwklyv1OHR0t2qj1p6ddNfoH1ujxTatplw6S2r3Z1aTOePJtpug/aYPOOP2c2nib+536DwcEPrl9zs0Zdi0bw8O+DNoyOWDao3hT+5t1mGqY7wQkUiMjkpKuQWS1GwhJW6Re3HI1GvZBai6WSs7KMc5Hi+RVJu+EJOm7yBpv3Koqn6muhOejqRk3bTMoyvnsaboVbaDhkrE1mJ4e9FwcVKOU1d+w24OTik99HJ4fKb0qkpRX9G7udEYSWrcljlys8c+JfhOoxxjyTWJbbctW7eBxajNqsURHUlJ3XlfcqKW5eW0lyRxCe62ntk/0Jcoyg1OT8rq/U1kopP1ZENNJ205P1KhxhFtNryp2o+/qX8mn9V27z2HLyrc3x2JhPfJ7eF+5A4uSxKq9i8UpbuDOVLdvtJ4FW2O1NpWvewKkmrknSXKoeNrbj2rPA7dJOuRqnBp4r1AlrZm0o1myr3Ly/qHllFJyv7k7MYk6fYCtqUr7vBT4shQcf6r9Ew3Jy2t2Bnq6epJ2tVwXoi3qJqoptrkrEnTvA3HdB1hNUBLqkni/Qq207xWLCCeGqca/EUktSVNvDyBPzK1ar7P1NEn/AFPuOoqNJL2IayoyfOWgGtyqKW4tSgriv0J2R+t2nwskwbcmt1Z9OUBsoR3Wr4oUmormmyU8tvt3G3CclnKAIRle51nGC16yWSVui4rleoT1UpJOOGAq86blfYJSam6WaCMoye5NYFzPPKQHpIYkM6OZgAAAxDAAQAgGCAAAO4DoAoAAoYCGAAAAAAADEHYAGAAAAAAAhgAgAQAAAAAALkAE+RuxAAhgFIQwATEMQCqhDYmAhMbJbAibPz/x7VWp4v1L9J7fyVf2PvdRn5v1mo9fqtTV/wA85S/N2ary/R+h0/i2t+Eaavjg0RMVSNEjq/UXkWJOnY5cEJ2SEo6IUGqvI0/QmHYuauL+xpuz5VRep1Gpf+d/uep0OhFS3tLB50JP+I1YrhTf7nsdMq6ZvuT3fmOnxVnPMz7bcniGrKfLx6Hm3bOzq7bo5oQtkfI6yZyZpmXpeF6auE32Z7EsrB4fS6j0Wk+D19HXWpHnJYfpfSclPpdkcsuqr5LtHyvUf4zr1Pqust6LPm/lb9eTl9MXbZJeT1qs2vWIdGvotdDBtZeTzVhns6r+b0TbVP8AY8buZfK9Sx1rNZr7w9XwaK+bqa8sR048j8TT+RpzfM/N+eTLppboaXSQ51Hcn9/+46fHF5tKMeEg91ez/LpiPb+8vS8N/wCg6P8AwncnSOTo4fL6XSi+0EdCd4s3D9PhjWKsfiFPKs8fxzSzpai7po9i6WTz/GdPf0SlWYyJLx+p4+/pbx/V4Fvijoei5dF8+Odsqkc563hOmuo6PqNB9+PuZfjeiwxnyTjn3idfu8fuNJ2h6mnLT1JQlhxdM7eg6ddTpzhfmi7QcsOC2TJ9OOXoyjfhR8+8SaPptPTb6CUPufOauNSSqsll9f1fHNa45n40zXOR019girkhyVOiPha8bTY01uyBDIRy9DotNPU4wev1EFHoWeZ4TJOaT4s9jrI/81kjUP1vp1Kz01rQ8CLuT+5tA5ISrqJx9kdWnySH0/T8nfgifhzr/Fl9zr0mcjf86a9zo02ZrL1YZ8u7Sk35fyNN7i8nJByvynYvluG6Ulu7pHV6lx1/XJtG554+5zQ14rEIUy/mTbyxtiYdcdsfce85fmUqTLjCUs2TbOvlvu49ClLlUc2pPT0FepNJHLreM6MVWnFza78IndDE6h6yrac+v1PTdPfzNRJ/5VyeTo6niXiWrs6eMvfbhL7s9/wv4b0Ona1esfztW72/0r/UxOR4eo63F08fdPn4c/TR6zxGv4bR+Rpf9dq/2Xc9fpPDOn6d7pOWrrRV758fguEdu3Tuku30lbo7JYrsznNpl+Y6n1LNn8R4hUZ2rq37otbpaPHJjpya1GnGW33N2nXMVH9jL5hKEdny6rbxY22tPDW6x0prck7qgh9KjKrsgUpShDby+xalF1G67kNSlhyWH2ZpOKlivyQA00mm7VWLclCo2knkL3RazFomcFqQlDdTfoEaNt/Sk16sIxx5pWl+rE2tNQg7TeLoc6i6VU1mwKV0qau8ilLfNR7JZGnbu3S7ImUlCXfzAWo+Zv8AIhqall4eF7Dp4cpNN8DlTkk39vcBQvMJyUnQpS2SbmlGHZj/APeKo8csqSeUoqS9H3ASk3J1lewOVRV/kN6i04xbpbnWBt84tIBry+zYSS+rm1leoJbk7i0JKMUvRMKLjJ0uV29Al/LlutVX4jW1JuKu3lkTU6bxJ9gi926KUl+AmnuVRSfcahiN5C6lngC4uCpJfiRLY2oO1m0x5hSSc7dWuxnOKnKO+9t3yBrujKsP2FKLSistevoKO6LbeV/SjSLThbbaYGb281t+6CHnbbtehctWE1JWmlyTjEpOr4A9IaAZ0cwAAADEMABAMAAAQAuRgAAAxFAMAAAAAAYgABiGAAAAAAIBgIAAAABAAAAAAAFAABQhiAQhiCgQxAKxMqhMCSJFSTol4WQscuPrtX5XS6up/khKX5I/PVHNn23xBq/K8I6hrvFR/Npf3Ph92TVX630amsdrflpZSflyTHPJfbJ1fblEuBIchRZG6Q2jwXP6TODyaS+k01Z89p6Tl1etSxvf7nr9PDbpbGcWnDZ1Wou7lZ2Qk00xp8rDhrS8zPu5eo6a28HNGEYypnuS046kLSyzzeo0HF3RJh4Ot6LsnvrDmk0jXptdqW28o5NTV8zjxQ+n3S6iMUm2/Qy+TizzTNHa9rUXzen4PH1IVPZWOX7s+gWmo6Si84yeT1Ols1GamH6nq8XfSLSxjT0Zx9jxpqtRnudND5kdb0So8fXhWtJL1MPz/qVP4VLPQ8E0HPWlrS4iqX3L8VufW6emuXSR39ForQ6TTjSurf4nJ1K3+M6Cruivo36b6XQ0x+8zG/6vYiqpeiLX2M0y0zT9BEahUjj8SjfQavtT/U7WrWTn6mHzOl1ILlxYlxz078Nq/MS+Wtnr+Ay8+rF90mebraMtFrd3O7wNv+Kmrw4mX4n06Jx9ZWJZ+NaS0uulJYU1uH4JOurr1Rp8QXu0/ZHP4Lcesix7vVasY/VPHy+i2pKSXDyfL9bHb1UkvU+onKot+iPmuti5asp13LL6Prld4a/u5o2pX6D1JqVdmadPC23Iz1YU7MPy/bMU38oFNeWxp4Kh5pbPUOVY3Om/hmps1V9z6HqHu6WT9j5fp29PU44eT6XTl87obu/Kah+o9IybxWxvmlKutfudsDz9Tydb/wDUd8OUZ93q9Hvul6/EuVv/AJzO3izr03GlSs45quqn9zp08IxE6l9TDPmXSpPjsVCbhKzKNywlb9jq0uj1tT+ml7mpvEcy9Vs2OkbvOmq1NPV77WUoNZ3J/iaaXh6hmdv9jh8d0JR6WM4YUJZS9Gc5zRvUPnX9Sxd3bTyrW8Q0NHCe+fpE4tbxXqdT/D8i9jDoOh6rr9XZoaMpvu+y+7Pp+h+GNLRan1kvmUr2xwv+8TaZcs/qFMcfdOvx7vm+n6Tr/EdWtLTnqS7vsvxPoPDvhiEKn1+rul/1UOPxZ7ujpw04p6Wlsgl9MVX6GqUnPKx3MvgZ/VMt/GPxH/caWhp6WitPT0oxguElVG0dsVuTul+Zn8xbrcWklleoKTklsrb6sPlTbc7mW1qcUnz3xgtR0+1Z5RlFuMkvqfouxfl3pqOfUjKko6T2N8oravl1FN32YopSbnJXSwh9O7banuvhMocJSUkpStFTjepFDbalW1V3JUtVLzVB3ys2iC6cnJJqKTxgWo9SbShhJq2u4oNSi5NumVKdRaT7duQKVamKf4kQre1HEU8yfcpSa55aDRcXHOJvlBDjq/Nm4pP8UG2k0lbWbKT80o3d5pegm3F5b5/MBKEtkfM4y7v1Gk1CtR7pepMVqbXJ0nfHoioqUnSwk8sBxTnFOT2+y9Skk2vXsJxbXYnTjsj5k7i7QFzTpXSdhOM+VT9EJ17vcVFYUVeAJe2SUm09rx7BtfzNyra0PYnaqrYoqcVT83oAScnJcpVmh7kntu03wLc4zW6sugx8zD4xQFv6EvfARakkov1sWZXaplKUUsduSCNNSuUZSzux9iklpxfnbyW800sMmSVW85obFRlFxwhSSvEbslLZeaXsuDRNRy7KJTbajHjvY3xni8Ge6FtptOXNExfytKlnPflgXXy5KEEsvsa7IqKV5IhFJK22y2vmJpSprv6Ad4xDOjmAAAGAAAwECAYIAAYAADEAygAAAAAAAYhgIYUMBAMVAAgAAAAAQAAAAUAAAAwAAAAsQAAhDEFAAAAS0UJgQyJ8FtmcwteXz3xVqbfDYx/z6qX6NnyUY2z6T4un/wBG0r5cpV+Vf3Pn1SR0rHh+19Lr29NH5NRpAwWWN4NvpM5ISqxvIoh1q1j7Gr4M4OzTsWFs8yarrJvszpjxwYa6/wCdJ+pumqK8mvulvoyuKMPEJRhBtusG+ikoWeT4rr7pbLJLh6jmjF00zLzXNzm32Z7fg3SqMXryXmeF7Hj9PpvV1oxq8n1OjprS0o6ceEjMPg+jdP8AUyzlt7f3VVo8vxWXy6a+pql9z1mkeQmuu8VtZ09Lj3ZZfoust9kY45tOm3TaH8P0VS+pq5fc8LTh/EeIqHZyyfQdfqfK6TUl3qkeP4PDf1u70TZmXy/UKVnPhwQ9qSSdI86VPxuHtC/0PTlHFnl6avxvUfpAsvr9XET9Ov8A+oerGRrHPZHPE2TtLBXtlosozl7opOngnUeLDMPJ8a0Yw6fTlHs6MfBE11Dl2SOrxlX0sL/zEdBD5PSz1O9GX5vLhj/M+6I8RG2Xit61z7Iz8J0n85S9zo1Y/M0mvU6fDtD5cbawEr085esjJ/V0dXqKGi1fJ5GtBSTxZ2eKybnGMTFxTiJejrJ+reafDjhBRjwc2s039j0dSCjG65PN1acnRH5/qsf047Wdehekm5p+jIV8HXo6PkTfPIePDSbW8HDST1Zd1I9fwx/ypaUuxydNoqUm+x06L+T1Cb4eCv03Q4pxzF/l4HiUdnWSrszr0nujF+ph4tX8S5LuadNK9GD9MGZ5Z9Mt29Zkp8olCU+rnGMc2e14f4M9anqzw+yPO0a/jZ/dfsfVeG1tR5bWnbGfq8tbzWs68uvo/BOl04qtO/uegug0oxpQRv0+YpnUoWjnrb5t72tO5l5Gt0cErSPL6jpNKevCGtBT021cXwfR6+nhnkdbDv6ZM+6bn2OMYaUVDTUYwXEYqkW4ybVypehlCdtpK89+5ulmOT0vFMzPKI6Mou1OTee/Jq4tRT2t+qsIOUpNpLmis49uwQSairckkubFpyhLyppp5iOVT8korzLgWkoJqo0+L9ALjLzKL8rvsuTbdeKownqKLqNfdmsG6u8sBx82lnGeyqxuKg06jFt5sUpuKurzihbtScW9SMa7JdwjSMM3K3RVrbazgNObmrlftZcU0mm/sQYx1P5rbdQjXPY0UYy3SjLl3aJnBJVqJP09y4uOmkqqUuyKiVBufzHeMLOA04ty3RpPvayy9NSypcXixai3Lamk+xBo5LOKb7kylJzqNKqz6hGOp8zLW1LiuWNvvVgOS+Zisc3YlJ5g06Xd9xfMk2tkeeb7FNbXuuwBNqnu8vGSnurzU17A0pRVtOPcmU3FR/p9bKFKfCTp+6KU7083L3rkmdTXe6rclyUv5cVFvHuQOLu6HGTcmqpLF+olFL6MPnI5NqCwm7wgDClV2/QEkpuW7lcC2NTUm+1UOO66kqYBH6m+awFJTdyu+EJJb5NWreS2lBbrAFL8k+4JJd+c/YndLvy8qvQcmkklhyxgaFf8XL9Buk0rSb9SOFU+SUlqOMqdrj2AamvmNPEVSo0pNUlh92R8vf8AW02v0HFJS5uuAKUnLytExxucZJpdvQbkrcVyssNyTtVTA9IAGdHMAAAAxDABiABjQhoAAAAaAAAAACgAAAAAYAACAYgGAgGIAAUrrAJ4AAAAAYhgJsQxNAMQWAAIYgoEMQAKxirIA2SymSwEzPULZnqcBqvL4r4o1N3isY3/AIeml+7/ALnkxuWTr8a1lreMdTLlKe1fhj+xzROkcP3nS17MNY/CksEsolm3rhLWCR2JZYdIaRNl9JgknRrFUsFalxdRjVj9zSP032J6uPmT9xymlDaivJbUWltPU+VoX7Hz3Uaj1tZ2er1+q46EIJ5q2ed0uk3LdIxL4fq82y3riq6PDNHZqKckfQxykzydPywPS0J7tJM1D3em44xU7HN4r1D0uncIOpzxfsYeE6Xy9KUu7M+pa1+pk3mMTt6KNaFruye5jmcvWd88Rw4/GXL+HSRzeBaT3amp7UdPjWNJZyzbwvR+R0UN31T8zJ7sTj+p6lv/AKYdbPK6ROXiXU6jWOD1sVbOLw7Sb0Z6r/8AeTb/AALL6OaO7Njj43P/AL/u2hfc2i6RDTvkaZHtaJ1kJtSQk7QVgrDz/FIbumj7aiNflbegnFcuLZXXQvpn7Si/1NdvlcWuVRl5JwxOa9/mHndO1rQhXc9XTgoQUTy/CY/Xf9EqPVTs1Dl0Nd4otPLzOuSfUu+yJ0020vUfXtrq67OKL6OO7Uv0I8kx3dRMfln4hB6eiq9DxHbz3PpOth8yG31TPnWnCbhLlOiS+b6zjmuWJ9pX0+nulbV0epHS26a9zHpdFYaWD0Vp3OK7UIh29P6P7Nynp9HZG33Metfyop92z0GlVHm+JSzFehZ4fT6msYsE6eN4hPdqLJXRS/lNejObqXu1Ga9DLMl6qznL870ObXXRPz4dOnqV4hNfb9kfU+F6l7cnzHVdP8mfTdSvp14tP7p1+1HteF6tTjk8tuXXqf8A5ba+X2fSy8qR6MF5TyOjnuij19J+VIjxWRq6dxZ43XQwz3pxwzyuu07i6Rmyw4NJpaUW4t4otLfK7ktvJhDyq8trtZs23BbVhnaOHltyc1t825q32LpzSlduLFGpR20sCi2rUpZbxXYrLReaW5LK4scFU77LkUPoubRpBrbSfbsA5XtpVfqyYeRtu3juNbm0qTS9RSjJJJK03nPCCSae6T/ZluTi1G6pXwDhuppZXARlKvNK17rggqLexOSpc3RV15m6Xqwvdhu0NJJeaS98gE51GM4003llKUoybbxRm9unFOGXWUXGMtWN7vK/2CLg3KXmTwODSlJNd+fUWrqLSir+woKUnu4bSoKvzt1dew3FtbbFL/Mn3CepsX44CEtOcYye7fJ8MWnGbgm3frY4ye9K3lYXoXlN2+wAvoyueaFaknFPjmysYWMELTVNVtTy8gKMZtU6tcM0i8LdXvY5eaOGKUXJJLHqwJcVOakrVc13K2291VLgeVaiRGXmdt+Xmu4DUkpcv2fqL5lzqSllclxqUbjhPjBMXH5mzEnzXoA9OO1u3jsipSuSio2ROD1Mxk1tf5lXtks5rgA3L5lNcLk02pwwskSyn3bHuUXtazQDWyUctNL1FvTmlVX3J1oKWk1WGs1yG2tJNeVJVfogK3NyqsMHScW8LsK1JRmrqspikpNNp3TxfZAOWZrFpoUW4KpZ/wB1ILmtRqu2MmmFG01fcD0Ri7jOjmAAAAYAAAAwAaZI6AYxAAwBAAAAAAABQAAAAAAAMQAMQAACyMACgSAYCEMQADATAAASAAGAUhDEACGJgJsQxAIx1pKEHN8RVs1Z5vjmt8nwjqZrlw2r8cf3Dtgr35Ir8y+A1ZS1dac3zKTbKi2QucmkTq/oGteFXgmQ+CZGodKl35FTuwaGHSFwNovBjFo1i/QLLl67EU/Rkacd6TZfiEb0H91+49JVpo17PLeu7+XJ1cXLnhE6UKibzhLUk2vpX6sw3OLr0My8OfDq3e2Txk6tPV+X08k3nscuj5nk6Jw26W58dhC4otETaHMsI9PQhs0Ir2s8xNOdceh6ySjBXwkWF6GPM2eT4jB9T4ho6CbpZl9jv+n2Rz9JB6mvq9U/63tj9jonfpZHq6Wnm2Wf5p/7ezHrNdw6XUf+60vxH027T6fTg+0VaMesj8yOnpR/rml+HLOhejJ7u8RvLM/EaVLORRVd8AkqGkg9C08lXSIVF2WGGXUrd02pXO20WN5VEt7YK+UiSmvO3B4c9nVdVp+krPQbPO6VOPiep/vws9LvwIePo/GOY+Jn+7g6+DdS7o16FJ6bkadQlOBHQrbpST5sJ9LXU93y01Y2j5/xDT29TKS75PopJ3TPL8Q0/P8AdCXm9WwfUw7+Gnh63QWFweg1timux5vhr2y2P7o9RZxQh6Oh89PUYaPL8Vj5o+jielHD2s5PFNLdpKVYWCynW17sNny+o7mzTorev+DM9X/Edep1+Gad68X7nN+K6ff14mPl7er038V8MxcVc9Fua/Bu/wBLMfDNW9p7HhOns8PjCSupTi7+7PC0tN9H12r07vyTde67foeW733tvNePzL7bw7VuJ7ug8Jny/hWpcUfSdM8IzDjaHVJWjh6uFwZ6CWDm6mHlJLm+ejFfNnFus2VunC3HzPsn3H1EFHqX7rAnJpxSlb9KOlOHC8eUx1Gkri4zlzSs18invbbYmnlpvJUIxtu+f1NMNPLLmnQJRUlJrL4BR4aadKgf0eVN32ZA4SclzSv1LUqnt5dcmcIxhHalVcIpZV5SrIRrWbxZK2Tb05cvLI0IyTl6dmaRUt6bVX2RVaUkqlSSXPsTB3KTeIdmxqFTtSzxk0VySje5d2RCuLioR5447F01BKLXlwSoShHGKYSnOUPK6r9QIlHfFPUfDu+DValY25E1viotOm+R6cVC/Nu/sAQlubk5NJdmKcVqx3Rb+xajXdJXYvLudXG+WVDX8t1upPCwGdqSbb5scE6ji89y3i3b/HBBn8ulvrdJcItrdBbvxSB5fKwONKKjlgKNQjtcl+OMGm1P3zZnPc8wjGWO7Kin8v6s+wBW67dZ/MSgottLkdbIYderYRa23HKfLAau9lkRi4TxW3sTGVu6ebNF9LqwHGUpcRSzlkyy3GMqkuSkrjTznF8jWG8O/UCXcV5Vz6j2qSd9+bBZeHY5064pMbEb87adJclaUlLTVu79hVbtccJDdPlNP0QDjJVnLXqS9Zb3FdwbTTw2l2oW9/M2xhS7sDVRW5tYk1yKDU06Vx9SGpOad9jSls2Ln2A9IBDOjmAAAGAqGADEMBoAQAMQDAABAAAAAAAAAAAUAAAAMQwEAAAAMQAAAAgGIAAAABDEACGIAEMQUCYxMBCGICWfPfF2v8vw2GknT1NTP2S//B9DLg+M+MddS63S0bxp6dv7v/8ACLHL6fpWPv6mv48vnou8+ptHhGMfpN48HV+1sGSymSVupW0C5DkA6KXJpDkyRrH7gZ9XHfpNejRlp7tRLTjh1l+h0ay3abXsR0cai5d5GnOa7lUoqEdqVLseZr41dp6+pweZ1Gm1q/M4TMymfH349Q06dJtROjq9SK0lFGXTxShfdkdZLzxXog8+ePp4JHSw+Z1EV6ZZ6OqnOOyOG8NnL4bHEtR98Hf9iwx0ePWLz7ojpxhBQiqSVIzkrZs77mcvsHur48OT5e/rU+2nH9WbySsIJx3N8ydibsi1jWwvcMIFwFojakwuybyUmhtNHZM8xoYry8FSXJFOPWQfs0diZgo3rRfob0vUjjir27/cpx3QZOhHanjlmiaQKlhB1152U8Z9Dm6vS+bouvqWUdTTrkis0Gb0i9ZrPu8/p5JakJVXZnpp2uDh6jT+VrKS+mefxO1SW1NciHn6as0iaT7DU7SSyjPqq1OjnjsbLKtmM1WnKHqVrLXdZh8hrL+ZI9HweN6sfZnL4jofJ6qS5Tyjr8CafU/Yw/FdPSa9X2z8vquna09NJp025fqeZ43pbOq0epS+pbJfhx/c9TQuWltVc9yPEem+f0U9JLzVcfusnntDef8Ah9TbfynwrWqsn1vRzuKpnwfhetlH2Xh2rcFk4tXh7UMoz6iOC9N2kGrHBXB8/wBdCtWP3o5py2tRim67o7/EoUr9GcKbTru/Tsao45OWkGpPck016lRilzgzlqSVcJXTCOopx83Z4NOaoykuYbYdqyzTc0tzWfX0JvzRjtdNcsN9twUX+PcodxlJNt3VlQnGUGnFtT4di05t+WS/Fqi/mRjFtNJP+oIN1vbHhPKZo3GMXJ3a9xW3FNJff1HOqVxuyBfxClCMoJvezVXGlbSu8EaMVpycK+lduxpduMlcc59wKk9zp1X35COlCMdqTiucMTn57lhIrMleafuA3FtpRYo6b03UI4crk2G5KafPuhRdyk5OTvARWpBXuk3SzV0VFRdSS7YYp6fzILlFQhtik5P7MAjNJ1Ln0SCcoanl57u1wJRinbk7b5ZSbT4x62AJVBybuPZJBtuP1OO71GpuFRnS7J3yU4qXDpAJeTTVJ+lBFwTSWEllA0pYUsegrUU6W6S5AqUrlVYa5F5ZLi67A5bUnGN3y+yCMWrjJ3bKFFtyaqorge5SVq1tK8sYpJCW56lbVVcsgTk5LLWcIempQik25L3FNLbJyV4wiY6r2q00qrIGknTfZfYmMW432Jm3BqS8yayvQ0k72pOv7gTeJKmto1LNZdCm5prarjLD9g0qdp3h8+oDcduNzdk5UWk3uXcqOolGUpUlwhTbUXtkrEgbcYtzVU8UO7lcZeb0M2nqRa3XfP8A3FRilJpOmku3JIHsAIZ1cwAAAwEMAGIAGMQwAAABgAAAAAAAAAs7hiGAAAFAAAADEMAYhiABiAAEMQAAAACCwAQDEAgAApAwABMXYbJAmR+d+P8AUfxPi2vJO1v2p+yx/Y/QOs1103Sauu//AHcHL8kfmGs3PXu7byzVY8v0voWLdrZP6Bcm8fpMlGlZrH6To/R25DyKgYWyulSoQ2LgjZo0iZouJVXLKFo9xv6SYY4NQyuSbfsYasbVUdE8LBzyk0R0qzt2cfVav8932R27k/Y86Ufm9dt5Tln7IzLxddE2pFY95ev0daehCPerZ0qSaOKMqN4aiZYl6Ip2xEQ33dmS1YXayLjuVUszvJq49yJRCljuSx57kv7mWoPsOyR36gNMAAIUY3OyxLAwzrQoOOAsFYU+3JN+iG1+QrSCo1dF62k41T7fcrR2/Ki+9ZKbteglHmuCs687WpN8IylK9XzL2NVwTKOUw5XjcPI8X6Rami9RfVHJx+CPb1i900e7rQTi08pnj9Ho/I8UUO2619jMw/O9Xg7Oqpkj3fTdLdyX4nTdOmsepydI/wCZT7qjobip5u12OF+Xg9TrrPv5eI4fwniOppVSvdH7PJ9T4Vq7oLJ894vBrW0desvyt/qv7nq+DauEjhMeXOs91Il9boPypGk7cWYdM7imdLWA5Ty8jxKN6cl7HlJXUlzLB7fXQuLR4jg2k1zHh+ha8ueThcXVQzL3Y4tLUrGfQh3CVp7nX5FU57Xe2VWqNuK1Glv3N+7HCTjJvs828UKFaenFS83uPUVY5k8JFGkotuL9AcadOlGra7UTytjbT+5a+pYbx3INI1jslxfBW5RUVuUm8WS1ufGEsNFRuMaUe4RUpJcq2UpOSTlJfh2M57knVL2opRX1RSyv1KHLzTU3HCXc1hJS8rpuuxntckoySlfIQlUpUs+xBThDTtuXL49A26kVKSp5XHYjRlKTe+lTyv2NnuUc3HOaCL3pxtpr2oVbs3XuNfW6pp55IU181rdx2Ae2K073bvuVp39LzhWS4zu4yTT7NcF3PY3XmSxQEefUuM4JO/0Gm9OVO2m6SQ1KS2qUcv0K1JvZaVv0Am4xc3tyvYanhOk2+WgjclvktrapoSjGPDVeyAe6M4StOKG4uUVm82GEnnHqS1KXCwsXfYB2nalGqpj3+VNcDUVS9lQp3GKp8ur9AJlGUpzjuzSaVlOSWlFOmmJJKTceUufU0it6t9gIhFbFGdSY9Se1XhKPLBLa8VS5CTWEkm2+4BSlFTTtSElCU0+6Q3UF5YpexTxHGHQEONyafF8CcdqbS47erCTlGLk02+1dxRko1GduT71wBKWLi+f0NU6lTa+3cJR+XVLHYzh5pS5tcsivZGAHVyAAAAADAAAAGMQ7AABMAGAg7gMBDAAAAEMQwAAAAABlCGIAAAAAAAABDEAAAAFCGIAExiAQDEFAhiAT5EymSwPF+KOoej4POC51ZKH93+x8Eqet+GD6v4w6i9Xp+nX9MXN/jhfsz5aEVbn70jpTh+29Ix9nTRPy0dcFL6UZ9zTNfgafTtyTFQwK3UgACNhFxZI0VWiyiIL+b7JGkeBQi0m3yywjR5Rz6iR0djLUjYlqrmaVnJ0Wncp63eTpfY6epe3Qkl9UvKvuytLSjp6cYLiKoksWr3ZIn4DsqM2sEyVcCuiOrpjNGqaaOWMk1hlRkXbGmzdMTaaIc8Et45Js0psWWKwQXRoaEq9QQQ6HYhoB2MQAOwsQwhW33DFZBukKreQoWSrECsJJobVi9ykysyzkrwcWp09dVDVXMJK/sd7ywUVm1yJePLii/K9J7Opi33Z2Nx+Y74OBSqSvsd8nbWxK6PPfl8D1auprLn6/TWv0WpGEW2luj+GTDwbqIfNhBzW58Kz0F/VbW2qPn+i0v4fxqcXj5cnt+z4/Q5TD5eK3jT9E6OflR3r6TyPDtW9OLPXhmJiGrOTq43FnhPyyku15PoupVxZ4Os1p60ltuyxy53/Sy8vzcRx39xuW7zR+zK3U8KseovmTcU4RTi/c6OBrzTw/KmXKmllp33JUXJrN+ueDSUeM8gTGNzb3Wmspmqa01FOSk3ghbW3Hv3B1CpPG32/Yg3fGETCaTcXabzgjTnLWaxUe6fJexRdrHbgIu25tPvwyd+2W1Lck6tf0l6cXu3SwksBHZNeW4qOX7gONRW+3b7Mac98YxrbWX3sNO+7TS/NhdR3Tu+UBbg4rsxL5kWlGNJvLfZDkqhu9+40lPN+SS7sIuLU0nFrnItSEk04NX6WTp6aU5PbSXCLbSd2m1+YC+Zu3QTqS/IuNp8fiiacpc4fIS1HHhN1S2gXubttVmjPUhGVOTcUmXJNvdGmmNNyVt8gFKkqtcIFBQyo1eMD00lBctr15Bt13S4+4Ci1VUVTSxnORVSSWCIpx1KU1V3t9EBTy9t4azkU/5Se1Pil7CjOCUlBJu+LKtyfKrluQEvc1HyuTSzRfnjFxh+oKVJJ4KUrll0lyBlKLWm41u9clKk0o1VcdxvT2yc8yv0YtsoylP2wgH8tKOFfcrMnhVXYI/TcpVYRi9kkpJt8WBDttOqSfBTaauibtNNJV6Pk0ULVRx35AWZJOeO3Jm3GFwUuXyW4RaVpyaZM4KVKMVSebA9cAA6OYAAABgACzYwABhQDsAoAAAAAAAAAGAgABioEAwAAAAAoBiGAgBZAgAAAAQwKEAAACYxAAhgAhDEwoEMQCfJLL7GWrNaenLUk8RTb+warG50+C+I9b5/jPUPtB7F7Uq/ezyliKXsa9RqS1pTnL6tWTf5sj1wdYjT+idPj+nirT4gI0ZmjR5ZXSeSAAK3AYhsEGgUkSNWFXFWy+WRHDNCsya4InG0aLgibaKsOHVjetFPiOTSPBWp5jO3dGXXS5RIlFruaLzLLBxIyxjfqaJ0S407CrRFlYyE6KQRXIcCQ79SoAChgNMEABDQxIYAF0HAcfcA92AAAArAYANMQ+5WZNUDVq1yv1FVMqu4crQyn9SPR09TyQVcrsjz9byxT9zu6aV6EXV0cMj4Pq1d4on8qblNTSjlOmmeT4lB6HiGjrt/4i2/ketKbWNt2cHjTWp0d/TLSkmnXbh/ucn52ltWe94Nrb4JWfSaTuCPhPh3qXJyt9k/zPt+klemmc+J09FvMbVrpuLPB61KOtdco+h1FcTxOvj57fqOJYnzDgi1FJv6ZYRb3KD2tJ8JMUtrXt6VgblF/UsYOjzLVLT8q+p8UVpRlDTVy3VzZFSnNQtKCziy6T2py+l8epUJuWpJOMl9qLlX0rLTsIR3VOtsmU4R3qUnVZwQGnLdK0qfGRzk87YyTXp3GoxjK9zyXarK4eH6gPQblFtun3TCadbbdtYpcC2J1LfV9r5BTW7ZuTl3XsBpGN6fy5V2G0pJdku4tN+dtJN1hFOUd/y5d1eAE50oxisN+hcqUVtTwYqOptdNNJ4XsXpSTlVu2+/YqNdPc4LbfuiXBTk1jnkqK2uo2r7jdtPZJbvUgrbtTzVZv1E6dS3YXsVJ1B3XH5CW3YlFXiwBulcaHDMLFBXC9uX6hux6VyAadbXWM9xx8yabp/sTu8lRTTT7ocWk1Wd2cgPY99uT4oi4J8XJYdI0la2uKTV8EuUY8XcmAaa0pPdHmssW20uHRKjtlcVVyyiktk597SApxUdrSb7fYG8KqTb/Mn5knScWhTuLi4Zfd3wBpJ1i3wOKTjXbvZCklTbzWWxqc3TS+/2AFFt3VxXBEHOOpscec7uyNLnKLlF/ZVgFdW6TAhbdNeZXnLNY6kZrHF0FybpV92Z6ycYOUaTjQFuLU6iqiRKKTcm3S9yp1qRTT4XYJRkoSVJ+lgeqACOjmYCGnYAHYAAaAAAAAYAGQbBAMAGAAAAIYgAAAAGAAAAAANACAAEDAAAAABNjE0AAAFCAGAAIAABDEFAhiAHweZ45q/J8H6mV1cdv54PSZ898X6zh0GlpJ51J3+C/8AyWOXt6LH9TqKV/L49ytv7GW4auSn2zRMYU+bOsP39Y00gWTFJFMM+5AAFdIAMKwIihuikyKvLKQGkTSjJGsSwknF5oc069SVyaPg0jllFPnBlKFPk21Y5MGjLtCocDZN0VutEJS+ORFshkQDT9RWDApYHYk7GEUmqCvQVFIEj7gFBRUMLChgJIYAAAAAAxDABqxDRYZk1yGbAEg5yWqr0pexv0b3aW2+Hkzq4NewdFJqOoquqZyyR4fI9Srvp7OnSk1OSneeH2DqdKOv0+p07/rg43XFj0tVy3WpRp8Gsc8SS9Ti/JPH+HFOGrJSVZ7n33Qy8mD5DodFQ6/WS4c7R9Z0VwSo5zy9f8run9NnkddG2etqPynmdWt1sksw8txqWOxWHFqdS9V6D1LjPi7zgxm9Pd8u3FtW2dI8w81o1KotvTS0mtvqzRQqChCVS/zJGacIwW2SpL7m2mqpUVkoKXy4S3ObXf1NMq3NqSTsl3GdK8ZwVCcpZVU/XkCoyjs8ry1dP0Lh5dKnl3nBGySlmnaopTqWx37MgpPGX+SFFvc/Kk3w6Ly0u7ZM4XOLz+HADqUYrbNJvDbRbtPG1P19CE1NuKTVPODSatqHCd59wgbtKC4fdDjFJ74xtcN2Tp7dNuLaW18+rLhHa7T8r7egF5qUk+eCW3G1GlN5VjhF7bebyl6DkuW4/wDcgG05XFu08EabUNPN+Xtwy/lppNyeGTOfnS2NtsDWPCpNLka73TRnCrk02/YqMLmm41XADcfPubecUJwUY7tzvt7BKco22iIKUst1eW+QNJKUo3jHDIhCLhcZPnLQnOUbd+VXyawknp3tWQHtp4aS5ZEnF7n/AFJfmOcsUlbQpRtqSwwFpue2KcXVfkXHTSjxn3Ek21xXPJercotLD7AZKamnBpVfY03Ra2xXs6OaEVo7m5SVO2q5NklS7d8AVcYS25oN0ZaacVbQnthcsNvNBCbeo4KNJq1gBQm3N236V6Fyzi7T9hLepS27XfCJ1ZOUHBJpvNrsBUoxS3Rk1fZDUpON26GrUEks+4RcnGrWQPTFXcBnRzAUAAADAAGIAAAAAAAAY0Ia4AYgAACwFQDsBDAYAAAAAAxAAAwAAAAAAAAABDABCGJgIAEVTEMSABDEyBSPjPi7Wc+vhpJ404fq8/6H2Tvsfn3jev8AxHievNO05NL7cL9jVeX3PRsfdn7viHm21HzVYJCm6lRUVauzrD9hHCkMEsAwzBDEHYrqfPBPI7/MK2kCY1YNAkwq0XF9iFZSKi+5fYzXPJaZpEzpmEo0dE1jBjK0/UjVZZ4Fx2KtCbRmWgxOgqw+5Au4uQaEA6GsCQcoDRDTohMtBJUnYCRRUAAAAAAAAMAEMACAaAAkmgDL4CvUMSpZDont6icfb+4lgehS6yXujGTh83ro3htH4dySVypWwVJJ4SviiU1i0cviOvKHQzksN4PO/G8y2j1Gho9ZPUerGsYVvsvQ9/ofFuj1bXz4Qb4Womr/ABqjy+h8LjqTlUNunF7Un3a7nv6Xh+ltpwTXujM8vR7NZ9TBpW6b4vucXUaiadUPqei+TFvp3s/3eYv8Di1NS4tVsmlmKeH9jEnEM5SbeOTOEHLW3Nrjj3CE7dhuztnFV2o6V4cL8rWxzcWuVyhtpNRg5NyWM4ROk6u41zWDTyxVpc+hpzXDGmrd+rY0lpwdV9hbGr2tWlhBqqXy8UpOsog0UZOKuSvuRrRfzIO8PlDUmpct1x7mm2Ta3VgAVt/7vZpl7bvytuJMn5WoKn2Y9OepvlCbSXKAunVLl80LT1Ns1CS8z5HKW1rOX6Ewg3KMpRbbTTYGiq53dX6CeneYt82/caio4WPVewRlNzqvJXfuEXwlHT4vI1LdUn5e2e4sqMsqNZCo6kVHs3f3AqH82Di5J0/QmCvUjWGlmzSEVHU8vCWRRjUm+bwAv66jGm+WWrbr8WN0shFKLpcICdSmmsVXHcapRxwEo7msJ+g1ppt3degEynGPlaty7A4xatK7yVXllS5zkEqgk8UBMk91YUXzfITjui0iJucm4xlJS7OrRtGm0t2V29QEtJLMXlcIUpOKe7Hui5XFZ5foS2pycea7AKlKTuWKH5727UlWGxPTTnmOOeSkne5v8AJ+WtsuM/oJycI78+XCXdlrzKm1dsmHnu0nml9gNd0UraachSTdpcMia2Ok8PNVwPTbWHlVjAClj639kh/L2QuK9xynleXP7Ceo3LZ7YYHpjEB0czAAAYCGAAAAAAADBCABpDEhgAAAAADAQ0AAAAAAADAQwAAEMQAAAAAAFAAAAhNDABCKoQCF3GAUUSyhMDl6/qF0vQ62u3mMHX34X6n5zrS3a1PLbPsvivX+X4bDSTzq6n6LP70fEzv5zaNVfq/Rsfbim/yqcbeUJR28Ie7cC9zo+/vwZLKsToEEOxDqyuhJd8ja9w4YfcilfYaYVkKoCkUuSUUslgUmUiLoFIqNOTOaorcOWeAR4csk7JbwbTiZ0jMukSn7DsTVDRAmyWy6E4oCfxGhOIqaAtWi1fqZW13LUmCYaIpEKRSZWTAACABiAYAABQUMAECvgHQ0gh2FioGGFIIp/wAXDtuX9mSpZqik/wCfoy9J0Zvw8fVV3itH4dsY7YZ5ZHUdBqeIdM+nTW7Uks+is1k7XL/A9DweClrOTbdOuDzvxMRuXt6HTLSgopYR0JVGhqlGzOUvQzLqy6jKPD6/TlT2upJ2muzPa1LPN6uF3ZylqHlaM5Tck41K8+lm0lKMXX1Wgimrpdx+aWGlff7HWvDy25XSkqlVVymOO2NtJpenGAWY3tp2OKTk21Tv+oqaEJWlqXWO5qp5UXz9iWrdJfekZSlOWqquk+AjVTak2o27wvU3btNLEjKKW5KrdcmjabqFbmA1aqNX7+hOlL5k5KaqsJ+pSXmbtu+/YmKlKLTWLw2BvLZLyyeUsMenF7GnJu8GaUUsJOS4suMpTtd4v8wKbp28UqsHBtp7nT4RK14btkqWWkn3BuSW6nuu3XAQ1COpF7s7cX6mySUouuxhCUZzWpBScX2ar8TVam5YWe6foBUt2+O2tvcNk5Su47QhKFSaX3HF3L6fKu4DWZfSqXGQUrbyvsRK43VXLgIae1b3mTWaAcHUbjJ5fcvclt3O28UQnJycdvFOxuLaUlHIFSTlGotxyRrzacYpv7LuPc4x25wuwnVYy12AqLjPRt4v15MVqL+mLe3G59zZ5hnBCa0orFr2QGkpTcksVXrkcX5mrVrsS05StPl+nYcE12WfQDOc5wnlqVvOaorfUW4Z9vUesoxi7in+BMeKUbpgWoOWGrv3EoyhKLcni8Luaq+aIty1NsapPzexAN20rq+w5JppqVJcg4xlLcuwnFNcytlCkt0lNrKfCHqWkpt8dgbjGSV232Jl53t3UqA9UAGdHMhgAAAAAwAAAAAAGIYAMSH3AAAYAAAAAAAAAAAMQwAQxAMBAAwAQAAAAAAmAAJDsAJYxFAAA2FFiYCYHx/xd1G7xDS0b/wtO/xb/wC5Hy8Z3qTa+x6vj3ULW8X6rUu0puK/DH9jydJb4uV8ts6Rw/edDj+n09Y/ELi/c1RjGL3UaqKWEzT2eyuBMCHK3QWqhk3SHYdDBCGVQFiAiqRSZBSAugr0HyFFQ0h8AkPkoiSsylCuDZoloiwx/AX4GkoktEXaBUy37hgi7TVioti9wJ20MHnsAVVFImy0VkDAAhgIeQAAsEwALGLngIEu4J2DAB2O7RKof4BiTja7YGuzXaSf6g3UcMF6EnhxzRukw7ZNNvNNPJ6/gunt0VKXLy/xPF1JJRk3LEvKfReHJLTjXFHlnw/FUrzL01Ly0J8WRuHGRjZopK2cXUQw2egzj6lcmZR47pS/EO9xeXyOcfO7JuKjbTVnSvDz3/UPmrTkotKnxnJfCtScm8kPTW9TcuFx6msH5XLbXsVhENZS0dyaw+6ocZRcW3a3Lt2K06lbcdhTenOKdYsoqEdiunJuu5ajsTjFd8kacVLCxT5ZqnFT5/AgzblB2qUXhr0NJOPy3d7XgG1KXeiZae6DUaSWeeQK0tWTbUIqk+5UMSdOmnbV8mWlBrhZ/qaeLNEpaetSqq59WBThL8WrTrg1i90E5JfmTGMr3uV3xnglwhGFNtpZtvuBrpxkn5nUVxXctqNNr0psyjFRkpJybZpK9yS4fZhC00o6cYJ/hyKDctSUctRxnuy4qOmtqBWm5KUaeVQCqD1VGvOlafoCbjF2nzSLbSz6kxra5d/QBVumtq2yrL7UPVl8rMU3fZMr6likxJbblJqXp7ALf/MWNqrNj1I7pxd0+bQ5VNZQtWlptJ7XxfoAtTTlJS2am2Umr+xUYvb5pdqEpe19rDbJztcAU3KLuL4XAJp53Jd8ehOU6bx7iWjBvYqqqr2AufneyseoKKxyl3b7iTi20kvKqbvgpwaWG3fr2Aa32+67BOCcJLhyVUh5Sr0B1Tkq9gIjBxSt8cerKdtNPHsTDXi0oXuk+6JnWWrc7pfcDTcoSUXWUZy+W21Td5dD33tjNJSfFBJOMk4rnlAeqADOjmQwAAGIAGAAAAAAAxAAw7jQAAAAAMQwAAAAABgAAAAAAAgAAAAAAGIZQmIYmQIaECAGIYigEMAEZdXrLpuk1td8aUHL8lZqeR8TdQtDwbUjedVqNe3L/b9Q74Mc5MtaR7y/P+q127lPLl3ZjoaypRXYnW1fnam2P0mOpenPfHhnX2f0aMeqQ7nq1hfiy1JcnFDU3I6IyuJNuUtHOl9yYpP7mbblOuyLSfJXSq7zkpENMdlaUAk7DvkB2Fh9gCgpWT3GFaxZaRjFmsX2ssIoATHgqFVksoTQVDJotol2RU0hUmUIilQqKACXEVF0hUgEhjwAAMACAAAIBiABjWFYuRvLAV0x36hQDQYJACdBmSkm3yOPld9xxSrcxPLDnbzDo1IRa0EkrlNf3PpND+XpLtg+W1dZQ0unm3xqV+jPodDXWppr7I8d/Hh+Ry4+y8x+XfLWrTv2DpOpWtdZSdHD13VR0ulcnKlGNs5vAOplrdDp6jxv833tnLblFdvom8YObWXm+5vCW5GOtJReUacZjTyNXyzbZgr2bpzx3dHV1DW/8TjcW3c/NfZG68OF+WqjFx3NccepW+MouOY/chamUq+yClKfzO6xVmnNra3YdS4yJacsKc8J3SBKLjdU3lJ9mXna0mm+LZAOUo6qr6ayqLxTcbz6Czs4yhwheNiiu+AB4hsjcu1gnLeoOPs2XTU6WE+UClKeYpvsgNVPbNKscKkEnNNpRTfZt8kKUZScbdxptehdqS3TjfOfRAUk0rWI0sInTgm29iXfIWtONcXwkUpOWYuLoIclqaeUty/YuS3NSTyS9TUcHLasd7G7UVJ/V6JcgJ73hxab/Qe6CltcW9qxgcHv8zjVdmu5k9eLqUoyUpOuLA0jL5ik35a9VwUmtyTjaayNqGpp02khSltVSzlcIAlCKeMWaYVNU/SyZ1FuTeORRlCcqUm/sBVUlfPJnLVpS8jpeuC9Sb8u1XmmNpNJNWu4BFbk5JvjgNzik26CbS4jdOvsNxTuLVuu4Ezk4LdW5yeEOCxHcsruJwklpwpNLuxy+Y5qEaSq2wK2Ri24peZ27G9RRtPkUvJFJysxcZz1FKLS24+5BpFScY23nORQg05puo3iioy3qMqY5vv7FEuKU/mJJ9kE53wm5J4S7lUnxx6GcNJJ7pS9sdgBTWopfL5jjK7mkbTXDxyKGnHZUJcWmVH6WlafAHpDEB0czAAABiABgAwAAAABAADABgIBiABgAAABYAMQwBiAAGAgAAAAAAAAAAABAACAAAAAAEACAD4/406iU9bR6bS5hFtr3f8A+EfYM+A8c1/neNdVLspbVftj+xuvL7Po1It1PdPs8XT05xaerpLnlC19LTlS+k6Iam5u+G7ROvBfVR1ft9y4ZdPqQylafoVCTUXeKO1wUtHGDNqqjJWYmHGzGPljZSkVJxSzH8gWyXDaK1ClbQbqfALy8TQSf4/YNqTTXA20yY4eUxpOyh06FZW11Yu4UXgZINtdwNFjJcWZJ+pafsBqpWNExoujSDICRQEtENGgnQGYqKaERUgMRFAAAQqHYCwAxiABgAAA6Yh2ABbAAHu9g3Cpse19yoLsTzhD70h0kRmQrfshp0+ACisSWrFTjpx/+Kn+kj3Ok03CCPG0+Un2dnsdNN7U1wzx5o8vzvX17cm/l5vxBqakulnoaak9/wBe1XUe7PS8DlBaEEo0lFJGSV9Zqz/yxS/O/wDQjQT0uunsltg0nsSqrOWvG3za33ftfTxlhGPUU3ZMNR/JUrObqepa05ZzQmWZjy5epfmTXqY6m9xi4tKnkcpcbidylSi01ecGqcPLl5Gmnsk2k3eBvV8yjsdtWnQ1p4fdPsPTbqW3k6OSnKTjTXKyaxr5ab7d0KMU67eo8K4tY+/Yinub+mLdlwlcm+KwZafmgm3WcUWmlqbnVf3CGnFye1VK8spqe9TjeMbWRBNTUk1b5vsjVStu7VcAGrJw2LFyeXRelDnc+eRJrG5PHdjc6l9TrhKgKlF700k/YcIwgmoJVy0iIyfLdN9+1GjhK3U6TXbuELSlh2vL62acZzZOliCqOOxTUpVbarmiCq3RknKr9DOMU922Tbjin6jUoxk058rgpXFN5k3miwJh/LgpSik3lr0Li7i5KneV9jKOlvtzblFyumbKMYPPPuAJPO58KxJKGk6dXkSlVuUsN4THptzy3juJC2xmnGLqVVjsU4rSi3WQThe6DzfI5SUtRL1IFFqVXVLtY5U1baUiFFReKefyL3RjG3Szh+pZEamINpu/QSlFSSalu4Q3ypJ1JZolfM+dTqmrtEDi9SMvPJNO/wACo7ZLy1Vdg27aTe5x7snTi9Ocrjt3PH2AvTuLcPTN+o/lqdqS8vuTKdSx60aXUduQE9BPSextNu3XcNLEWpW3foOEnBLjjgz3Nxbjak1iyi3cdS137A15k7uufuTO1TWHhWW5ZS3UxsekADOjmBiQwABgAhgAAAgAYAADGIYAIYqyAWFi7joAAAAYAAAAAAAAAAAAAAAAADEAA2AnyAAAAACGwJGAgBnD1fgvh/WuUtbpY75czj5ZP8UdwFbpktjndJ1L5XqvgtJuXRdXXpDWX91/oeR1ngfiPTRfzOlnNJfVp+ZfofoAixaYfWw+s9TTxb7n5il5Gqpownaf4H6T1fhfRdd/0jp4Sl/mWJfmjx+p+Dum1P8AA6nU0/aUVL/Q13Pr4vWcF/17iXxifrkhrbLKwfSavwf12m70tXR1V93FnH1XgXX6K/mdJNr1h5v2LEw+li63p8kfbeHkUn3aK+XJK92CtTRlpycZJprtLDLj9O0u3si0THgRlNR4se+DSclyTFcovY6aLtYNKN4k1+I2ldX+hnVL3Dd7ZG10v5cr5TDbL/L+pG6vUpSw857ENHtpcP8AIEzN77tMqLksN4+4XTSLNYuzHe5PCKc1w1+hds6bJe4Ge5J4sqLfZ4NJpVC22gUht45AhxdEuLNU77ikgu2NeoUXt9gcaJpUUBWxiaIJoKGJugoFYLc3gpKvuAJeo6GkDoIl4wCRaoLLoKvYaFdj7DQBO3wPIJVlhAo0NLJLkwUmGZabRVngSk6GptPJWJOKqSbR39L1Eara4p9+yOHdkXT/ADI6kkmqUsex5c/y+L6jTiz0o6jhPWks24pGGvJw6/TbbjujT93/AOGPpIfMjPdedS/Z4R0dSlJaceU58fgzj/K/P1n+K9PRt6SzZydXiSXqzs0vLoLB5/V6ietd4imcne/LKbbTq/S0VCMk7cboUVJ6cXSdZqylqTSSaXuzvWNQ8F53ZpcnG0l9mRCcUlFJ9+EEXJzi4xwndmkvLFXuectIrBQuM7UXnm2a6klCLteV8sy1Gtr2Zl6dzRSk4PGX2AULuo7dj790XTXEl/oKM7jaV9irjHzNL14AuFK6jW58+pfy0ms84MfmKUHOGVyXpai1EtRS8tAU4qEW0rfY0jS7XJr0Jk2pW1h9/QUn7Ku9gXhpKUfN7A5ScpOm9vFPkFK22/qfKFC5tuOKxlBGsJ4V2vQSaUWk02rYRUY0pNyks5KjBb27w16EC2uce9ru+5S3Rirz60TJxikkn6Uh6cZvc3azzeSipzUIJ93+g1cGre778kxct7VLb6tck6m7yuqk2Bo1Ft0lYQjJRcm/wJjpJyU0s1yOe6VRfBFOKjGm0k3+oLLv9GG3c03hL1Iem4tT+qVVfCKi3GCflrIKnsWLjyqFC9q3ZfsNyubhHD7vsBTcYJyq2u5nblrKUU7rvgqlp6jd3ayhyap977AU2k026bf5kzjunuk+Hgq1J5XAYyyKz3eWNwTeLLe6Ult9coU4yTbVUw004yxJP2CE5L5vNKuPUeopOK2NRYJKb4VpDilu28NZAccQtvc3gidSlcovHc0mlhQSrlolvyZVAeoMQHVzMYgAYAAAAAAAAAMaEC5AYJgwQDEhiAQxNjQAMQwAAAAABAMAAAAAAAEAAAWADEwB8AIAABAHAAIAAAABAAmMQCEMQUmQy2QwQ+I8cnJ/HPh+m3cJQe6L4Zp4r0WnodZNRgoxl5lWDDx7Hx54Y/WLPb8Y0N+hDVSzHyv8Tnfjw9WDNel/Ey+behF5toHoTXdS/Q6dlBto5RltHu+tT1DqK++3DPRl/lf4GeyS5jJe9HoSTE0b+vZ7K+sZI5rDz3XYlM9D5afKT+4fw+m/6EajP8w9NfWafzVcKkV/Sdb6PSfZr7MP4KHacjUZqu9fVunnnbjUqwUpUbavSasVemoz9m6Z53UdZqdI76joeohFf1JKS/Q6RkrPDtHqHTTxZ3KdIe9s8qPxD0HZz9LUTWPxB4bdS19r94s3Fobjrenni0PSQ1G2ccPGfDp/T1el+Lo30+u6Wf09TpP7TRruh0jPjni0Ojal2E1bJWrpy41Iv8SlJeqLuGovWfc6pE5bsq16gNtRKc+o6ruS3TKT3LJVS23wgULdySLVJA1YTaWklVE2vT9C0sCljhEUm0lwRabqmOm3bLSVBUVD/wAMKj6lcBaXKAVRXcl0/wCrI3KPoLyehNikqzYZfdGcpIV36jZprWOw1FmUV5uXRdyb8rpDbMwvY/Rg4tepC1JruHzpr3LtmYWmrpm8NOL0vmQtTvzZ5OWOvcm3BNfYvU66HSdHrayjbhG1F92csnmr5vXY5tinTtjr6PTdFCerqRh3purt2adH1vTdZ1Cj07lPbbba7v8A/B8b066rr9ffNy1Jy9cs+p8J8Nl0b3vVSn3SWPseWeH5imPVu6X0Mmo6WTyNT+bqs6ur6lLSavNHHBYg7y+TMRtMttQ0jvWZUvYe1Ybt/jwZtyep5u7wi3GpLmvY6708fLSGpJ6lNKjSU21UctGcdt4TVorelBuVV7hE6b3ScaW5vNPg13KOOM0Tpy09SLnBpp90NxUpS3KklywGnqPUbutNcOjRzVLak3frmhRx5c1XI1FRaaftQCjuVzSik+zNYVFJNJL0XYUFtk1ar7B5cOEVUnnAGilF6lNu6E9/H1Wu2KG2oyb2+32L3pRXmAW1aiW11JZJbnpvdSavsyoVuUrTvuStVQnnRl62EaQctRuTpNriqY9OVxcaquWEpXFqnT57UNNKO1xW1rABFVJpRqKyn6lS8kG1dvnIRbWJbUm/LRSlb2tq/wBiCVpyhtSlSXZjaexJ3K32J1XcPLeVl+gpxlKHkm4UuSjXTbW6NV6Dvbe7KfGOBNNtU1x3IvzVLDjzXcmhrhRpilTzfHYWpmKqlJvuEm4yi0rXDoBLb6q74Q5+XMU23zRPkjqXhdxRWopScnFRb8vqUGlB0m8u3d9i7jKbgo13HBNNv+prKvBSqEa572Bmm5Jt2nJduw05SpOOezHFbo45eXbsdN7nhUsEBxw7cn+BDhKFyioRl6sam9sZbK7UVqJOO58rm/QCIN7U5JX2cS4q5JydWuCW01GSlV8L1JktTfFJuu9LBRu74TVepnNKdRw4p9wlJpUlw0iG3JS2upEHsDEM6uYAAABiGAAAAAxAAFIkpAAIAAAC8jAVDF2AAGIYAAAAJB3GIAAaQMBCGIAEhgkAUIfcTAdgILABoQAAAACEMQCAYAIQxBSENiATIZbIYHw/xAv/AE48Lfsz6vW0Fr9NPSb+qOPufKfENr438Kf3ProO0ZlazqXy0o02mjNqj0vE9D5XVOSVKeV/c4GjyWjUvfWdxtk1gijWSJSI0lItRvsNI0UQEoBt9jWMTRaZRgoA4Lujo+WGzBYHnT6Dppavzf4fT3/5tis4uq8C6Dqrc+njFvvHB7coGcoYLFpj3TzL43rPg7RlnptZwfZSWPzPP/8AJLq45+fBV2t/6H3mpDBy6kDpGWydsPgep8K6no355yX+9Tr8zllq9Xoq1rScfWMz7vW007TVp/qeXr+F9JKW75Ki++3CZ0jL8s6t7S8OfUeIdLowm+q1Fv4W54Mv+XPEoV/zrU/Ozu8c0/5EGlxNL9GeL9y1u7RbLr7bS9GHxL4lx/EX94o1XxF4j/1y/wDtR5ej071dVQ0/qlwjtj4J1cu1fijfdDP+J6qPHdLqh8T+JR/qhL7xNo/FvXL6tLTf4P8A1OReA66Vyb/+lWYa/hs9Phy/+qDRYtDcdd1Vf5peqvjLXT83TQ/Bs0XxinmXS/lP/uPnY9Fr62otLThvk+KNl4D4n26aX5ovc6V9S6uPd76+L9D+rp5r/wCpG2l8U9Nquo6Gs2/RJnzf/IHin/6aZ7/g3gmv0+jevp1P0MzfTvX1Tq/d62n4jDVjfy5x9pIWv4p0/TQUtbcot1aVmkOiaXA5dBHUVTgpL0as5/Vl2j1XP+HKvFuhm7Ws17OLNI9X08/p1bX2ZsvDIr6dOK+yLXh3tQ+q6R6vm+IRHU03nei1LT/zIT8OlRm+gkPqy3/m+T3rDVOL4l+pSwuTll0M1xZlLp9RPl/mPrNf5vPvV3Ogo82UdaHE5fmeL4h4l4h0fWOEOoltaTSef3N1y7dK+rUnmr6+MU0RraD1dDU06+qLX6HyWj8SeIxfncJr3jX7Ht+F+PvqtaOlPR2yfDTtG++Jdf8AF48tdQ9jwHoV0a+dqpNyjj2PWnqrlHmQ+dKtqde+DqipKPNs8kxMy/N5Mta7iCnGU3um3jsWr3VJrbSrAvLDMm23i2VslKHmptZSNxGnhtabcnpyhulJtVHFj1JNySXZkxjcc0u7ovO5bYqSfcrJ6am2r2tR7mrXeOfvkmSpRqucoItPcsxUfQCoQmqlacfRLuatWsNr1MIpLTUbcbdmqjbj5mkvzA0i41zZTabar8TFX8yk04NZZt5ZJXXsA3tTWUr/AFDfhbVWSHFS+p+Xt9x7oSjsp4xjlAXFpO5SUfw5KTUXcYpx/qZnKbUU+U3j7GsZRUXHNt8UBreKS7YdCpSjXP8AYlailcHhx5KUt9ViuxEU1FyprC9S2ko3VtI5tOE1rJzk/Lx/vG2tJuDUK3P1YBJ6jacdq9n2B2ptfrXciLirn6fmi7U3vjqbvRdijSLi41FPnJDcm9qtZzkepBzglupvuWklmrlRAo6id1zdCbTnVJ1l2KOlTUop5ec8Df8AiVTqrAW9OXDdZv0Lck0pxlj9zPTh8uU4tN784Fq6ijtTW6L7oCdkJyc23nlPFm8K3PPCWCHNSUknG6xkNKOoobZSV3dlGrSit1fl3FjEZJr0Bc1KVtcA7TuTpehBajt4ViUbi1Nq3zRK1G21taS7sakp5TTTWApR8ycUsL1E1Gckk+2Uikqj5c/iEZUnaV12CFSxa+nj2HTVXIJPyrdS9bZM5JTXFf3A0v2X4A4Jx9M26JWpbcPQW7D3XcctAeqMQHVzMAAAHYgAYhiAYAAAMEOgGJjE0AJDFVDACe5QAIYu4wAEAwGIYAIABgIBiYCaEMOAAA7gANCHQmAAAAAAIAAAAQDEAEsoTAliGJhU8kyKaJlwB8P8SY+M/Cfuz66K9z5L4lX/AKZeE/dn10a2qiSscy5PE9H5uhaXmgrPCao+n1abo8Hren+TrNf0vKOGSPd6cVvZxyRFZNWsEPk4PQEkzWKoyjhm0Mso1hGzSKFHk1STQE0JxNVF0xJdmUYyiRKKOhkSiBx6kTm1Y2d0484OXVjyIHm60Tj1EejrLk4dRZNMy5dPQ09bWcdaCnCnhmWv8O9Jq5g3B+2Udmiq1vwOiMnNp42ruda8MzltSdRLwP8Ayb1dHXjqaOtCThJPzWj0tOFOmuDtlHc/90xlCtV+5Lwv1ZvPk46d9jWGiy9GKkdenpnPbTkh0sXPdsV+tHZp9MkuDfT01XB0R0vYbHNHRrhGkdBeh0x0vY2jo44CuKPTJ9jWPS+x2x0fY1jppIDiXS3WDRdIvQ7Y6Zez2Kzt5z6RehD6NPsek4U+BPTfZEXbyJ9El2ObV6PPB7r0m1wYamlXKCvnNfpK7Hznjfh09Xq9D5cHKUk44X/j1Z9zraKd4OF6fy9V9m0arPla37J7tPlum+FZ6mdfWjp1zGrZ73h/gnR+HVq6cJak13l/Y7WouSUkra5opTbbSeF2o7Od+qyW/Efg5NRSlaQ4qMr2y+9MdJrzrPYcYrc8IjymkuHdvKTKimrV9sGatTxNL0x2KnPbqbtyr0oIuFVRalBJN4ruTpzcv6MevZlWlLGfYB1ujuUNz/I0035fpd33MtHUlO3ODhXa7Kc2lu3YfFdwLnCLad59LL08rzKnwjGWi9ScHN4jl+7N1Pyt1ddkBnqNbrStpc8I3hFR07kla7kLbuScmtyspO3Ua+4C1NVbWoxk81aL04QUVSeeXZMXypRrtnuXFLt9NAPfCpKPm2/UhwuST9fwoFBaScowTHDUjtwmpegQ8Ju06jSv1NdPa1ui8P0IipONtty7WXCEopebtkSpaiTkkrVZtFuF6cWo007qycpW4tFQacdzxa49CDJ6Upa2Go6a7LuzTT04aSe2KUSFUVW3ao+5rHa0844CFGTk1Ucf7xcfMnaazwxQWxbVbrLbEpNN4fm7+gU5vauaoNzpJpWxWpParfqObUf6Vt7thBGHkd8y5JceEqe1dxxilO45tfgU+VhV3sDKUV81eXcqya3FLjkW7zbVG8/kOapNwl+AAk7T3c9iqak21foTp1tjfKwXKW1JeoC3NRUm+XXAKKpbWrTJnPY05R4+lLuLdUb+m3w+xQ5S+VONf1YKuMtSrd80hJrUalf5i4TUUlZA9TGFG+6GoRbUnzHuEajJJttpcjTq2392Aq8u5Jtr9RwjPY3LL5omW6c3FpuD4pjrZJctS/Qo9UAA6OZgAAAAADAAAAAAKQBeBWBQE5bK7AAAAAAIYCoaAAAAABiAAAAAAExiAQAAANCABiaB5FwAUABywAQ6EAAAgAAAAExiYEsRTEwJIlwWyHwFfE/Eyr4v8Hf+8z62HY+R+KaXxZ4O/wDfZ9dDMUySscyWr9SOPxDQ+b0bmvq03f4dzs1OUOMVPScXw1TMzG2qzqdvl2nZMlyba2m9PVlB8xdGT4PJMPdEofBtpYWTJGsEFdEEbRRjBm8ciBQONlIYGLTXBEr7mzVkSRRhqI5dRcnVNHNqqwODWXJw6iqR6Orizg1l5iwkstFfzOOxpJPChSRMLUm1yVbcqpv7HavDz35VFfgTqxwpclNtYY29+nhYaE8JWdS00Dv00efoHpaKOL0w304+x0QjjgjTjaOiC7CFOMe5qkJIv0AaLigisGsIXkqScNOzVaZUImsYpqzcQxLH5VcgtNWbuInFl0kSxlpo59XSi1wdlGc42qZGol5OvoYwjyupi1K+6Z9DqwtM8jr9Olu9DBPDztT5rUNrW68ujVSWHVsicvLuis9xpxhG65O7yNHJ2rVJjclBbYmbXzEpNYWeRqactqfmAcIp073L1LrTg0msMUYyUrbWeUgjqRd0281nsBVqMqVq32K05SVrYlXFPkeZLdlY/ISUYNSWa9QBWm2o03ykawi3OOFX7EwlvSk47b5suMKe7bbXAGsYur37vsiPl75t3KD49LK0nN5m4/ZdhPdKTpLZ+oDTcae280aKXeK49TJztLb/AEvtyaRpytprvyBW9ak1FXVZHHL22/KCSX3foSpSg3KTcm8JUBrpT+Y5QldrsVGMN0leW/yM8b4trN8l7fOpXdZAtJQ+lZk6KUnHG5S7Icdtv/MRJxuLaa835kFu5SecrBUmlGuWyZSk35ai3i2XXmvARMo2v+LnBVLcs8difmbcN0uWgUX83f2dAUpyab2tL3BX/Ul+IXKM3bW1+pUop8q0wqH/AC4ymsNrK9RxgpxUnfrV9xv0TSfZMUJKMFFvLvAQ4ycUopfYj5jcnHc028L2LlFb03yl2FKCk9yityxYC01Vbm90s+xrsrc7FCl2+wb3KOV7UAlUUknlvApKe1NSz39BKMNRJvDi8FryRaptfsALzNJvCEnbdLavUKvPvgbTUWm1b9ACt0U1W2g3RjS2t4yxacv/AHbfHsVUpV2iuQJjqLVjLammnWRu4xSSW3iXqKpLUd1Xqi3FJN3YkJdkgm5Rjim1xYaaadylz2HGMZyqTXsFeoMQzq5AAABiGAAAAAAAAMQ+wACGIYAAwABiABirIwAAAAGIAAAAAAQwAkBgAgAAAQwAQAADQmAAIAEAAAwEIYgExMbEwJfBDLZEuAr4j4r/APanwZ1/7w+vhW1UfJfFi/8ASTwf/tT63TrZgkkcynU5RWnwydTlFafAhXjeL6Ozqt64mr/E4Gj3fFtLf02/vB3+B4TPNkjVnsxTuqEa6Zl/UbaZydW8eUbQXBjF4NovAGkWNkxyy0UQ+CJZNWjOSKMJqzn1Don6HNMhDi1kcOonuO/W4Zx6iyagYJqNtukUvpb4ishSzfBKltTV8dqO1eHmtyuO2V5tcj2uLr8iYNSW5RobUnUX27lZaaOJUz0tB2keWp/zFikj0unlfBxtGpeis7h36Z0wOXTZ1QI00LhlkJWaQKNYJUdOnHBjBHRHBqGZVBZNYr2M4q2apGmdh+wnwVihFZ4Q16GUzVvJlMy259RKuDzethu05fY9PUxF5OHXVxd9zCvDjB7XbFGTU9s2qSxIetPZqPT9+fQcIRnpU+HzZ2jh5p5NeWO7Dv1fCKUbimkr7exmnFy2pUuxq4vbjlehWTh5eU1J5Ii5RclJR28Uar3fBE4OXDp3dgLRai8PytUlRtHzNJxpSdqyIRcIqs/cv5ik0km/VtAE4J1JNV3fqax81K8LFIylFThHTWL5SNq2pcWu4FrdttJe6CV1simvRh5XTf1LmiNRzdSxGOLsDWG5Nrn3Jji781ZfuNasZR+wacIpuccOSyBbn5nsWErfoJT1HGX9L4QQSpxV5efQueI+ZJ0+wCkn8utzUn3o10pzrzUtq5RDbksyx2tFQc4wdNSd/mBck2nd2vTuVPdBxqvezOM5t1J/Tlqht43W37egRom5TUpLC9uRxmrSUki1JTWawsmOmnqbq2qN8+pFa2962pNPl2NYk32Jfk09scFRUnFxdYwqKiZKOrF5qKK05xWmqdrs33JhGMVJJNbcO+5cdqSUaIMpuXzHLbTapNl6LU9NSUar1HKS3O3dcBb27XeayhsVcVbFGK03Jt0m7r0FJbYuSXHYptbU3wFNtWkqz3JV7pWqrCElG1KKocZKbv8ABhEypJ1HLXbuVvahWLfA1GKwsV6ie1unl1YCUZNbXJW/0NJQlbfPsZSe7yptX39DRvOzvV4AylacN3ld8Jl/MubjVR4tdx+WNLmXZmbjJ66l6LgDauJXS7r1Fq23HbKlV16lRtxt4JlODpPH7gS4y1dNKS23yFNTjXCRs2lF16EqSim5Kr9QPUGIZ1cwAAAwEMAAAAAAAGhkjAeBkoaAYAAAAAAwAAAAAAGIdgIOwAAAAASAwAQAAAAAAuQoENgIAABCGAAAAAhWMkAEMQEsmRbIkFfF/F2PiHwZ/wDxj6uH0nyfxk9vjfgr9dej6vTvYQjmS1Ow9MNTsEO4hRrQ+Zozg+JJo+ZaptPlH1B8918NnV6i9XZyyx7u+GfZxv6jXT9zNlw4R53ph0x5o2iYaeTeBGmsS0Zx7miqihMym7NmjKQGEzm1aOnU4ObUA49blnJNHXqo5ZmoZlzyREIPdJWaNPmhYi4t4k8HaOHmtyqLqOa3ehUZuXCwYTU46m5JNI0g1h3zkrJym1SSz6Hd0s/Kji1E63f1fc10JbXVmLw6459nr6Mjr02mcGhK0d2kc4d3RE2gvYyibaZYZltpruzdGMODZGoZaRNEZoqLZplfYTH2FyVEy5Mpo0ldmciS3DDUVs5NZYaOvUOXV7mFeB1ug56j2y2t1REYShDasnV1i/mXV0cMVKap2rymdK8PPflrVyVpV3Kckmm7XYz003Ucra6bNcvEs08GmFVGTco6jVYZcVFqnJ4X4krTW/c1lqi9vmtYYCtKUVWC1KnUatkSmtPVjFptSxuZaSxmneEAJ1mVbuC5KNqMryKKTkpTS3cGkqpJpXICZYTcVb4HP/D35dGc9zlSgpbarJvCm6dX2VgJyi4p1jlj3bdNScnK+KREYzbkpNpbsJdyo6kpRUXGprlBGunFyinOlfKQ5SjvUXd9ibjFW3VjUZWpO8coKvbDfubdtVRq/LFbWvYw3L5cmrTXqi092mm01ax6gaNJ3JLzVlIHTjtk9tijF7vLJxzn3KlJSbvDWLogKkouMGkv1Hp4tpNp/kKL8jae58Y7GkZKUttXSAe1tO5Z7BxFNXf7krErbq+RqcnLF4dZAHGTlK8qSqgek/Wrdst7tqk0KLVX9QQKMsXO13wOk1VvDv7jabVJ0SlJ6bSd3iwJcm5KNv1Y5ypWlfahZ02nJKqr7Dnlbsc4TATe2G2PLwvYTuEVpyyq7IcdyUpY9aLg98VJrIE+Z84xkcKmrvzVRUnFLPL4M7UJOUmlu4QD2VL23YspxTlbJhJ7ncWq49wc5XTWHhMC72v1XoaOsSXdGUpqELlh3RSrHsBS+l44ycuf4h6ri1B0lfJvqva1JN0ua7ihJuPCjnI0Cn5HJvF8F88q0JNtXdLuioTuWyKpruyj1BgB0cwAAADEMAAAAAAAAAAAGIAHYxDABioYDAQwAAAAAAAAAAAAABAAgAAAAAGCAAAGAgAQDEAAAAACExi7gITGICWSy2Q8AfFfGi/88+Cv/wCZo+rh9P4Hynxtf/KngsvTqUfV6bbVkWOZLUfA9Ni1OEVpVTCmuDwvFP8Apb+x7vY8DxSX/nBwr+i/1MX/AEumOfucbWBwExwPK9jeDOiLyjngbRyRpsjRNmcWWrAqzKXJo2Q0ywMNWjl1Tq1MnNqJUwOPVyzm1Ms6p9zlmjUMy55trhGStzepzjCZtJZM2qiztHDzW5Vyk1hPkm29RY4XJUU1GKvjAW22l9S9SoSqTc1my4JKpImS2rGPWu4kqi3FZbzZJInUvT6bUs9TR4R4XSalSSZ7OhLjJx4emJ27oG0OTnhwbwfBqCXTDg2Rhp8G6ZYRaLTohD7mmZXyUlRKsYREzNmsjGdrgS0xnyc2qsHVOjl1TnLcPI66LfCv2OJtr6I885PR6uNK/Q4r8sm1w8L1OlJ8PPljyUHamrwVGcYtRclbRLk4tRcbsUJNyt04pYaNuS20ll3KOVastS+ZptxxLt2MtOe/6k4q6SNIuE9zUqa7gXHTSe+WZLuzRRTaeGlwYqVW7v0HDUbxlbrpgdGJNJrgaffdTMYzlJ+V+ztC0v5blFxcm83yB0baluay+WgS5lTq+3ccXdLP2om1GTUct9kBcW2/qTvj1Ktw1Eud3Ji9RRTnW1Rwa3ag/wCwFOLtuLv0Vdym5boxWV/U7M5T+Vcrw+3qx6csNVtSfPqBoqnqJOWEvQ1Xld2mzLT1I0t0Lf8Am4HCSU3UuXkg188pKXtmvUSctl6kNqXCsabtTSuhblNuXC9ALioqLVbU859S1J2vKm7rD4MordG5ZNIVqaUnGXHAQ5QbcpSk9tduw0nGLbdpZQlmFSblbKarHKfa+AqU3OqlXqXvUWo1foQluW22u9EznsjSy7pV2CNZuk6eewlSVL8iIxabbd329CtrjS3YAc6em3h0Z6cvmqM3hVhe/cqKXm2vbWFi7FJVBJKs0v8AUAbcJy2pZ4TLcpKSjtbvuuCZU4qXFYRS1FKDafHcKiVyWVSTHP5dK+Yq0Ef5kWm+4mv5iikqoBwy1Jyr0RlqRU+o/q8q7PBrCO6cpSilTpP2FqJS1Iwa5fIRqotRV5JaluTSW1c2id8oTqTtdlXBS1N09lMC0mluk1x2FiS557ibu1VJcDWnaTlJ/ZAOLcZVSS9hKVytPI6p8t/gSoNW3K7fAHsgAHVzAAAAAAADEADAAAAAAAAAAKRJS4AAAAGAAAwEAAMQwAAAAEMQAIYgAAAAAAAQDE+QAQxAMQAAAAAITGJgIQAAiJcFkSA+L+N3XXeDv/5pH1WksL7Hyvxsr6zwh/8AzSPqtL6UyLHMjVDS4Y9XsLS7iCVHz/iX/rV/9n/c+gZ894o68Xiq503klo8NU5c0uGKBUsYJWGeSXuhvBm0HRz6bzRvEy23TtFxZlDk1QDvuJsaIeOQMdVUcupxZ1yfJzavcpLk1DlnydU0c81k1DMuaasxWXOE5Knwu5vOkZSq2+HR2rw81uSjVJZVPllcNuKv1CNU1dgpJptLPuVEyl64S5NEuPclbU7by+wpuWKp+qYRcJOGrlUe10s7ijxGr4lwuPU9PoNS4rJztDvjn2ezps3g8qjl0naOiGGSGnVA3izmgbwbso1TKTIXcrkqNE0UTH3HZWSfLMp8G1GTWA1DnmucHNPJ1TWDmmss5y1DzesT+W65WTzfqaaxTPW6qPlfueXJrs6ZujllS4uSe6NfiTpz3PZST7ouTdVW4bg1HFerOjic4J5tKu5VRcW6rdyTpyU1adplRla4VO+CBRThFJK0sUN3W7zJc8cAtqSWEnwhpKCbptt8FRfzI7U0017msfM77ehlp6W2+2LS9DRbq716oBt7UnkIyWr57cXF0TJOUsXRUI3UduPcC5JbUrWXbdcjnO1uVNegmpNbY/TwwjGK1EpXdcgOdTUU3hPhF/LqUZO6Xawkoxbf7IvTtQT9V3QFO5JohbnqVKkqx7lO1Tg+eWZx0nBqak5tttgbRtajW7FcF6eYq3XsjHSk5Wpw2t9y3KtRW2vRERs0owkv6O6oUYuOEqj2SFGdzSTcs5Lck2nnDpAKPzNkqVVwvUp3tT4fuWpSqqVEznHct0qSX0gEJbpSjatVkU43LbTrm/Uxi1HdNRk5PjHY6Iyk1fF+vYDPqN6gnp3u9PUINYUm/LzkuUpKKqOV2J3Rem5KNylnaBUZWk4bXH1HW5PsxJL5bqNNrKQQc1PKVfsQOcUous44fYjShUafdZNH53lNU7dkvanefyKo+n6bwVNqtzxgW6Kbk3VhXzUmoYvv6AJJOCcXlZKSpU8+gmtkm3W2uw226UFdrn0CHpuLVyptMWrd1X2onTScN0kk3yi2tzV9iBacZKNTds0S8327EW1JJMd+a6yBo32SJkm51XYUrdO6K+l5eWUeoMQzq5gAAAAAAYAAAAAAAAAAAAAUhJDAAAAGAhgAAMAAAAFwAAACAAATGKgFG9qvkYAAAAAAnyMTAAAAEAAACGIAExsTAkAEwAiRZEgPjPjfGv4XL06qJ9ToZ04v2Plvjf6/Dv/3UT6rRxpR+xFgaq4J0+5WrwidPuIWV1k+f8Va/5XjHutO/1PoD5bxpr/lxKTpfK7P3FivIllk9ypSUnaZLPJaNS91J3DSOGdEHg5os2g80YdG8XnBrF39zGGDVSAqmuSZWVdkvPcKynlUc2oqidE+Dn1OGUcszmnydM0c+oahiXNqcoxlzukvNVFdTraenqQ05OpTT2/gZq1F7nab7naOHmtPk48uVUPKjXccVujS/UXEVi2isphJqKUsZNJN7HgFFXb4XA1G4vt3AFW1OqkdXQTqbXucl7U5VdLHubdPKtaLqlJcGbR4bpOpfRdPlJnTFnJ0ruB1Q5Mw7OrT4NovBz6bybwA0TstcERZdlRosoqiIvBa4KhPgiRdEySDTnmqObVR16hy6qMSsOHqEqdnjtVOVeuT29ZWjx9VJNqrd+tFq55Y8EpRpP1BtbGm/u0Q1KlFVFL1CMKfFfsdHn2IL5entt168msWttJppdzNTamotVffkrVahG8td2BWppylHyyzdq+xUG5pp8LFhuk0tsqXr7Dg/M4p8cjatIykvLWaFGahF7vKuB5u06S5M4z3z2uOPsVGkIzlqZf8ALrGDRtxkqtJcszgmncm3XqX8zcmld+5A5VKLlB+aSwy9OW3Tinb7WyJW1SNNKsW2/uWCWu7av9O4RlJvdJbfaybVW8lKtlugHGSUt1rb2LfmfsjF24qmpNvFl04pRUueyAqKWWni+xX+Itr59ghpxi7TpN8FXtTm1jtRBTWyMmquuSNHTqSb7x9S5NSWY4ZKU4zVK19+Ahzb+Yo+iu7BPdO2/KmOSt74umwSjK4SXuFUp75JQS2+6DzRpOSd5eB4hG1+xEXjNpNcMCovfUot1eb7i04Ri65p4Jw4pQby+3YqKSt8td32CKnu3R2KrvPoOLUVl5b/AFFCbksLBSUavn+wVnKbbalFp+xLlNzp4j+5Tmv6pE/W/Rrmwimr1VK7jFPBruVqN5olU41urPYiUop4zL9QGppyp4dfmVCaapXRMotzTwq5LjBJYwAJc0qX7hFbqbDmVdvUaVRtEBKk65BPtQnl88dhpUiwHudP2Gpt857MaprC5FT3pVhAesAAdXMwEMAAAAAAAAYhgACABgAANDEhoAAAAAAYQAABQAAEMQxBQHcAABDAAEOhAAAAAxDYgAQMAFJN96GAAAhiAQu43wIBCGIBMhmjM5CR8d8c4/gH6dVE+n0voj9j5n46/wALoX/8zE+m0X/Liq7EWOZVq/SiNJ2i9T6UTp9yKs+W8bhJ+Nxr/qs/mfUs+Z8bbj4zCqzpf3LPBHLJzhFxi5Lc1dewpPB4fjmprdL1nT9VpN+VNNdmu6/Y6en8W0uo0k1L7o896zy9WO3tL1Ys1hycmhrRnwzrg7Ryl3h0wdxLRlB1k1WURuF3gzaalf6FquLFLAGWrJ2qV2c2odM/U5tTgqS558HLqXZvqSrueb4j12n0mhLUm0qRqIc7Tp4vjPVX4r0ulpu3p+Z/i1/oew06t5rsfMdFKXUde+q1uZTTp+ln005ramu7o9ExqHl3uRFu8rF+hTSUrTpURe1U5Y4yXjbSrggE279/Up2qaV/YVpKqz2CDk0nVPugJleMWnii4tRqqwyX5rvtwiowS06eKIscvf6Kdwj9juizyPDNW9NJ9j1YZOb0OiD7HTHhHLD9joUvKUbRwWjKMi0yo1jyWn6mcWWs8lFNkPLLIfNAhlNcnLq+h06jObUyYlqHJqrDPI1lL5kuD2NV4ao8jrPLNu6poV5ZycOWXmjFzhJvh7SlG4q/LT4RUbzl36hFNJxtyfOTq8ockpKpWOWpFxv8ApZMYrfuV+ZVRSjtqUY9832AuDUo0+VzRpDa25WRV3tv/AFG4LUuEnX27AbWpOq59SmoWkv6fQzjB6aik7r/MU7jxhMor5i4bpvCRWnqKaTrK5MHF7k55f9PsaRbSljkDZ7Y7XW5omcqnat0roh6qSXLt19hrzJ8prv6kDjqNuO2NRr8TWDptZz6mcI90ioz/AMtWubAuMVFynTSa4HajFSjVvFMjm7fPNFQbUkpxwuANZakotbVy1+BovJH6sXfsZRTlqNvMewpyqaUljsB0Ur3N3XC9Bzm4xu+FeDB3KNcW80wc0tOW1Xt59gOnduSSWHkmVbk4tOSx9jGE3GVW22bKMUo7cJL8AG4YSfYlaLlJ7n5eyKk5NxymvV9gS3wtO3LhAP6ZJKms2yNtRw3T9eRxllLbt9BvfbeKrgBLUknJqPCq7FHUjaT5fp3LaVpLCrkUVsljKCJnW7be2s/cPrlSv7j+VF1J83Y62zSWLywojBacNiblJkRj5pPhrCZdKTbykg7N3hgS3KVrt6milt72RTqLjhcsTklLdLD7BGilbyiqt8mblFyw+FyXFJrLwTQK81+pVU/pvFkan1pW13sGpvUi4yqN5LA1+lp+qyFW7WEgzup8ewRzuTA9UAA6uYGIYAAAAAAAAAMAEAwAAAAQwGgDtkACwAYhhAAAFAAAAAAAAAAAAFgAAIBgIAATQwYCEMAEAAACGIBAxksBC7jEAESLIk8CR8d8df4HRe3VQPpdB/yo/Y+b+O/+hdI/TqYfufR9P/hR+xFjlpqfSidPuVq/QidPhgXeT5nxyCl4xptq607X5n0vB8z47qOPjWkkrvTa59xKw8jxlQn0daqqN0n6HyXUQ1+knv0pXHtTPtOt0f4jQ1tOUXTjj7nx3UrU6ecoPMG3+7FeCfEtuh+IZaOolrWkfW9B4lo9VBShNP7H59NaWrytrZOnPqujmp9PqyX2MWxRPDpTLMP1fSmpLk3To/Oui+MOp0Kj1Olur+pM93pvjHotVLc5x+6OM4rQ9Fc1ZfU4u+4Slao8WPxJ0MlfzRT+I+irGr+SM9lvh0+pX5erqS59jk1tRJcnjdR8V9LBScVOdLsjwev+KtbWTWhBR9Ldmq47SxbNWHv+IeJaXTacpSkj5Hq+r1fE9a7a00+PUwb1es1FqdRqOXsdKlGOILn07HorjirzXyzZr0i/n6WnFd1Z9G4tvNUscngeFwf8VCTzk9+enbTboluUrwmem3F2s9mLTepGTVprHL4HLUe7arp8FUovEeTLRNrdubx9xxctyb7ejJnG48L7FOFpRb4XYClNKVrLuipbpSVPHccdNpc2JOXMePSuAOzw+ezUcbw8o93SknFHzMJfKlGTffJ7XSdZpuK8yOcx5dqz4epHHc1i8HHDXg/6jWOtGqsNbh1xkaxkqOKOvG6s1WtH1GjcOuEr7msTjhqp8NG0dVcWUb3ZMmR8xUKUym06js5pyTRtN4s49WTSMy1DPVdZPI6p3qus+x1dX1enoxe/UjGuzZ8v1XWvqeujqwk0o4jTLSsueW0a09mEfl98X68DXLdGbflTULfey7lh769qNvOpRg5KVJPsDbj9TtewQSVJu5Lu0VJNNJrAVLzdNqsr3L0nfneG/wBRbUlUbT9SoZajH9QNHdK+H6dhvfbqkl2fcmlG5MqLm25J9qSoC42/PLh/oVvWdqTMW90Kafo0/wCxWknBqDyu0vQqKa3Wtiz7GkUklptXa7k3X9Tx6jTjCSu9zX6EGm2Nra6SBLiSXIoSjN7btlrbFbFJWgK2ra6S5v7k021Fv6u3cTjKNJZG1K4NWmnYgUlSwVG5t4wvUSdy2v6qsubfy2lLIBKMauCV9yI6Um6hhd0aQjxdPBdJO1bbwBEo7drS7/oVGUZPbHhYY5Q3ytN5J2fLvbhN8erAbcoxSXF5fsVClG4ytLhCU+FVW8jrzeWkqAmKnvbk6vig041qylJ5+5b+Y9SVNV2QR3Ju23+AQJuUnGUWkD8slFDuW/1iPG6/yIrNbt7XKfZg9qxw/ZkObU3GHmznBqmpPNX+xQtOW6NNOk6+5cqihLytehM1KbcUk8ERTajlc+wlFSVvt2DKqknXJdJq+GwMpwvzVii40o0uKyCi7ecehSiryiimk1h3SIU3KSXZBLdBxUVhvJWyk88lFpprtbE9tYI004tRlVg1SklyQeyAAdXMxAADAAAAAAAAAAGIYAAAAw7CGADsQAPuAkMBgAAAAAAAAACGIAGIYCAAAABAAMQMAAQMACxiWAAGIbEAhMYgEJjEAiHwWyGJHyHx9/6u6V//ADUP3Po9BXow/wCFHzvx/jwnQfp1MP3Poemf8iH/AAoixy11PpRMOStTEERDkDRny3jjT8a0mnxpuvzPqT5Xx2EY+LaS4Wxkla8oa3wak+x8l1sUtWUZLHofV9kj5LxWbWs36stSzyup0Um2vU5Y6koYu/ZnZLV7M5pwjJ2jbJJwnyqZUYxu1VmW1qO28Fxbt4+1AdWn1Gtpry6kkvZhPq9Z/VqS/FkQ7fqVstZaf+hRjqzt27eO7ORQy28HbqQ20r7nHqT2OUUu+AOjTt0lwdCjspvlnHoSba9Tr3Jzog9Tw3GtD7nsSjuw3f8AY8bof8SH/Ej2bquxxty61THbLFtUOkmrk88IrDWHyKLliTq/Yy0TTu+fuNacr3KdZ+5UncXtVyJScFTTd8sClKStdik8XdERbdWqtcFNRrayjm8U1tTR6DUnppNrFny0PF+tUmlryj/wuj67qYrU6XVis3BpI+FnFR1HmjpTTFpl3S8Y8S5XWay+02JeM+J1nrdf/wDkZx3a59gUljOGb1DG5db8Y8SX/wDm6/8A/IzSHjfiVV/Ha6//ANjPPwqb7YZSSXvWX9i+DcvSh8ReLQdR8Q6j/wDkZ0Q+K/Go8eIaz+8jx1GLXDt5ibQjpvzO1F4+zGoXul7ul8YeMprd1c3+R6ej8X9ZKDepq6kn7NI+X09NJJf1QdyXqjq/h4x80Z+WWIv8aHbHwndL3er+LOpfSuWjrakJp5uXY8fxD4i6/XuPzp7fVybODWUouUU004tfikRPKik7eX+BdQd0/LGOrra2rc9SUvuz2NLqFpRT5kjx9NNStLD4O/pYb5xt4szMES+y0WtSKfmTlFSNklWSNF/y4rjCBZnWcZZwdIaOk+WELlLy1RKlbSdWuc8Dxp7lFVaugNf82RObgnJK/ZEwblD1tcs0ipKKTabXOApRlKcZVzX5GsW1BJvNZJUajjD7kVSkreSDRSUluVSzixxk8rKf25JjDa6laXCo1Spcp+gEqO/UT3U4+/Js43NSfoc8ouU1JxaXEsmjajGvMq9Co1uO7YrWOSUn8yNK0LR3N7nJ8cMuWafZAa22uUl3Ybowgnn0M/NKVr6exTitSPmzWQKlOMldv7LkUmpR206fOSU/L9NOIaieHFJXl32A6IQX+HXlSwXp70rdNV2MdNzUFKdN3mvQbm92KUbvIG3E07T9PYTtyVvF8Bppy5SpvkqaiqVqgM01flSa/YNLUc78tL9StOKjF1K77lRpOsRbAKXzNyTvjkNV7FibUn29CXUEqTbkOnKnLGCBupO26j39yprzpp9qSM0mrhutFxTw3loqJlFpWnWc0Cik23mRco2s282TSWCB3Sv0DTlFPHoNK07JhGm0l3AbbznLZTbS8vCBRw2lb7itq88AVnbYorGeRylST7Gbm9jaTsg1UreKv3K5jxyyE0/qxgqD/lrDr0NBuai8r8SXUU5LuDTk0uc8BKLWcP2A9gAA6uYAAAAAAAYhgAAAACAAGAhgAxAAwEMAQwXAwAAAIAAAAAAKQAAAAAAAAAAX7AgAQD4EAmAxAAAIAYhizYBwSymSAgGICWTItky4Ej5H4+/9T6X/AO4h+59B03+Bp/8ACjwPj3Pgum/TWh+573S/9Hh/woysctp5giIqy5Y00iI8gWz5nxuDl4toZ3XGX9j6dny3jUW/GNJ5cdrpenqJWvLNJqStYSPk/GtJOcpLhs+qaSWLR8v18961YPLixRbvn9SW10SpIOo+r3RmrZ0YWxoSQAaxNFZlpyOiKVWUZal2r9Th1E90mzv1atP3OTqkuwEdNb1El6nWm91nJ02Jp+h2wVuyD1Ohf8zTf+8j2fqln0PG6BfzdP8A4ke41Sxizjbl1qmC3R4pocZJOvQKcV9V32B1FJ12MtC79rBYiotg3bVYYkqjTzm8lBKPlb3N4pBCKb9K7eoSTcbbar0HFSXmdWEOPkk12PivFdBdP4jqwXCePsfbNwk1aPk/iSDj16l/mimapyluHk9xiA6uR3yNSfN9qJoCilKSqm8cGsNSW1x7N3RijSCKOvR6ia1YzeWlX3R6HTT0nHbKKcbtL0PN0lk7NKDQR19V8qPSz2aUbfejzNabUU7y4o9DUi3otN4PM6p4h/wr9ihabikrO7o5fzEjy4yzR6HRy/mR+5mVh9vpNrThebin9i9OPnlJvPejPp3u6bTbxUEaN03Kql+h53U5acZZnVXwatpRulhdzPenG8cd0ONxVKOO1gVpeaNtY9TTclJJJ8EQuXs0OUd0c2RV/XHHDFCKU7UnJMUKjCK3exbjT3RdYrPDKLbeWxSlGD3St3wKLVOdU3yaVaWOeAJjc++GNxbfFpdhxbLbrhhExTVPhvsO/M+9dkLfKVxgluXdmkNJqKv6u9AJ6j3KL4odylaim13CUJUqdNeotOTT2yTbvlIDSEI6SsHvajmu9lS3WoqNxfJU1JRShT7ZAb2QX1JRWbDEqiq92g+WqtvA21J0sKPNdwCKkoKMeE+wpQcalJ2u6KkpueHUOxVtqldVyBm4uE0ory2aRwk3yu4oJ7qZo6p0rAqKTyhPaueSdk1Tt23waKnyrIiKTWRbpYapJOvuXJvcqVibcIeZVL2KCDlcrdr9hVdr3HGowaym+QT9eCApqOWQ03hKvcu88gvpdZ9yKSjJNU6XdDcbHwrd1wCe50vzCFlRS7CS59H6hKMpTTi3gpY55ATbfC+5UU1lWPbGs8DkkolC0rfmldkuXnuMc97KhPdeMIq4378l2PWsAA6uYAAAAAAAYgABgAAAAADEMAAAABiGA1wAIAAYgAYWHYQDEMQQAAPgKABAAAAcgAAHACeQAAAQxAAhiYAAAAnwT3KfBPcBADABMiXBbJlwJHyfx4q8ET/+LD9z3el/6Np/8K/Y8L48/wDUD/7WH7nu9JnpdJ/7i/YyrbU+hEQ+oua8vJEMsDRnzHxIpPxHpYxltTjK6PpmfNfEbrxPpMXakhKw5IQUNJx8zt8s+P8AGNT5HiepXDkz7RZXJ8d8UaL0+vcu04pinLVoeN1KUpXHuZxRG+UWXHVizo5roKEpRY7XqA0jfTnapnNuLg8gaarVfiv3OfXittm2qsGWsvIUYaC8zO7Sy0cXTLzs9Hp43K/Qkjv6XGvopf5ke7auvY+e0dVQ6nTk+FJH0Dr+lWcbOsJSW2l29xZTaeR1FbkuWKUHJUnTu2ZaNzivLQtik/qdME1KbjTx3Lp16FEK9zj7jak1jt6sFHGXbKp/1YoAUUpLdij5v4piv4jRaWNv92fRRbk+cVg8b4j0Xq9LDWXEXXBqvLM8PmmqQipIk7ORi7jQ6ASKUqYhXkDq0p5PX6VKcaPBhKpI9bodTzJWVHfradabvB4nUrywafavyPf1M6Eqkrp8nh9XhYz5n+7A44vzHf0b/mx+558frs7+k/xV9ySsPuukv+FgpR/pVHRDzXb/AAOfpmo6Om7d7VjsawpJtVb9TzurWKtNrKFTcc4fYNOTSaa4B23btpr1IpxfmpLNclSdKn3M9LT2Q80m2nyWnTUqTVcgUtHyrOBu8RjC64Y7cop9mhqUYqW1v3KhRhcm4y9mlwaLE174M4yqLksyoqm5yy+32ApN3Jrm+B8yUk8vsClFrd+dlqSeHXsAtzVppc8o0bSpXn0sxrzxjKTfd0aqEVJzV3YDcE5KSu69SoOSfZfcTlJTpQb9wk2oqkk2wNIykmoLnvJ9y2vKk/0Ig+NyzfbITnqNuGmla7sCtSUpLbBpSeKZUb3eZV7oIxW1X6lS59KApPPOfT1Eo5qK57iTrLHaVXi8sC4xS8vL9RX5ox+mgTwq/qLlCM15uUALc3zig3NWtvYUGnjNjTpvvXJESrt9vUrUe7Tr9Qk/8uBKmqSqnkAW9RBZfCGm8oKd44AFG25BFYtKsYByr2aJdzp8Vl0RVKVc5Glbzj7EqKdNdgSkpW/xCKuk/YfKTYlcrvgaWEFVtW2iGpMTi9rd8s1jiPNlRLTisFRzd4IdzUr4RSfl4sD/2Q==',	'data:image/jpeg;base64,/9j/4AAQSkZJRgABAQAAAQABAAD/4gHYSUNDX1BST0ZJTEUAAQEAAAHIAAAAAAQwAABtbnRyUkdCIFhZWiAH4AABAAEAAAAAAABhY3NwAAAAAAAAAAAAAAAAAAAAAAAAAAAAAAAAAAAAAQAA9tYAAQAAAADTLQAAAAAAAAAAAAAAAAAAAAAAAAAAAAAAAAAAAAAAAAAAAAAAAAAAAAAAAAAAAAAAAAAAAAlkZXNjAAAA8AAAACRyWFlaAAABFAAAABRnWFlaAAABKAAAABRiWFlaAAABPAAAABR3dHB0AAABUAAAABRyVFJDAAABZAAAAChnVFJDAAABZAAAAChiVFJDAAABZAAAAChjcHJ0AAABjAAAADxtbHVjAAAAAAAAAAEAAAAMZW5VUwAAAAgAAAAcAHMAUgBHAEJYWVogAAAAAAAAb6IAADj1AAADkFhZWiAAAAAAAABimQAAt4UAABjaWFlaIAAAAAAAACSgAAAPhAAAts9YWVogAAAAAAAA9tYAAQAAAADTLXBhcmEAAAAAAAQAAAACZmYAAPKnAAANWQAAE9AAAApbAAAAAAAAAABtbHVjAAAAAAAAAAEAAAAMZW5VUwAAACAAAAAcAEcAbwBvAGcAbABlACAASQBuAGMALgAgADIAMAAxADb/2wBDAAoHBwgHBgoICAgLCgoLDhgQDg0NDh0VFhEYIx8lJCIfIiEmKzcvJik0KSEiMEExNDk7Pj4+JS5ESUM8SDc9Pjv/2wBDAQoLCw4NDhwQEBw7KCIoOzs7Ozs7Ozs7Ozs7Ozs7Ozs7Ozs7Ozs7Ozs7Ozs7Ozs7Ozs7Ozs7Ozs7Ozs7Ozs7Ozv/wAARCAQABAADASIAAhEBAxEB/8QAHAAAAgMBAQEBAAAAAAAAAAAAAAECAwQFBgcI/8QAVhAAAQMDAgMGAwUFBAgDBQMNAQACEQMEIRIxBUFRBhMiYXGBMpGhFLHB0fAHI0JS4RUzYvEWJENygpKislPC0jRVY3OTFyVERVTTJjU2g+JGVnSUo//EABsBAQEAAwEBAQAAAAAAAAAAAAABAgMEBQYH/8QAOxEBAAICAQMCAwUHAwIHAQEAAAECAxEEEiExBUETMlEiYXGBsQYUM0KRocEj0eE08BUkUlNicvEWJf/aAAwDAQACEQMRAD8A78YTCITCyQJwjdNAAJ7IThAQmAhNAJwkmgITCAnCATQmECCYQmgITQEBNgTQhQNCEIBCEIoTQhABCEIGhCEAhCEAmkmgEIQgEIQoBCAmgSaSaAQhCoSaEKAQhCAQhCAQhCAQhNAkITQJCaECQhCAQhCAQhCAQhCAQhCAQiEIBNCSAQhNAk0JxhAkITQKE0kwgUIhNHJAgmjZCAQhCATSTQJMIQgEIQqBCE0CQhNQJCaFQk0IQCEJoEmhHNAJJoQCEIQCEIRAiE4QUCRCcJIEhNEIEhOEQgSSkkgEJoQJCaECQQmlCoUIThEIOQnHkmgIABOEJhAJoThAQhCaATRCYQCcIwhA0BCaAQjmgKBphLmmihAQhA0IQgE0k5KARCEIBCEIHCEIUAhEIQNHJJNAIQhAIQhA0oTQgEIQgEIQgE0gmgSaEIBCEIBJNCBJoQgEIQgEIhNAkJonqgSEJoEhCIQCScIQJNCECTQhAIQmUCQmEIFCfJCECwnzQhAICEwgSE0kAhNJA0IQgOaEIQCEIQCEIQCEIhAITQgEIQgEIThAQhCEAhCEAkmkgaEIQCOaEKhoQhQEIQhVAhNEIFCEIQCIQhAckRhNJAQiIQmgUIhNCBQIQmhBx04QmFQck+aE0AhCcIBMICIQNAQmgE0IQHJNJCgaaSAgaaSEU0IQgaEIQCaSaAQhCAQhCBoQhQCaSaAQjKaBJoQgEIQgEIQgEIQgE0IhAIQEIBCEIBCCE0CQmhAkJoQEIQhAIQhAIQhAIQmgSEIQCRTR5oEhNCBQgJohAIRlCARCEQgEIQgfJJCaAQhCAQhCAQhEIBCEIBHNNCASTQgEIQgEIQgEIQgE0IQCEICAQhCAQiEbIBJNJA0IQgaEICAQhCAhGE0kDQhCAQhCAhEJpIBCaFQkJoRAhNJAQkpQlCDkJpJqg3TCEwgEQjmmgOSfJCEAmEIQCaEIoRshCgaEk0DQhCBoQhA0IQgE0IiUAEQnCNkChNCFAJohCAQhCAwmkmgEIQgEITQCW6cIjKAQn5JIGkU0QgN0IQgIQhCAQhNAkJoQJCaEAlzTQgSaEIEUJoQJNEIQCEIQCSaECQmhAkJoQKEJoQCSaEAhCEAhCEAhCaBITSQCaSaBJoQgEIQgOaEIQCOaE0AhCEAhCEAhATQJMJc00BzQhCASTRyQJCEIBPkkmgXNNEIQCE0IEmhCARCEIGgIQgEITQCEc0IBEITVCIQnCECTRCEHHQE0KoE0ITYaAhCBoCEIGhHJNAI5oQooTQhAJhJNAITQgEITQCEJoBCE1AIQhAIQmgEIQgEITQCEJoEhNCAQEIG6BykmhAI5oQgE0IQCSaECTQhAIQhAIQhAIQhAITOEi5oOSpuF1IQiQUahEymzUhNRL2jdwCQq0/5x81OqI91isz7JoUdbeTpUH12txlOuF6LLE1TTrairlYnbGY0Ek0KoSEJwgSE0IEhNCAQhJA0kIQNJNJAIQhAIQhAIQhA0k0IBCEIBCEIBCaEAhCEAmEk0AhCEAhEJoBJNCA5JJoQRQmhAQgIQgEJoQCEIQCEIQCAhNAIQhA0IQEAnCEIBCE0BCEIQCE0lRx0I3TRAmkhA00k1QJpJqA5ppJooCEIQNEITGyBQmhNAckITQJNAQoGhCIQCaAhAJpJoD3QhCBoQhAIQmgSaEIBHJEJoFCaEIBCaECRzTRCAQhCAQhCATSTQJIujdDnaRJ5Ll8T4k22omHaXRJMxAWrJk6IbsWKby1Vb9jKvdggu55wFa26puEh0wvI29SvdVyILWgznYCeZW2m8kw+41aW5a0aiD5mcfJctctodlsFXoRc0iS3WJ8soLgcsJ23Ikrki4cxoDcOjm6FV9tr64cyoHTgNYXfh+Ks5ZlIw1jw67g+fHJ8ht81Esql4eGGIzmVmoXNc+F7C2DHhGx9/zWttR5EteSOgTqOhWW1XtJDg8DluPks9Q3AkCtnfTpj8VtFSpp3JPnhZ6zBWyCWEfENpHosurbHp0ytFZ0ufUMeTlOmxkw17p+5Sa2pSOrWakncOVlVtKsII8R2kQSsNM9lobOH6p6INV1NvNw9yslUVrZpdOumd5nU33lKlfazmCCMgkSg229wHPPhAyuk046Lham0KzHgQJEgLt0nBzQRGei6cU9nJmjvtNCaFuaCQhCAQhCAQhCASTSlA0kIQNJCJQCEpwhA0kShA0IQgE0kIGhCEAhCEAhCEDQhCA5J8kIQCaEIBCE0CQmiECQmkUCQmkgE0IQCEJoEjkmhAk0IQCEQhAJoQgE0kBA0IRzQNCEIBCE0AhCEHGCaAhVAmkmgaAhCBoQhA0IThFJNCAgE0IQCaEIGhCFABNCYQARCEIAJ7oQgE0k0AhCIQCaUJoBCE4QKEJoQCEJoCEIQgEIQgE0k0AhCcc0CRIBCHlrRk/JZa9cgHQDK1WyRDdTFNlz6zaYkkfNYbvi9K3aXHIHyWHid0WUm1ROTsTGf19681dXbrioKDiAA9sEHds/o+657Z59nVXjx7vWC/NSgapgB+Wjy6rk919urHvQTSYdX+84cvQYVtF/fUGtZHwhukGCPnyVlZzbejAIDWjBdAJ8z581zzabTuXVWsVjUKqj20qPeVHCm0bDaBj9fmqqFcYp0g5gIjT/EfU/rC59R9e8u20WgHxR5E7j0DRPrld23Zb8NtzWrwCObt3Hy/L9ASdGxu69IOdWNs05nSJk+W3zlbppUYayXHYOPP5Lm3fFiXMptkPfs08h1P669FKXsBc55OPC55iB1jz/QwrEsJjbc8tLgHN1O5TyU23PJomNzvPyXMfc6WuO4nLjj9evmufd8ap0KZD3w5xhojJP6+nnteo6XoXX7zIa0EddcCUGrVgGA4HaDkLh2l42uZp1u+l0eB4I9tM/UhbW32gtLq3d8u7lpg899/ZZRMsZiGvvCHfxtxlpQ5zKmosc0OEyIweWVUX940OLocNiGx/RZazQ6oCXNo3DfCw6oBHRZ7Yaa6lwGuioS0+f581hr0abxrpYPQcz5Kv7a3X3F2PCZAM7fl/Vc+4vxaktc4FrTDTOcfr6yFPJ4dGjfEOFGo/Pn0lehsLhlRjWt5N6rxVS479oqs0yM+q7XZ+4BOpzjBxE+n9VnjtqWvLXddvUjKCq6L9TdUkycK2F2OEkIQgSaEkAhCSAQhKUDQlKEAhCUoGlKEkDlCUoCCQKEpTlA0JI5oGhCEDQhCBoSTQATRCEAgITQCEJoEmhCAQhCAQhCBIQmgSaEIBCEIBCEIBCaECTQhAITCOaAQhCATQhAIQmgEIQgEIQg46EBCyQ0IQgYQhNQCAhCBpoRCKaEc0IGhCEAmhCgE0IQCaUpoBNCEAmkhA0IQgEITQCaSAEDhCaECQmhAQhCEAiEJoBCEIBCEIBTDYbqJSYJcqb6sWM0tEnktWW/TDdip1Spua4bPRcqtWpVHaXVNGcEgAfVSq2Lrh2qu+c/DJx7LnXfCDoeKQDd8sJE+owuC1pl6daxHhc7u6zKlpUdqFQY1gQCvJXpFhdNwCWu0HUTI5deS6tZt3bUo8etgxqEFzf6fqFwO0Fw6+sxVZ4azD4sfGBj5if1zxiNytp1D1HBKorUg7Jhpz1BM7+inxG77tzvCZnSADmSSI+o9lx+A34ocKd/GXPPgAM6Q6CfkZVNSqbi8pW+olneAPMTPwiQeW7o9Fl0+zHq7O3ZGlZUjcPgOIjLoncgZkgkz8lkdfuvH/bKxYGMJ7hrxDTy1xudz5fRYK1w++Ipue9zdgySXVHc/bMe+FuoUhQf3j2jWcNa1ocRAMeQj8sCIV0m26xFOhRN5VFTU8TNU5f5x9B6HcFN1d1yBVe8MZOOZP49PuVDprvBdLoMBoyB6k/191sp8NqvaBUa0D+VplY+Wbk3t3Vrvp0rcOFMZ0t+J3mXdP6+ohT4PSxUuXOgyXCHAyNtIGYz69ea9DT4SKYGljR6CFL+zMlzmicZ3P5BWIljOnLZUeWuFtTFKAJ17ieu8frZXVa1Kg2GFr6v8byAD9SPxUqtkGh1NtauCcgnf25rM7hdvWpaqhh2nDw/b5z9yyY6gVK9eoI75v+KPu6LNc1qtSmwh4bVY6C3kf16o7mravFRrjUY3c6hsf6R+pVVd1Mtc0kB7TlseeD8uiqMlbiz6lNtGozTWcJEmfEN/P9eqy1qb7g6u8JDvFknf9eysuaDKjHapLp1NIJmfy/FZqff0nmm3LZ8IOCD+Xn/kpMrEaa7WuaVPu3OnEA9V1OFcQaK7YILXHIK4bqha8kGBu6R+sqdEOZcamZbPXIUidJMbfTuG13XFEPO/pst643AKzXWTG65077/rmu0NpXo0ncPNvGrSSEyksmBIQhAJISlAIlKUICUJSiUDSlEpSgcoSlKUDRKEpQSTUZynKCQQoymgaaimgaaSaBoSTQMIQhA0ITQCEIQCEJoBCEIEhNJAIQhAIQmgEIQgEIQgEIQgE0k0CTQAhAJoQgEIQgE0k0AhCEAhCEHHQgIVQ00k0AmhCKE0k0Q00kQimmkE0AhATQCEJoBCYEJKBhNJNAIQhAJpJoBNCEAhATKBQmhCATQhAIQmgSE0kDQhCAQhCATSTQTadLfMrNVDQ4ufuRtGVZWrNoU5Jhcm5unBhLQ6RiXOAn3hcWW3d34a9ltVgqb0qhB2k4+QKyg6HBlMMIA+HZZX3xEO7suaP5SefqVSb11Ro0h40HZtQEfh9659uuIK6Z3od3TjTdHwVG/cRsvM8TsW63io2oCHAP0iGu9Oh9uW66lzxau1z5dbv07Ne2HAeoJWU8YFcaatNrm85OAJgGceeFlVhb6ONaGu2h+7BdqmXcj4p9MyCt/D7CqAMOa+Mzieny3Wm3pllU0/3hD50noJ8xt9PVeksLNzqDGkYAzEfgs2MQ5dlwl9JrqjZDiIk50+i6VlwSGHWCAdsQu1aWLWNjRpA81tbRjCsVJtpzrfh9KgzS1jR6StDbcDdbO7A2CNIVisMZttkdS8lW6kIW1zVS5iujbBUp7zG3MLn16US5u5ET5Ls1GSsVegHA4hSYIcGowF372k3EjvJI+WFzb/ALiqO6cxxJB+KBPnv+sLuXFtVDyWk6fI/wBFybtlw2QZ0ncRA9wMLDTPbgPL6TNFKpUc5uzXnI/WVnFW5FQvLcyYI9sLp18Eh/PnpBA9FleYhtQucf4S4YA+9Yipk6NTst/mnAUm3D6TvhMDqZPoqKlXuHAO1Fpy6MkodUYMh4c2NozCmjb03AeKNoXbXEfuyQHAZhfQaVZtRgLSHTnC+TcPtbskVLag+owbPAJC+icBrOfbNa9wa9og0yMhdOC0+Jc3Ip/M7QQjkkutxBJEpICUiUEpEoBCUpIGiVGUSgcolRlEoHKJUZlEoJSgFRlEoJyiVGUwUEgU1EFNAwcpqKaCQUlBNBJNRTCBppc0wgaaSaAQhNAICEIBCfJJAIQhAIRCAgEI5JoEhNCBBNCEAhHJCAQhNAk4QhAIQhAJpJoBCEIBCEIBCEIOOEITVQBOEBCBoQmgN0BCYRQmkE0DQhCgaEIVAnugJhQCEIQNCEBA0IQgE0k0AhNCBJoQgaEIQCEIQCaEIBCEIBCEc0AhCEDQN0kA5QU3DddQk/w7LlXLQXS4auQxsuxVEtcQcwue4SPhx964cldPQxW25T2imSfE55Owbj8gs1zcWzADVsxUJMDSAT+Q+a23JqVnFrWjTzIx05rn3No40i0B2qZJkT7GD9fmuf3dfs515c2dSjq7pzS1x0hwAA9wFhoCi5xZTpMBDt2vJ/EhV3lpbfaKRq0XXDwIaw6nSem/3LscJ4ZUfEsaxk+EBuD+f68lt8NOpmXT4ZbNqsaA3TsI/ML0tla90wN3WPhdo6mBqG+y7lNgAWdYY2nXYmUwOSkWqwBBC2aa9qS1ItVpGVEiEFTm4VFSAtDjC51/fW9kzVXqhvQcypLKA9wVLyCuHX7TWxcQ1uOXikn8kM402oARTMHzWMy2RDqVGghY69BrwQQot4gyp/MPUKq94nbWdDvq9UNadhOXegTW0nt5cTidr3BJEaXb4wVx64FMS34Qfh3jKfGO0V1c1XUmM7ikDGkjxe55ey5Dary6S4mepWyMMz5c9s8RPZfdudUkCm50SZDZ3XOtnvrXtC1Icxz6jWREbkBdFlVzXAg+y6vAuHCvxClfVw4926WsdkT1UtStFx2tkl7bimnhXBqbbZoYTDWw2dK5nA+K1qNw77RU1g/xEbLqcXqsNvQ7z+7B+sLC7gdZ7GXNkDqMEsIw7mtddQ7rd66l6anxCi/S12thMEamOAIMQZI2MiDsZWleRpXnEOKcVpfbKbj9mdrf4A0ufjJIycA428Rhet1TkZXZW0T4eRek18wEiUSlKyaxKiSglRlA5SJSlKUDJRKjKUoJEpSoyiUDlOVCUSgnKFCU5QTBTlQlMFBMFSCrBUpQTRKimCgkFIKKYQSTCiCmgkmEkwgYQhNAJpJoBAQE0BzQhCAQhCAyhOEkBCEJoEhEJoEhNCAQhCAQhCAQhCATQhAIQhAIQhAIQhAI5ITQcYJpBNVDQEJoAJhCEUJoQgae6SaATSCagEwkmgcIQhABNCEAE0gmgEJoQJNCEDCEIQCaSYQCEIQCE0IBCEIBCEIBCSaAQhCASQhAOEtI6rHVbLCM56LZuFnrEMaTrgAb+a5s7r47n1TTpnSYaTsIDiOey5d0RV8IY6oHeF2o6Rt0z9/P2W69vGMLgBvyAj5/ReT4lxm4r3H2a3DfiAOl0mJ69Fxu72dC1o2bq+ilp1xDnUwXR6GNvdeo4dw408kEzzduuT2b4eA0PqHUZkkmZXrqTYAW2tdsLW1BUaQbyWpowogQpLdENEmkhCrEiqnuhWOOFz+JXlOytH16rgGgczCMmTjPGaXDbdznOGvk2V8/vLy44lV1PqO0uOxMo4pxD7fdOfUJABmOq5ruL2trQfUqPJZEBrD4nn+UdPMnYZyYDpFZtPZbWikd3WtbWjTY5z5q1miS0PAbTbManuOGiTz8uq5d92isGPez+03A6ZaLG17xoPQue5pnzbI6Lzt/xS84v+7cRStWGW0KZIYD1P8AM7Jyc5gQIAwmi0CdQ+S3xSsOa2W9vHZ2rbtnxOi/T3pez+Wo0O+u60W3F6pvPtNV3fOrCG1C4NLJ5gkeEg8xt6Lk2le3pWAo3N/cU6broPfRo0hIhph4cTvJiPdX8Ebb8Q4gyjUdpFWdTGwIcOY8j+tgspiIjbXE2tMV27XGa/DrikKlE+PS3uiHlz3DnrB2jI3Jx0iMFpYXF28CnTdp/mIgBestuDWVu2W0WT1OSt1OixuA3HotPxfo6o4/1l49/Cri3qajPkQF6LgcupZIBBgjaCuqbZtRsOaCs7rA0HirSMTuORWi3fu6K16fDoXj6b7BzagLmsGrwjOOiv4Rx63rW7adGQWYh26x90+tRHdnSdt1z32z7W6D3MLanUbOWLbGp7PZXFu27i5twG3DBv8AzjoUWtXXT0xBbyPJZuD16jiA4ZiT5K5rgK5eNqjzH69ltx21Zz56bpP3NMpEpEqJK63mmTCiSkSlKBkqMpEpSgcolRlIlBIlKUpSnCCUolQlGpBOUSoak5QTBUgVWCpIJypAyoAphBYCmCoDdSlBMJhRBTBQSCkFEJoJBMJJhA0wlzTCBpoQgE0IQNJNCBJoQgEk0IBCE4QJCaECQmhAIQhAk0IQCEIQCEIQCE0IEhNCAQhCAQhCDjoQmqgUlEJopoQmgE0gmgYQgJqAQhNAIhCaATQhAIQhA0IQgaEIQCEIQNCEIBMJJoBCEIGhCECQmhAJJoQJCEIGkhCAQhCKCYBO6596+GnPuN/ZbqvwwFyuINxpnJMLjzbl24NQ8txivVe0tpu0sPTmZjdc3g9uw3LqsF4bny6wutxNjWMYIaNJAHqT/VU2jW2tZzXDI3I6HJ/XkuaHZPd6zgdPu7RsjLsn1K7tM4XLs2hjGtHILo0zhdFXPbu0hMKDSphbGBpEolRcVUVVqzaQLnEAea+c9quOPv7029AksaYiPPK9jxt7327ms3APLyXguKUm8Ot6l24gETBI3MT7+nPZTW+zLtEbeW45eGzb9ioO/eHNRwO3kuRQpB+l9dx0ch1H5JM1Xt06rWOCZdP3J3dbW7wuGBEbLfWNRqHHa256pO5rNB00thyGyyVHOgGN0tRnMhSg4Kz8MNzKDwdBkLb2dLhx200zmq0fUKnTNJxI5FdbsRYm542KxHgoNLzI57D759ljadRLOsbtD6EGnVC002bKDGS5bKVIrjemGNgJuHgKuFOAoEQSgqtzoqEHZLitYssHPaYe0+EhTIzhU39I3Nm6k0wXRBPJEie7p8MDrfh1Oq5+t1doJPTyXZt7OncWDajC0lvj1ifCNiMdOkLlWzKIoWVoX6aTSGl3U8h7mB7rqcQpOs6tN9A/Z23OHUaZIa7qTynb23W3FWPLnz3nwzB0gETB6hIlBKgSuhxHKiSkSokohkpSoylqQSlIuUdSRcgnKRKhqykXIJyiVDVKJQT1JgqrUpAoLQcqQKqBUgcoLQUw5VypAoLAVIFVgqYKCYKkFAKQKCYUgoAqQQTBTCimEEgpBRTQSQEkwgaEJoBCE0CTShNAkJoQCEIQCEIQCEJoEhNCBITQgSE0IEmhCAQhMoEhNEIEhMIQJATQg4yaNkBVDQhNAJjokpBFA2TS5poBNCFAJpJhA5QhCBoQhAJpJoBNJNAIQhA4QhCAQhCBoQhAJpJoBCEIBCEIBCEIEhCEAgoQikiUIQByPdYbymdTXQOe63BRqUxUbBWq9dw2476l5LiDGioNe2qW+vJc9tJzKwmNTzDp85P69V6G/swardQwCvO8RqHFR5DAIJHLOPxXDMa7PSrO+72HDqveUKZO+kSunTOF5/hVyHANkT8UeR2Xcpvwt9WmfLWwqwHCztflRrXTaQgkD1WbHTQXgKtzxC4lXj9Bj9JcCZghpmFZR4pSrt1MdIKbNLr2mag5xzgr5Z+0LiTadRvDqRGpw11dJ2bMhpg8yJII/haRuvqVe7pUbKrc1Hfu6TC9x6ACT9F8A43cXFzxy6r16pqurPnXMy3lHlEQtmOO+2jNbtpCe5oBg33Pms2TUJJV9TUXaSIcMEHcJCmtsNE90QMocNlaGFI0yTnAHNCIThv2aoS8NIZgfzGQIHzn2XvOx/C/7O4Q2pUbFa4h7uoHIfj7rzPZvg54ndNua7P9VonAI/vD09P8l9Hs7d9y8aR4QtOS3tDswY/55X21EvOy6NO3gTCvtrQU2DHJaO7gLS6JlhdShZqjMrpVG4WOqzKJtlLcKDhA2WgtVT28lANrmnSaXt10SdLv8PmfJdGnVqV6k1KlR4pyAHuJg81594LK5pvuNNN5lw0/C39T8l6UvoVC59szTSc4kAmea24q99ufPfUaj3JxUSUEqDiuhxAuUSVElRLkDLktSgSokoLNSWpQlKUE9SRKjKUoJkolQlEoqYOU9SrlSBQWAqYMqoFTCIsBUwVUCpAoLQVMFVAqQPVBaCphVhTCCYKkFAKQQWJhRCkEEgmFEKQQNOEgmEEkJJoDomhCAQhNAkJoQJCaECTQhAI2TSCAQmhAkQhPkgClCE0CT5IQgEIQgEIQgaScIQJCaEHGQhNVAmhCKFJJMIBNCAoGmkmgEDdATQCYST5IBCEIBNCEAmkmgE0IQCEIQCaEIBCEIGhCEAhCEAhCOSAQhCBIQhASkmkihHNCOaAQhCCi7t++pGPiAwvF8fsHMtzWa04IJjln+q94sd3YsuKb6Zbh658mLfeHThzdPaXk+E3pZRbUiS06XcsTH3GV621rNewOBkHIPkvJVbGpw2s4Fh0+QkeS6PCr4C1qUNXjpMkZzpj9fRaK9u0uq3fvDfxLtDb2bHNa7U4EjyC8bxHtPc3NYsouLiTjSPx5LBdV6ly/Q5wxndc6vxuy4fLaJbc1hzb8I9/1+K2xE2lha0Ujcurb06zAa1w6HPycp3Pae14Q5tN5drIkNaN8SPSZGV5Gvxridye87/uhIgtxGQcHfcbyua5rRl0GfLdboxx7ua2afZ3O0ParifHf3DqncWjdqLHGHZ3d1P3fNY6fCeKcVs6Ro2L3upAtDmgS9vLG5jZc9pdTaIBczoeS+3fs77i84Cy7axveOcWn/DGIVtPTHZjSvxJmbPilybpl05tzRdTrAAOaW6TI6jqrLc1az9DKTnu6NaSvvPHuzXDeLN/1u0p1DEB0Q4eh3XnKHYx9g1zeF8d4nYUyZNOjcOa0n2UjJHuznBPmJfPKfCb02/2mrQ+z2+f31c6GkgSQJ3PkJPktdh2fPEa7XOc4Wod8ekjvf90HIHmc+QXuaHYW0ddG5u7mpd13GTUruLnE+cr0tlwC1oQYDoWNsn0bKYYjvZweF8FJYymyn3dFmA0dF6e1smUGBrRC1tpMpiGgAKYELU6JttWGQFBwV5Cg4KsWV4WWoxbntWd7VBic1U1GyFsc1UVG4UHE4laVbipTNOv3TT4agDZ1Dl+PzXfsnN+yU2t/gaG75wsFZsj0yr7N+gmmdjstmOdS05q7rtscVWSplVOK6HEi4qBKbioEoolIlIlRlBKUpSlBKByiUpRKByiUIQOUwohNBMKYKrCkEFg3UwqwpAqItCmFUFMKi1qmCqwVNqCYUwVAKQQTCkFAFSCCYUgVBSCCQKYSTCBqQUU0DQhCATQhAIRCEAiEIhAJpJoBCEIBCEICEIQgIQhCAQmhAIQhAIQhAIQhAIQhBxgmkpKgCEBOFAJoCaATSTQATQE8IEmhCBppJoBCEIBNCEAgBCaATSQgE0IQCEIQCaSaAQhCBpJpIBCaSAQhNFJJNCBIQhAkI3QgE0oTQCEICCutbUbhhZVYHg9V5DivCq/DLkXluRFMy2diObT7L2i8J+0TtVQsaTuC0Zfc1aep8RpZJEB3tJj0mQSFrvSLNlMs0fPeO8SFxdVKVo5zaJMu6meS5jKIYNTx5hqvtbZ7x35BLAYE8z1TrMIkrKIiO0G5tPVLM57nmY2VWkl0kKxrTG+6m1o6rPbXMd0WNmRGCF9N/ZBxL/Vr2wfjQ8VW+4g/9v1XzdukT0XpP2cVX0eOGsCdL26COWc/h9Vhfw24vmfbqkVGrmVaT2P8IwV0bU943qi4phrZK55h2VnTl9y852TZcPoPAeZE5VV7xvh/DW6ry4p0GkwC9wElZH8StrymKts9tRh2LSsWyO/Z6Fjw8T1VgGFk4e132ZmoQY2K3RhVhMoqLgpEqBKMVTws7wtLsqh6ozOG6oqBaXrNUWLJkqbpU5gEbjZOpgpUtlYSW0O1NB6qDkqToOnlyTcumJ3Dz7V6Z0rcoFTKiVkiBSKcJFQJCEQgE0k0DQhCA5phJNBIKQUQmEEwpNUFMILAVMZVTVY1EWNUwVBqmFRMKQUQpBBMKQKgFIIJqQUAphA1IKKaCQTUeakEDTSTQCYSThAJbpohAIQhAIQmgSaEIBJNCBJoQgEIQgEIQgEJoQJCaECTQhAIQhBxgmEk0DTCQTQCaEIBNCAglCEIQCcIQgE0lJAkITQCEIQATRCaAQhJA0ITQCEk0AhCEAmhCBJhCAgEIQgEI5IRQkmkgEIQgUITSQCAhCgEJoQQrVWUKFStUMMptLnHoAJX544jf1OJ8SuuIVzNSvUc/wBByA8gF+hLy3+12Ve2LtPfU3MnpIhfAjwG7+01aFSrQtRSu2WzzXqhmhziYJ/wiDJ5KwkupaNp07GiJaAGAk7ZhYL00XVIpPa6RJDTMLBcNNvXfb1KzKrqRLA+m/U0wYweYwqmEtqAjeVZWJ0uLJMAKQp4Vgpua6HNIPQ8kqr2Uhk56cysWaqowig5zWkyQ2fMr2/ZjhbrE2dIiKhd3lTyPT5YXK7P8FfUqsv7qmWtBmhSdv8A7x/D5r6RwLhgpzcVWy47eS05Lb7Q6sOPX2pdyjcNotnUJhZb7ijA06n78lzeO07o0iLNwbWjGvZcPh/BuKVapPEOIiq4nwsYwABaty6YpHle/hbeK8TFetTFUD4ZEho/NeotOHsptaBTaANgBgK7h1i22t2tAExkwt7Wt5BWIa7W+gpN0hN7wAqK11TpDLh7LmXPHKFIbT7q7SKTLpVK4ad1FtYO2XieL9rm0ATTZLuQnddbs7xJ/E7BlyW6SSQRywYwp97Lp09CTIVTzKkMhQcFEUuVFULS4LNWwgw1junSHhChWy4DqVcwYVglJTnUJUYQDBjkVspOpc+Wu42CoFWEKBC3uVAhIhSKUKCMJKRSQJNCEByTQmgEBCaACkFFSCCQOEwVEKQ3QTBVjVUFa1BYFMKAUwqJtUgohSCImFIKIUggkpBRCkEEgmkFJAwmEgmgaaSaATQmgSaEIEhNCAQhCAQhCAQmkgEJoQCEIQCEIQCEIQCEIQCE0IEhNJBx0ITAQNCaEAmkmgEwgBOEB5JpJoBCOaaACaSaAQhCBoQhAJoQgEIQgaEIQCEIQEJoQgMIhCaAhCEIAohCEAiE0kUkJoQRQpEJIFCSkkVAkJoQCEIQC8j2s7KPur6jx7hdtb17+3IL7a4YHU7gDkQea9cmqPzTcW1xZ3Tqdzbup1GO8VN7SIPQhel4TX7K1aBr3pvrG8p5DKLBWp1P90OILT6k7b8l9lv+D8N4q2L6xoXGIBewFw9DuFjteyHZ6zcXUeEWxJ51Gd5HpqmFdmnxw2XEOMV6tbhtnc1bdhI7009IA5aiDAPlK63COzVO3qCteRXqjIZ/C3819k7tnd93pGiNOmMR0XmrzgzbK61sbNF58Pl5LVkmddnRg6erUs/DOHF7w94x0K9NQpBjQBsslq1gYIW5jsLnd0m+3ZUGl7Q4dCJVFvwu3tqzqrG+J2MmY9FrDgVInCMJmU2AAbhYOI8UoWtJ4Y8F/PyVfFrxtvbGTEr5/wAU4/Tp1I7zTvEpM+0NmLFEx1Wdm+4vpa5z3nnC8g/it9xa6NCzAbSD9IqDOr0XXq9k77jPB6fEReOa2rT1Noub8Q5SZ+i0dmOEUaTAysBSZRP73UYKsRHu29Xv7KKfZitUsPtWsQ5+nx7k4let4PRp2rG0GABoYIgLNU0Vq029PRbsMMAkT/ijzVttUi5EHnCxmdsr01Tcu604QRKhSMq3kq41D8BYa71srugLlXFTO6iwpnVW9FoZkLPTBGecrSxZQkrAEFsqTRKmGqsVIMtjmEiFJ40HUAgiRI5rfWdw48lemVZCiQrIUSFk1oJKUJQgUYSTShA0c5QhA0YQmgFLKiFJAwmFEZUggm0KxqqCtagsCmFAKYVEwphQCmEEwpBRCkERJSCiFIIJJhIKQQMYTCQTCBp8kIQNNIJoBCEIBCaEAhCEAhCEAhNCBITSQCEIQCEIQCEJoEhNCAQhEIBEJwiEHFUkk0DCMIQgaEJoGEIQgaaQTQCEIQNBCAmgQTwhCBoQhAIQmgSaEIBCE0AhCEAhAThAIQmgSE0IEmhCKEIQgEFCECRCaEEShNLCASTRCgSE0IBCE0AhCaAUajG1GFrwCDuCpIQc2pZVLdxdSl9P+XmE6VaYXRXO4k00n0HUaRdUrVNGMDYkz7NK1Wp7w6seafFmlrsKw6w2YS4fScaQfUEE7A8lpuHhjIAyVqdPlxOJcOqcTaGd+KIA30z+K4h/Z5w2rVbWu7q5rOGMENb8oJ+q9FWdVpgvDTjkqG3xqbh3pCkdu7P7WtR4aqVvTt7Wla0z+5pMDGN6ACAEhRpMnu2NZJk6QBKzOq3b5NG2qGObhp+9TZTvXwXljB0BkomvvK6oU3UydUGFyLUE3Wjm05IXcFrIiq5zuvIFU/ZadvU10qe++ZlNLFu2mmmYCsc8RusZuBy2Vb7oRujDR3VbG65j3a6kKVzXkHKppSfEeajLWoaGBXNVTFa2FYYyvphXaVCkFdCya5UVWyFQw6fC7ZanhZajJMqxOpSaxaNSmQokKi4uzaUDVdSfVY3fRuB1Vlvc0bunro1A4SQQDtBhb4tEuO1JrJkKJCs0qJCqIQEoUoShAkc0yiECTRCaBJpKXqgMJyEoTCImFYOSqCsagtCmFBqmEFgUwqwphBMKYUAVMKiQUgohSCIkFIKIUggaYSCaBpoQgaaEIBCE0AhCEAmkmgEIQgEIQgEJpIBJNJA0IQgEITQKEJoQJNCaBITQg4wQhNAwhAQgE0J8kAmhCBoQmgEQhMIABNAQgEIQgAhNCAQhCACE0IBCEIA7oTQgEIT5IBCEIBCE0CQhNFJNCEAkmhQCRTQgSSaECQnCEEYQmhAckIQgE0IQCEIQCpuaVaq637nT+7rioQ7pDmn/AKXO94V6tot5qWnUM6V3KTRpaod3rycdFccqE6XT0XPLthlrUwwkwZ9VmbUGqIBVl/cFzw0D1WB9XuiXO2AWLbrs394AIUe8XCqcapNd43aRO5We84y4MBbUcxrsg6TkeSbIpL0jqzG4LsrNVuGaSNXJePdxOtcVNFCpWqPPJlMuJ9gr7Shxms137muWzA71pYT84hNyvREeZdB1wQ93ikSqX3XKVRctq2tId+0scDBlYRXNR0NKjLToNca1QD+EHK1tWOgQ0QFqDkYTK4FX0t1lYZWqkrDCWyn5q3kqqasOyyYoOyqS2VacqMSVFQaxpGl2xXFq2DOH3OqiXUaTv/DHwzGdp30iBviRjPccFzOLOeabCKhYxjwXwSJaCN43AMH2SJ0xtG0uKcXtOFWf2i6qAah4GN3efJedsO2Favcsdc0qdOhVdA0zLBODPNHaThdlT4Xa/ag77W0BtMzBLAZEjpC84ROBgDACynJO3r+nenYsmKbXje+3/wCPp/KUoXleFdp3W9Blve03VAwQ2o3ePMLsN7RcMe2TXLfIsM/ctsXiXl5vTOVitromY+sd3RhKMrljtPwwuLTUe2DElhWmnxnhtRoLbykP950H6rLqhovw+RT5qT/RrhCo/tCyJxd0f+cKbbq3f8Nem70cCm4aZxZI81n+i2EKs3NBuXVqY9XBVO4lZMMOu6I/4wm4WMWSfFZ/o07JhY/7WsJ/9sof84UhxOwP/wCMof8A1Am4WePm/wDRP9G1qsbuuf8A2tw5oze0P+cFNnG+GOdH22iD5uhOqPqfu2fz0T/SXTCmFTSq06rA6m9rwebTKuCrTMTE6lMKYVYUwiLApBQCkEFgUgoBSBQTCYUVIKiQTCjKkERJASTQSTSTCAQhCBoSTQAQhCB4KAEtkwgMIRCEAkU0IFzQmiECThCEAhCEAUIQgaEIQCEIQcYJhEpoGhAQgE0J8kAmkmgaEBNAoTQhAwhCaBJoQgEIQgAmgIQEITQEB7IQhAIAQmgEIQgEJoQJNCEUIQhAIQmgSE0kAhNJQCSaECQmkgEISQCaSaAQhCAQhNA2N1GFpAgYVdEQJ6q4BabTuXVSuoACrqNkY3VsIKxbInTCbPWS6RPVZrjhx0+KoI9F1voFku3g4Cx02RaXH/sOzc4PeHOIPWFobwywYzSbdrwNg8avvRUum0m5MR1XPfxy3Y4h1VojlKnZnq0uq2mxjNLGtY0bACEi3JPNcV3aS1YDDi4+QWf/AEnY94a1j2k8yICbg6LNPaG2ZU4bVgw5o1CPJeTt3Fgjdd+9vHXNI0ZALhG64otX0zBMeijPWoaqVTAlaqb5WJjdK00yjCW2mVrplYablpY+FWLex2FYTIWRlTO60NdhEPnBTVeuCptOoII1HQFzb3TUb3ZAJeC0A9SI/FW3/ELfh1J1S5qgA/C0bnyC8qOJ3PFrx3dVBQax7T8QBZTBJc6eRkNE+ae7opx72xzk9oYOO3He31M7N7ogD/jcfnssACu4hW+1Vrau5oZVqUQarQIAMkDHm0NPmTPNVgYUny+p4FdYKx9EgMJnASCluj0oVwUBqmgIx6YR0lGlSlEouoR0ohNEImghOE4V2uihKFJCi6So161u7VRqvpnq1xC6tr2r4pbQHvZXb/8AEbn5hciEoViZjw583Fw5o/1KxL2Vp22tXkNurd9I/wAzTqH5rv2XE7K/bNrcMqdQDkey+Wwhj6lGoKlJ7mPbs5pghbIyT7vF5HoWC0bxzNZ/rD68FJq8VwPtk4ObbcTIIOBX/wDV+a9nTe17A5pBByCOa21tFvD5blcTLxr9OSFoKkCoAphZOVYCpAqAKYKCYTCipAoJBNJNVEhlNIIQNNJCBoQhA0JJoBOUkThA0JIQNCEIBCEIBCaEAhCEAhCEAhCaBITQg4yYQhA0ckBOEAmkmgaEJoAJoCEAmhCATQhAIQhA0ICOaAhNCEAhCEAhNCAQhCATQhAIQhFCEIQCaEKAQhCAQgJhAkIQgEk0FAkQhCBITSKAQhCAQmkimm0SUldTZCxtOoZ0ruVjAYVgCGiAmtLpJIqSRCIiVQ+mx0yFe4Kp0CZMLGW2rkXlpQquNOpTJasrez/DC5tX7K2QTBk4+q6tyAcNIPmqnOaynl0KQ2TPZlZwjhlFga2wt8CBNMH70jZ2LXAssrcEZB7sCPorH3VGN581hrcTobNdJ8kTvLPxS2oMLa1Om1rwYJaIn2Wa4t2ycJ1bsXN1TY4+HVJ81bXcCTKjOXNNPSdlJohTqPE7qk1AETTS0q5rvNYhWCf2kN9kY6l0mPg7q5tbC8/ccctbYxUqtkfwjJ+QXKuu19UjTa0g0fzVMn5I34+NkyeIevubplBpe97WgZJcYhca/wC2NOjTNKxb3lTbvHfCPTqvH3N9c3j9dxWdUP8AiOB6DYKsEnqpt62DgUr3yd/0abq8r3dY1a9R1R55uXQ4PQ0Nq13hxaG0nVBpkBvetLWnnLi1scoK48L0NzVPDrGhWq03CvTFBwcG6Q97QS1j+R0tNMxAnM+Vr9W3nTPw4x193ApvfWeatR7qjjHieZJwrwqqLdLek8lbKPXw16aRAlMFJOEbjlJOE4RkUIhNNF0UIhOE4RdFCIUoQjLSMJwmmqukCEQpwlCiTCBCicq2JaVQ0y1Gu3YtMmAvTdk+0brSs3h95UJouMU3uPwHp6LzUw4FFw0YcNirWdTtw8ri05GKa2fYwUwvHdke0xuNPDb1/wC9AilUJ+IdD5r2ErqraJjb4Dk8e/HyTS6YUgVAFSBVc6YUgqwVMFBMKQUAmqJKSimMIiSEghA00kIGhJNAIQhA0IQgE0k0AhCEDQhCAQhCAQhNAIQhAIQhBx0KAqs/mCl3rP5x80E+SagKrCPiHzT7xn84+aCSYUO8Z/OPmnrZ/MPmgkmohzf5gpboHzQjkhA0IQgaEIQCaSaATQhAJpIQNCEIBCE0AhCEAhCaKSaEQgEIQgEIRyUAjmhNAIQhAI3QhAkFNCBITRyQRQmUIIpoQiwEITAkwhraVNsmVpY1VsbCuaMLRM7l1VjUaSAQmhRZkkigmFW98KkQbnYxustYTkuRUqkLJUqmVjLZESpurju2kMaSV5fjXH3WzXU9qxGGnMea3do+PUOGURRptFW6cMNnDB1K8DXrPuazq1Vxc95kkrCXt+n8Ccv+pkj7P6ujd31W6oNivXa+oMjZsj4tJHqN1mtWVqVXU6oT5E/iqbZ5dUbR1NbqeCCRz5AkZ0nYwec8llrmsRNR1U03GGucIGOR5Tt8wVGeXh6zdG9b8PQM45Z2lZpLH1gMnSQc+6sqdqrKoJ7qs09CB+a8i9rgMFUu1qNluJiiO8S9NV7T28wylVd6wPxWSp2lefhtx6ly4JlABTbV+7449nVfx+9ds5jP90fmstW/uq8ipXeQdxMA+wWUBSATbdXFSviDB5KQSCkEb4TaphQarGhHTRpsCGXIqHV+7a5wc05a6Iaf+YtWi+IZassxcCsxrhoaHEhmkEOPTxOLvZo5QruGVH2FWlVbbtrP7yk+mxzAe9ectYMzp0kknrp5gLA8M7+oKTg6mHEMcObRgH5LL2cdI+PyvuqBjCYEoAUwEe5FSAThNNGyIJCaEXRITTCGiTQhGQQhPmqoRyQnsikkU0kRJuxWQHTUc3zWsbLHX8NeeqktOftESkVZUzbiVUTIVzv/AGdRjXvEsjXupvD2OLXNMgjcFfT+zHGxxjhoNQj7RRhtUdeh918vduun2f4o7hPFaVxP7px01R1afy3WdLal4XqPEjkYp180eP8AZ9YBUgVUxwc0FpBBEgjmpgrqfEzCwFSBVYKkCgsCkCqwVIILAmogpyqhpykhBJCSJQSQlyTQNCSEDQhCBymopoGhATQCEIQCEJoBCEIBCEIBCEIPFf2/ZT/eM/5wn/btlP8AeN/5wsH+jtT/AMNvzCf+jtUf7MfMIydD+3LI/wC0b/zD81IcasztUH/MPzXN/wBHqv8A4Q+YUxwCqP8AZN+iDpDilq7aoP8AmCtZe2ztqjP+YLmDgjx8Vu36JHgjGDvSwsc0yHNiQeqDuNc1wBaQQdiNitNN8+En0XOtXgsDcDrGwP5FaZI9Qh5bJTlV036m+fNTRiaEkIJISQgaajKcoHKcqMoQSlMFRRKCUppBCBppSmgEIQimEIQgITSlNAEJIlCgAmlCaAhCE0CTQkgaUJoQJCaECKEIQJCaSAQkmihWsZzSpsnKuaFptbfZ0Y66jZtCsCiFILBsk1ElMkLPVqxgK7SITdUCoqVIG4UXPxkrDdXTabSSVJlsiErq4YwZMFeZ45xsWdAwdT3HwCeahxbjjaIJBBdyHVeRuripd1jVqulx+iwl7Pp/p9s89d/l/VnrVq1xWdWqv1PcZJVRdzIj0V0KDhKPqPh9MahUX+YWpvEKtem5lyalYta8sbIzqADuW8CfbrlZXtHRUubCODk4oyRqzQ62AfVptqF+lgNKG+KoTBOJOwJ+UR0zVmOo1Cyo2HNwRM/crW16lQCnUrNbDgZcANQ5y7qORPTyAUqtMGmLBrG0nW+uq1z3f3jS0E55YbIHruU1E+HlxnyYrdGTvDC70UYlTcxzCA4biQZkEdUoWLpjVu8IgKQCkFIJpnFSA8lINQFIK6bawbQAtFrTbUrsD/7uRPn0b7nH15KjkutTpULSwc9zXOrM0ucWuA0ueDpaPMNBzBgk4xlDDkZPh01Hmewr8RuRbi1+01Hs7qAHf4vE4joM6RyIL9pWJoAEBQbLnFzok9Nh0CsAMKuriceMNPHefKQUgFEKSPQgwhCYRnARzQEbooQjmhUNCOaFFEIRMJFUNNJHNFCSaSIkCsl0PGD5LUFmuhspLVn70Vh3hWk5ohYphbyIpAeSkNOGd7YnBDd1J+6iN0c8x3fROxfFTecMNrUdNW1ho82cvlt7BekBXy3s/wAR/svi9Gu4xSd4Kn+6efsYPsvp4cunHbcPjfVuN8DPuPFu/wDutDlIFVAqQK2PJWgqQKqBUwUFspyoApgoJymoAqQKqJSiUkSgknKjKcoHKainKBoSlNA5TUU0DCaSfJA0IQEDQhCAQhNAkJoQJCE0HN4Rd2HGOGUb2g1hbUaC5o3Y7m0+YWLtZZ3f9gV63CHPp3dGHtFMSXgbiDvjPsvK2tWr+zztM61uH1HcHvfE15E6fP1GxjcZjZeqb247NP24rT92PH4LJWPsLxJvHOB/647VeW7yyqSQC4bgwOUY9ivSfYqH8p+a+Z8avrDgvaOlx/s9fUqrKzv9Yt2PjffHQ/Q+y+k8N4jbcV4fRvbVxdSqtkTuOoPmDhNEJ/YqBHwn5rw9zxS+4P20HD+LVGHhVw491ULQIa74SXeRwZ8yvfrk9pez9DtDwp9s8BtZnioVD/A78jz/AKBNK0t4PZtMtY7P+Iqf9nW8fxfNeV7DcerB7+zfFAad7aS2lqOXNH8PmRy6j0Ub/t7xDh/F38LqcADrgPDWtZcE652jw5lND1w4fQBkagfVD7FpY7Q8tdGCcgFeYHa7tF//AGddf85/9KkO1vaI/wD9HXX/ANQ/+lQU8I4/XPaGtwPjtOlbXExQfTkMqHpnqNvluvWfYmfzOXzztM7jfaSnSP8Aopc21zRd4K7XkmOkaRI5+XuZ9n2WveJ3fC20+L2VW3u6MNc57YFUcnevX+qqadD7E3+cpfYh/OfktaE0umT7F/8AEPyS+xf4/otiUJo0y29iatSqx5LdI8Bx4vNZqjHUnljxDhuukQQQ5pggyCnc0W31HWwRVZuPwU0jlolRMgwRBRKiJgpyoSnKCYTUAVKUDRKUoQSQhCKaEkKBoSQgcpyopoHKaimgaEJIGhCIQCEIQJCaSASTSKBJpLj8E4tU43xS7qUsWVt4KeP7xx3dPoNvNY2tqHRhwWyRNo8R5ehZhsKarG6kDlc7fpYNkydIyiQGrn3t6KY0g56Sr4Ija+rcgE5WB1yDUJJgBY6905jSXHxHkubW4j3UwQXbZ2WO2cVdW74kyiwkuC8dxjtC8FzKeX8gdh5rPxLjQDyxj+8qc+gXELi8lzjJO5Km9vd9P9M+J9vL4/UnXD6ry+o4ucdyU9QIUSwFQLHA4KPpo3SNRHZNxUHFIvIwQoOcCjC14JzsqpxUnFVOKjjvZB2VNl3VbSbSFXwtJOl8aXAgDf0H1Mb5gVEiVXBmxxkju191Qe+pb98Gs1zbVZLmEH+HbE4OR96oq0KtAxUAiSA5rg5pI3hwwd1GjWq27ajKdSoxtVsODHlswZH1C10qjHsfrd3heZqNL+6L42OQRq9Op6lHJWcmGe/eGMKQC20uF1q9VopAim4tBdUhpYSYhw9T7qbOE3IvPstajUpvcHhhjDnBpIAO2SITUuuM+LXzMQCkAvTcH4LUoNt6tWmKdUl2vW0Ehp0kYPk1zTzGo9FppUqLbar3ndtFao2k6lRte7BqAamtipIyJyQBtss4xy5b+qUraYrXenBsuH0KnD6l9XeIp1dIplwAfDS4g5BzgCM745imvXfdVn1CC1jnl4YTOTuT1JgSceg2XouOvdc8MoW3e0mPdV1up1Kg1SwQBI8IdDySJ6RK86+lUouNOoxzHt3a4QR7KWjXZ18C0ciZy2nv7R9EQFIBACkFi9yICYCApI2RASJgeqcKuo6M9ELTqE27YUkmthoCP4ohGUeDQiE+SqlshOER9VFGyipYUVUNP1SCEUihBSRjKSz3Ww9VoWe5+FSWvN8ksgzUY3qQuk74VzaPiu2DoZXTOykNHF71tLHU3VYwVdVGVTOUlqv2stGV9E7K8T+38Jayo6a1v+7fJyRyPy+4r54zIXZ7M8QdY8ZptBHd1/3bwTjOx9Z+9Z0nUuH1Pi/vHGnXmO8PowKkCqgVIFdT4NaCpg+apBU2lBcCpAqoFTBQWApqAKlKqJyhRlMIJJqMpoHuhJNA5TUU5QSTUZTQNSCimEDTSTQNCEIGhCEAhNI7IBCEQgou7G0vqYp3lrRuGNMhtVgcAeuVid2X4C8Z4RZ+1FoXVQslcV3Y7s87fhND2BC3cO4RY8IpvpWFAUKbzqcxriRPWCVtQgUJoTRdvF9u+z1SsxvH+G+C+s4e/RgvaNj6j7vQKllrZftG4Nb3QrNs+JWhDar2N1FvtIMHcdM+a90vm/GrOv2E7SU+NcPZPDbp2mrRAgNnJb+I9I2GaOr/AKE8b59sr/8A6/8A1oHYjjPPtlxD/r//AEi9ZZ3tvf2dK8tqralGq0Oa4HEfgVd3jP5m/NQeD4p2R7RWPDqt1ZdpuIXlekNQo6ngvHOPGcxy5rvdkO0tPtHwoOeQ28oQ24YOvJw8j+YXcNeiN6rB/wAQXzvtJbnsn2gp9o+DvY6hVfpuaDXiJO4gfwn6H2CI+jprLwziNtxbh9G+tXaqVZsidx1B8wcLUilCE4TQRISBdSeKjckbjqFMhIoKL+1bWZ9pof8AEAuZK7NN/cPJP9274h081i4jZdy7vaf927pyUmEZJTBUAUwVETBUlWCpAoJpqEpgqKmhRlOUDQlKRKBymFGUSgkmoymCgalOVCU0EpQkgFBJCSEDQhCBIQhAjukXBrS47ASUzgZXgu0/a2pcVXWXDn6aLDFSrH94enp9/pvja0Vh2cTh5OVfop+c/R7pl/TfYl9nTpXb3ZLWODiB0MbKnhDaLKFTuqZpCo81NBAEAkjl6Ly1q644bxe54aBrsKV1UbTcXlsbEtxyyNuZXq7mlQoWdN7XMY54EFuXOdPXeP6rXMdTfkpXDEVj377bgnzWLht0+6twajNFRphwlayYErUwUXl33NM8zyC51Km5xNascnYdFoe37RXkjwtVdy8U6Z8lGfiNOHxa4h2ppy3ZeMvL+pcVnd3Ue2mTtO66/aC60tc0GHVDA9Oa87zlR9J6Vw6zX4t439FZZzQJarISIVe9NNeCD+qeoFRhQdCMZtMG+CqHeSkXYVbio5slolElRKZSRyzOyhEJwpQiaQ0phqnpUg1GcURph1N2qm4sdtLTBXq+FXdJ1rTur65eG1Xi3eI8Ifk6jnm0ASMfh5gNVxqVX0mUXPPds2by5mfXJ+azrbTn5PBryIiPDdU4t39M3BoAXb6odUa4aqTmhjmxBMjDoI8pWf7dcutaVA1HE0XlzKut2sSIImdlQGqQapNpl0YvT8GPxUFz3ta17i4NJIkzEgD7mj5J5O5JO2U4wpAKPQpjrXxBAJ804TRuiCCe6cI5/JGROMNKzzrrRyH1VtZ2in5mAFVSGho80aMk7tFWh7xTYXO5dEqYIbqPxOyVW53eVA2PCN/Myr8ER+t0Z0t12mfaB+CIQZJ9UQUbgUSfkjdG0HkgRSTnmkqhp7qMlMCQhEkUkyookpLPdHwFaOSzXeKRKktWf5JZ7LxXZPQLpnaFzeGCatQ+gXUjEkg+SkNXCj/S39WSsFmdgrVWCzuGUlrzR3SpkkxyWkABuMLLTMOWthkJDZh7w+i8Gvvt/C6FcmX6dL/94YP5+63zK8h2OvNNS4snH4v3jPuP4fJerDl10ncPz71Hj/u/JvT28x+ErgVYCqGuU2uWTgXgqYKpBUwUFoKkCqgVMFVFgKYUAUwUE05CiCmgacqKYQOU1EJhBIJqKaCQTUQpIJSmoqQQNCEIGhCYQKE0IQBQhCATXM7P8bt+P8JpX1DBPhqM5sfzH65ELprNXzTt3R43wTiIvrXi1+LC5ds2u+KTubd4jmPccl0LTszx69tKV3Z9tLitRqtDmO8eR/zL2XEeH2/FeH1rG6bqpVm6XRuOhHmN14TszxG47IcfqdmuKvP2Ws+baqRgE7Ef4XfQ+6CXF+D9r+C8OqcQp9oa10LeHOpiZ08zmZjn5SvV9mO0FHtFwll02GV2eGvSH8DvyO4/oV2MEeq+b8Tt6/7P+07OJ2bHu4TeO01aQGG9W+o3b7jqg+kLPxCwt+J2Fayuma6NZulw/EeYOVO1uaN5bU7m2qCpRqtDmOHMFXKD5twO7qdlOOV+y3GiKnDrqRSqVG+GHYB/3XbHkD7lcXjXZ207Ndo20+JU7mvwuuHOpPoEB4HTOCRifIyvova7s3T7R8KNNsNuqMvoPI582nyP5FczsL2iff0H8G4pLeIWctAqCHPaMZ/xDY8+ecoPHCp2FG1nxs+pZ+asbX7C/wDuvjDvVzf/AFL68GgbAfJNFfPOC9q+A8EpVKPDOFcX7uodRY4BwnqAXY/oOi7HD/2gWF3xWjYVrK6s3V8MfXAAJ5fPb1Xq15/th2YZ2i4Z+7Gm9oAuoO69WnyP0Pug9AheT7D9pn8Tt3cK4iXt4lZy13eYdUaDEmc6hsZ9esetQJCaSAIkIpEEG3q5Y7DfLyQk5ocIQcq9tXWtUj+E7FZwV3i1t5RNCr8YGD1XCr0X29U03jZYoNSmCqgVIFEWSnKhKcqCxEqMomQipSlKUpTlBJEqMpyglKYKhKYKCcpqEqUoJISlAKCSAkmgaEkIGjdErldoeNM4Lw11YQa7/DRYeZ6+g/W6TOo224sVst4pSNzLi9tO0Bt6buFWrx3tRv75wPwNP8Pqfu9V4m2aw3VJtRpcwvAc0cxOVGrVfWquq1XF73mXOO5PVX8NpGtxO1pAEl9ZjYHmQuW07nb9C4vEpw+P0R513n73ruHW17xC8u6dzSZToiuHuYymIkENcBnM6XDfcLq2XeG6r0GWt2+nbPPduLC8lsmDA3xBON8cpWzgNsKdtVdHx1nHrzz9ZXTFJ1Ks24ou7uqBGocx0I5hZVtHiXw2Tdu8fd/aGa3o2bmiu3XTrRs9xnOwj3jOVN1S4bTi4omkSYBJBB/JK+vro39rXqWrHU2GKxZu4cjn+WZjywqOL8StKzW2lK4Y6tULXGCRpbMzkfFyjB8UwBMyaxG52mObdUV00NAawrkcVrFrCAoDiLrR7KNZ51ObqHPESPpJ9lg4ne030H1dQ0tBJKw9nRrptqXkOM1++4gQDLaY078+f68limQFdWoVqlI3fcVBTLiDU0EMceZaTuJn5c1nB5I+24V8c4YjHO4jt+aaRKQfOyiXYKOubE44VTjhSc5VOKOa9iJVZOVIlRUctpJMBACkAjGIACkAmAphvJG6tSDVINUgMqQaq31oiGqQCYCZwNtkbYromicqUZSo5Y0qcIzrG42UKUIT9EZxBAJxzTHVMDOyMgZicBGYlSPoOn1TJI1bcwgy3HiqNb0+9VPMEAb7QrKziK73EyqiW53O8LKtdvE9Q5lMFZjerT/3tKk4SB1jPstY8xhYQCx85hbqb5Zg8lJd3CvW2OOnwenpEY+5GzoUXvAdEj0+iDnKjt2ZGIS5QjdBOdkUjE9FAukqL3HVp5KGqT5I02v30tDp2VunHT1VLBLsBXx9EZ0VuUVJ4gqAOUS3lMbLNef3LlpbsqLwTQf6JLDNG8cqOEiTUJ6rp1i2nDY8RGwXJ4U6GPjcnC6ZAB6k81IauFO8FdKKoJEnHks7lprGVnckmWO6LfiWulssrR4lrp7JBgju1WF39h4jQueTHeLHI4P0lfQw4ESNl80eML2nZy9+18LYxxmpQ/du9Bsfl9xW/HPfT5/9ouNuK549u0/4dkFTDlUpArc+PXtcrAVna5WAoL2lTBVIcptKotBUlWCpAoiYKaiCmCgkhKUIJgpqCkCgkhJCCQUlEKSBqQUQpBBJCQTQNPkkE0AhCEAhCEHxzsz2hPZ7iTb1jJsLs6K9BjiTTI6A9JkTMgkTMke8Z+0Xs274rmq31ou/AL0T7O1qCH21Fw/xMBVR4Pwt3xcNtD60G/ks1cYftB7MHfiJH/8AAqf+lef7Zcb7KdoeFE0uIxe0AXUHdxUGrq0+HY/Q+69pW4Bwp9J7WcMsWPLSGuNqx2k8jEZXzv8Asq6s+J1bTir7R1WQKTLOhZlzif8AA7SenJQen7AdqP7b4ebG7qF17aty5xk1GbB3qNj7HmvScT4bbcW4fWsbtmqjVbBjcdCPML5wx1Xh3EaFKtet4LWLnd1c1+C0aZfMCJaSBE743Mla+O3/AGs7P8RtqN3x+bO4IH2ttpTIYecticb+nyVEez/G6nYnitzwDjtR7bMEvt6ukuDZzIAk6T5TB916f/T/ALL/APvQf/Rqf+lcHtPbcWsKVhxa8dbcbtqMNuGutafiaTIIMEgEGOkgHnCs45a8EvezTuJ8BPDKFSizvHMNCi4kRJa4EGHf5c0Ha/0/7L/+9P8A/hU/9K8b2v4xwStxKhx3gHEy3iVNw1tFJ7dYAw6SI2wQdx9eZd3rq9tQ4na0rKjaueKVzTbY0Xmg+NwC2S1wBIk7gicSexdUrfgtr9vZxHgHGGNjXautKNN5BI+HTmf1lQeksP2j8Ar2NGreXZt7hzR3tLunnS7nBAIjotB/aF2YH/5RJ/8A4FT/ANK8FT4kWMqNbZ2BpXzP9SuK9nRHcvByxxDdM8pI5td4QVdwKyt71tapf8ds+F3tGoWOtrmxotA9nQOuIxCo9m79ovZobXdV3pQf+IWd/wC07gLDDaV6/wD3aQ/Fyx9kOM2F/wARrcF4hZcOqXVEuFK5t6LNFcN32G+JBGCOQjPtmWNpTHgtqLfSmAor5L2i7ScPvONUOM8DZeWl9TM1C9jQ10bHDjywRsR7z9O7Pcaocf4TSvaQ0OI01aZ3Y/mPTmPIhdEU2N2Y0egUhhAJoRIQJEKL61OmCX1GsA5udCxv47wikSH8VsmnnquGD8UGxwIIc0w4ZBUbu3bf2+toiq3ksX+kfA//AHzYf/7LPzTo8d4U6u37PxSyq1HY0MuGEu8olBzXNcxxa4QQmCutxOyFxTFzRyeYXGmFiiyVMFUhykCoi2USq5TlFTlEqE5RKCcolQlEoLJTBVUqQKCyUw5VymCgsBUgVXKkCgmChRlMFBJCUolAqtRlGk+rUcGsY0uc47ADcr5Zx7i9TjPE33BkUm+Gkw/wt/M7ld3tj2g757uF2r/3bD+/cDuR/D7c15EhaMlt9ofa+ienzip8fJHefH3R/wAkvT9g+Hm64y67cPBatkH/ABHA+k/ReYX1DsZw/wCw8Col2H3H713vt9IWp3eq5/hcaYjzbt/u71C3ZQpljBAJLvcmT9SrIHsnCIMqviycwFsclzLvhrKrHafC7MHp6LqnbCoqYnzRlE6eLvLHuLwuqag1+D4vCBMwByyBldPg39n0rG7vLksrMqjQWeGDBg9J9uoWniTGupEOG6+c9pajras23oVnsa6Xva1xAPSfqpvcaltx8ec+TUT3d7iXHrW9s7prq7XW5oCnTouABFScaQDsMy7nPkvITBXNLixxM53JWxlZtVkg55hSK9PeH03psVwVnFM9/P8A+JPkHUPfzS1ghJzplVOw6R7jqj0LX14TeVSXaky6VQHw4iUcuTJqVso5pDKk0SUYx3MBTaMIaFY1qOitShTG6rrO0CRlQbWJ8ldMuutbdMtQClCpo1NTiJytEI6scxaNwQCVQfu3ehU+qjVH7p/+6UZ2j7Mo24HdNjb+qsjKhQBFPpk/erY54Vnyw487w1n7o/QRO6emMpGYBgJVMUSfZRumYiJmUgMBSEkE4Q34ANsKcNkyP1KkqjgmPkI80apg8if6ojGBOOZSrOFNh+QRLWisbnwxVnu74xsFCCRmM/5pnMmTM/0UZOc+gXXSuofmnO5M8nkWv7e34CCQIzz+anTrO0wARO6iCROef9EOd55GAsJx7l3cf1W2DD018mC41JjJOxK1tiIWM4cMxAmVdSq8ifdapjUvqPTuR144m092jzHJRJx+aQe04mFVUqN0kjIWL07XiI2qLy6pv7KU+SpbOvmMK0QTAyjhpbq7tNEQ3UeatmR+vVRYBpjO3VSIR6FY1CpyqnKtfkEqgmHI13nUr2bqq6E0H+hU2ujKKwlpB5ot+9JhyuEum4DOsldhxkrj8IbN688msP3rsFIcfpu/3fv9VNRUuV1TdVEKS25PJMGVqZss7BlaWKw2YYShdXs1d/ZeKik4wyuNJ/3hkfl7rloBcx7XtOlzTIPQrKvaTl4Iz4bY594fSAmFRZXLbu0pXDdqjQYmY8loXU/Lr1mlprPmApgqITCMFrXKxpVAMFTBQXgqYKpa5TBRFoKagCpAqicpqAUpQSTCimEEk1EFNBIKQUQmEE0wohSCCSaQTQMJpBMIGhCEAhCEHku3txxnhtjS4nwq7qUqdM6K7AARB2dkdce4XN4K7tvxvhlO+tO0FmKbyRpfTbqaQYgxTOV0OB8dp9obS47O8epijxFrDTqMcI70R8TejhvHuPLj9iLqv2d7TXfZq+dDajiaZO2sbETyc35+FZjrHhf7Qoxx+w/+mP8A9EsfEOzHbPiTAy+v+F3IAga6LSW+h7uR7L3yYRXxbjXZ7ifZY0Li6p2lQVXENLG62gjqHCOa9I/hfbPj/CaQuLnh9zaVmtqMa5jRykEQ0EH08wvV9sOEf212bubZrdVZg72jAJOtuYHmRI91w/2YcX+08Hq8MqO/eWj9TBj4HGfeDPzCgqteFdvrK1p2tveWTaNNulrTDoHSS0lcy57A9oryp3lVnCmu/wAA7sfJrQF9QQivnNv2P7V2/D6thSr8KZbVh+8Z3YOvpJLJxy6LKP2dcfH+24UP+H/+RfUEIPlfHuC9p+C8BYbmtYV7GjUB7qjbsPdk41GaY9J81dYcE7Q9puF0LxnE+EXFLQGDvLZhfTj+E/usR6/RfS6tKnWpPpVWB9N7S1zXCQQdwV85m4/Z12k51ODXx8yWf/zN+o89g5Nanx7svxylYVLu0se/gNu6dvTDSD/i0AwDv+S9Z/o12uqj972pLf8AcaR90LtdoOCWfajgvd6mOcW95bV2mdJIwQebTz8vZcHsR2gr29d3ZjjLXUry2ltEvPxNH8PsMg7Eegkiz/Qvj78v7Y3o/wB3X/6wpDsPxY/H2x4iR/xf+teyQivB8R/Z3f3VAkdori4qgQ1tzqLT7yY+S4R/Zjx1wqTVtdTNiahh/pj74X1lCD5E3gFtwcD/AEi4HxNlMDxXNtWa+nPLAGP+aV6nhPZXsVxaialj/rQHxDv3hzfVsgj3C9puvN8X7E8Pvav2zh7ncMvm5bWtvCJ8wI88iN+aCbewfZlv/wCTB71qn/qTPYTs0R/+zAPStU/9S5tj2q4hwW+ZwvtXSFMuJFK/YP3dQecffAjEgbr2LXtewPY4Oa4SHAyCEGLhVhS4JQ+zUKlR9pOGVXau7nod49VTxaw7l3fUxLTuumRIRTLXN+z1B4T8B6eSg8xOVIOWjiNk60qkgeBxx5LHqWKLdScqrUjUgu1JalXqRKCzUnqVWqE9SCyUw5VakwUFwKkHFU6lIOQWgqQKqDlIFBYCpAqsFSBRU5XL7R8SPDODVqzHaar/AN3T/wB4/kJPsulK8p25uWOp21nEvk1SeYGw+efksbzqrv8ATsEZ+VSkx233/J4oggZS3UpkSZ9VHnjZcr9JbOE2J4jxS3tAMVH+KOTRk/QFfYKDQxoaBAAjC8L2D4fLq/EHjb90z7z+H1XvKYwq+Q9Zz/EzdEeK/qsGycQEAJo8REqiqVc4rJcPhpRYcnidTdfMeO1hccWrQ6Q0ho9v0V9B4tXDWOc4wACSei+XVqne3Be8yXuLipEbl63B+xFskx4VVcNyqaVUsqYTqunBOFSXQ4zyWzpnTZbnY7ZKzVt72coLliNaBvsrWVdXOVqmJehXkRadL1keYeYK0gyFiuDOysRuWvk36adTVRfJhaGhc+2q+MArpsCkxrs3cTJGWnVCTQrGhJoUxgKvUrVTXImNpBWem2OTczEjyVtQlz5HzSpgnz/yW7HG47vkfWORMZ46JTpwyoHaYGRutoBiY6rJplu++PotlMksbjcfgsckal6voGe2THetvaRpEnKTm6mlpnIKnESfb6JE+X6ha30cqqP9yCCDMq12xO+6qof3Q8pVtQnQfQqz5aOP2wU/CP0IHwN32Vdc4YOW+FNkECFVWMvLQf1Mq1jcuf1DL8LjzP1mI/u00yCxpk7Kc7Ec/wCp/JU2z9TRjYc1ePC2Of6/JYS7qzuNkSG4GR5/ryWKtVL3EZIA+aur1IPdA5OCVmB1cyVuxU95fMeu+oRWv7tjnvPn/YiGgQT8lBzQHxI8x7KwiWlxHp75VQMnMZ6frpC2RbdngZeFOHj1vb5reI+5IAYEjr8kyIInlvPkmxo1CdjG26gWxgQeo+qsW6uzTk41+PETeO8hpAccCTvP1UnZd7CTPTdQaATJI+Xuk8QZ+ZS1Ik43NycefspCp4wCRtETuq9fiIaZ9v10UXbFyiTgOiecfr2U+HEN8+qZ79pnyupuyScKVN/jGdlFgBZiCYET+XyUg0Bs7csdVomH02Dl0mKxEttN8bHKsdz3gBYWVQ1xnJV1S4IZMepKmnsfvOOtOq06g3mAVle/xJVLguBgQsxqmc7pMTDhtzsWb+HO2+mdRACvrDBVFqJElaKmR7KPRxd8e3O4SzTXuT0IH3rolY+GtIqXON6hK2kCJRhw69OCI/H9ZUPVcZVj91BQv5NgV7dlUwK9uyrbihJIpwkq3zG3qOyd3roVbRxzTOpvod/r969HGF8/4Te/YOI0qxMMnS//AHTv8t/ZfQAcBdFJ3D8/9c43weT1x4t3/P3/AO/vPZCE1m8EKQKjCaC1pUwVUCpgoLQVMFVAqYKCaYKgCpBETBTlRTQSCYSCaokpBQCkEEwmFEKQQTCaiFIIGmEgpIBCEIBCEIPM9rOyp4wxt/w93ccUt/FTqNOnXGwJ5Hof0PD8av63FqFPirmOtuNcLc1l03TpJAOKgHIh0A+o5L63Rq069Jlak8PpvAc1zTIIOxXlu2fZM8XpOv8Ahs0uI02FrtB098yILT5xj0ws1073AuK0+N8GtuIUoHet8bR/C8YcPn9IXQyvmH7NOMPsOJ1uB3epjaxLmB2NNQbj3A/6QvqCECRGV8lteJWfAf2gC8sLhjuG3byNTTDQxxgyOQa4T5ho5FfV61GncUKlCq0Pp1GlrmnmCIIXxTtZ2cq9nOKupDW61qy6hUI3HQ+Y/I81B9vQuF2L4v8A2z2atqz3F1akO5qzM6m8zO5Ig+67yo+eca7adpuD8bdwypa8P1FwFKo9jmte0nDpL4A65xBW8cR/aIf/AMicO/5x/wDpF2+0vZq17SWTaFZ5pVKbtVOs1slvUeh/JcD/AOzRrmhtXjt48DAEbD5qGmHiXbPtdwi6pWvEOG8PoVKw8BcDpOY+IPge5wr+K23bfjnD6lle8I4d3b8gh41MPIg6zBWj/wCy3hrjNTiN6/3b+SK37LeFGg/uby8FbSdBe5paHcpAbsitnYjhvHeC2rrDidJhtsupObVBNM82x0O/r64XbXsu7ilBvE+H6qfErQamGmYNQDMf7w5H26Ri7GcfrWNyezHGdVO6oO0UHPPxD+WfTbkR7T7lUh5zsb2oZ2g4f3dd7W39ARWZEFw/nA6HnGx9QsvbTjnH+z4Zc2TLapZVPCXOpkvpu6HMQeRjy6Tzu1/B7rgXFG9rODaWlrpuacYM4JI5gzB5znzHp+HX3D+13Z/vDSbUoVwWVqLjOh3Ns+WCD6FRHm7Gp284vZ0ry14nYMo1m6mkBpjy+E7bLY3/AE94XSdXrPsOKtGXUmDS+OemGtE/P0XOseDdruy13dW3BKFK7sajtTO/e2B5xqBB5HrC0uH7Rrg4Nlag9NBj56kHc7OdqbLtFTe2m0293SE1bZ5lzRtIPMTj7wJE9xeH7MdiuJ8O4+eMcTvKT6njcW0iSXudM6pA6yvborHxbhFnxqwfZX1LXTdkEYcw8nNPI/rZfPrW94x2ava/ZatxE2+rNjdPphzQT8IIIMNdsY+E+6+nSvD/ALUbBlbglvfNYTWoVgzUP5HAz9QEHI4RxfthxTilbhZ43RtbyjP7q4osBdG8QwgxHyyvQm47acLpg3dnacXpNBL3WztFTy5D6NK4VXhdz2g7MWHaTh0/2xaDTWNM+OroMAnq+AD5zHQL1vZPtLS7R8NDyBTu6IDa9IbA/wAw8j9NvMhs4Xxey7T2NVrA9teidFajVbpqMPmFyLu3faVzTdtu09QuzecNDrlvELQNpX1IQ2psKg/kfG4P03HQt5t+O8NFekNLwS17T8VJ4wWnzBwVJRwNSWpRqNfSqOpvEOaYIUdaxRaHI1KrUjUirdSYcqNSkHILdSmHKjUmHILw5SB81SHKQcguDsqQdKpDlIFFXAqQcqg5SDkFwcvn/aysavHLjmKYaxvpE/eSveBy+bcaeanFLwuM/v3j5EhasviH0f7PU3yLW+kf5hzv4YRSZUqV2UqTdT3uDQ0cydk4wvRdi+GfauJOu6jZZbjwyMF52+Qk/JaH13JyxhxTkn2e34RYNsLChas2ptgnqdyfnK6zBAVNBkBaQIVh8BlvNrTMmkU1BxValdQ4XNvamlpW6q7BXIv6kAqM6w8x2luSzh1cg7t0/PC+fVHEEycheo7X3uinToCfG4uMdB/n9F49z53cQtlKbjbbPMnFWccR5RqvE+vQrO58JvJImVQ4nmt+uzzJt33CfeH1U6VWDusxOU5g4UmsTDbj5F6W6nWov1NhVV2jUqbSpmOa2V2giYmVza6bafS0vHI4+2Ng0ukHZdmiQ+m0j3XKDRqwulaHdsROy2ZI7bc3ouWa5rYp92oCFXXf4YnKtBAiSs9TR3kicbZWqI2+o5OSMWKbIRyxkhSZH8qGtlojKerYaZ2kLqrGofnefLObJNpSnAI8lsowKLc8ljpgucGgcgt7IiJj0C58k7l9n6Fx5xYJvPuAMDxDfoomYP5+SlgATvCg8+E+nL0WD31duZo/NWmDTMcwslu4tY5vrAiFpoE1G6dPKPVW3lw8LNW+Ckb8x+iLCA4TsoO/vHgQTKDgxv8AgoTgk8+ZCyp5cXrHfja+9Kk8MqNjY9Ctj6gY0k5POFyg4hw6rRVraw1o5DMfik0+1pq43qEV4M5Lea/9wUkkuMgnJ6qLgGsgYjY802F0SYlJ7TOk4gSTC3XnVez5ng0nkcqLX7+8gvhkRzMKdCnqqEjYY9TsqwD4XHAI57dfxWllRtJgiCZwOq071Gn0nHxRyuR8e/y07R+XuVw0AgA55eazkOIAkRHTr/kpVHGdWS7yKi7SXSOWAssflyeu946kck7CD8lB8mJOOak6CRBx1hQqjwgz5/r5LpfIoGD4VFpmWjHREzgyMfr8Uhh0u2ByipMLhIC0sPhMgZ39P8lRp8QmA3zVzBzEn2/XksZrEtlc16+JXFxJ2DZ38+qVUamOOM7wkWyMjP3oaZbBjHnukViPBfNkyfNO2MECeqoImoIIIlWVBpLgd1WweMSFryR7vS9Oy264x+zrWoApq50lpxyVVv8AAArjsVzv0LF8kM1pivWAxMFaSJWehi7I6hanjGM+aQmD5NfizP3UFY/dQG6Ndo7rGBXNGFWwK0I6KR2OMJEKSSrYgROF7ns/dfa+EUXEy+mO7d6j+kH3XhzvK9J2UudNStbE4eO8b9x/BbKT3fP+vYPicXqjzWdvUJhATW98CAmkmiAKbSoKWyCwFTBVQMKQKC0KQKqBUgUFspgqsFSCIslOVBNBMFSBUAphUSCmFAKQQTUgohMIJBMKKkgaEIQCEIQfLP2f9q3cPrjhHEKum0dPdPccUndCeQP3+6+piDkEGV8p7V8LtOE9pjROulwy/bqqljcMfkeH/dJmBBgxzXc7P9oLns9dU+Bcce02zgPsl6DLC3lnm3oeXPG2fld6bu03Y515fM43wh/d8Roua/uyRpqlpkHOxx6H7/ScK4h/afD6VyaRpVCNNWk4eKm8Yc0+hWsRyTQHyXM7QcBtu0XDHWVyXMzqp1G7sdyPnvt/mumhRXzHsZd1Oyvam54DxAtaLhwZrmQHj4SPJwPTmF9PXz79pvA9dGlxmgzxMinXIG4/hcffE+i09hO2h4k1vCeJ1Ju2j91Wcf70Dkf8Q68/Xeo9wiShCiuS7tRwJhg8XtMchVBVD+2vZykYdxWmT/ha533BcPtj2NfcXTOL8It2PuA8GtQgRUM/FBx69fnNAs+Mlo7nsNwtpj/aaD+IRGbtdxLsxxZo4jYcTFLitvDqbxSqDXGQJ04PQ/PG3e7GdsG8eofZLwhl/SbkjAqj+YdD1HuOg8txHst2lv7yndM7P2No6nHhtzTDHQebS4g/LK69Gh2soVW1aHZTgdGo34XspsaW+4eqPdVGMq03UqjA9j2lrmuEhwO4I6L57xCzvewHFxxLhmqpwi4eBWt5nRPL8j7Hz6F5xjtxY2VS6rcKsAykNT9EuMdYDyu1wrivDe13BXzTY5rm6Li2fksP5cwfuIxFdOxvbfiNlSvLWoKlGs3U1wP6zyV6+d03Xf7PONik576/Bbx0yQT3Z/Bw/wCofT1/F7Opxvg8cO4hUtqjmipQrUahaDjEkbg/1QdZC+T8H412q4dxitZOuH17lnxWd3ULjUjkwk7wZEHPnsvecE7WWHGKhtjqtL5h0vta+HAjeOvPzxkBDbuSvmPb7tEeMXNPgVjQqOFOsC4uYWufUiA0NOYyeWTttJ+myubxns9wzjtLRfW4c8CG1m4ezfY+5wZCgq7JcHfwPs7b2dYAV8vqwZ8RMx7CB7LzPajhN32Z4sO1HBXEUy//AFqhygnP/CT8jBHlp1dpex/xauNcJZz/ANtRaB93zED+Fei4Nx/hnaC3L7KsHkDx0XwHt9W9M77eao8zcftT4d9nP2Th93Ur/wALaga1vzBJ+nyVf7P29oBxO7v7ug6nZXZdUqNqN0948mZaPc52XvQABAAA6BCDncb4b39MXFDLgMR/EOi8yXQvcUy1ssf8DvoV5zj/AAw29V1zTHgJ8YHI9ViOVqylqVWpGpRFupPUqdSNaC8PUg9Zw5SDvdBpDlIOWcOUg9BoDlMOWcOUw7zQXhykHKgOUw5FWVK7KNF9V5hrGlzj5BfN76ubi5q1iI7yoXx0kyvU9qL/ALqzbaMPjq5d5NH5n7ivIVHYEjK58k7tp9r+z/FmmKc1v5vH4QjkjbK+n9nOFnhvCqVFwio7x1P94/lgey8X2T4Z/aPGWVHtmlbRUcep/hHzz7L6dSaAMLWx9b5PeMMe3ef8LKbYCsCQEJrKHzMkdlBxwplVvQhlrugFcLiFQ5XYunQCvPcRf4XFYy3Uh847U3Pe8Vc3/wAJob77/iuGXfJbOJ1e/u61aSdbyR6LnFxBhdGOezXzsPw7RKLjlVuKk4yqytrzwUvRHkgoLqLtLpG66gIq0Qdz5LlUx0XQtnQI6rTkr7va9Lz6tOKfEgDxYC1UToc05x9VWGTEK6i2DphZa3Vpi/7tzOr719YguCjoiCMxj6p6HQ4HMCAZ8wpieTcE/isKVd/qvOtNumk9phWJa/w9RPzUmwXCSfOUDlA6Y90NlzmgiCVstPZ5XD4/xORSk+7Rbtlusg5IWhsROlREAAACMZU2RHQ8uS5JfpVKRSsVhCRpEeW6g74duv3KTzkeiRJJhVkxMmCRg5GN1fQdoqAjDSYKpawtJaJhpjJ5q2JbsdUY+a32ruu3wfG5WTi8quK3iszH9U7hhBwcOVAMjfEQJK2VGa6AzBifxWONQDBEQtNX0vqFIvNaT/Mqa2XidpVsNnB0jzSzPXYqcA7t9/KP6rdM+JfJVi1uvD7RJN8ZAB88KL6msc/F5KQAAziTGPL/ADTNNznAtEDksb23Onrek8O1cU5dd57QgAag31Y5Y8z+Ck0Fu/xdFoDG0qLoyY3hZiT7la5nb3MfHjj1iPcxJqDxfDn1UJMnfG0qcHTgAEnaMx+oVbgTkHHT6rbj7PlvVcs5rTHtAdAxJPl9FTVqahE4/X5Kw+GJ38knMa0lzpgHP6+a2zaIeRj49rqtLiASPqlEHxBW4M5IEdcKvzPPzUraZbM+GtIjpWU4c0SdsbKxjiPbMKqmQ1+Yzgq8N2JWxx+Ew7TEjHmkAAT05Jy47mY5ny/qoRAw4YQZLn49QMzzVNM+Nq012TnkNlnpt/egBackxMPY9Nw3jLFpjs61v8Kv2Hqs9DAWgxAhc79BxfLDK3F43zC1umFkdi6pnzWp6QxxfzR96h+6Q3TfugDKMZ8rGK0fJVt2VoCOivgII6J5AQqyQctHDrs2V5TrjZhyOo5qh3qq5gqw0Z6Rek1nxL6bTcHNBBkEKS4/Zu9F1wxjCRroeAjyG30XYXTE7h+X8jFOHLbHPsaYSRzVc8pIQEQgYKkCoJoLAVIFVqQKCwFSBVYIUpQWAqQKgCpBETCmFAKQKCYUwoBSComFJRCkEDCkFEJgoGmkmgEIQg5HabgNLjvBKloGtFdgLqDzuH/12/yXjOyj7TtHwur2Z4u2Lm11Otqh+JgnLR5g8uY9F7k3NTk8j2XGtez/AA6y4s7ilCi4XTnOeXl53dM425lZMtOdwvjt32Q4k3gXHnmpbGPs1z/K3Ye33ei96HNc0OaQQcgg7rzfFOFWHGjS/tG37/uZ0S9zYmJ2I6BbaE21vTt6OptOk0MY2SYAEAIadiR1TkdVye+q/wA7kd7U6uQb720ocQsq1pcNDqdZha4ev4r4rT4NcUe0dbhVOuad7Qc4UHA6Q97ctg4iQMHqR1kfW+8qHqsp4faG5+1GytzXnV3ppN1z1mJQZ+xXa1vaCzdb3Ra2+t2jXGBUbtqHn1/rA9RqHVcC24faWjzUtrOhQe4QXU6YaSOkhafH1+qEQ6hqNHMJGqwfxBczxdU8oro98z+YfNLv2fzBc/KMoNxuGdV4DjdhddnO0NDinZy2rVGV5763o0y5oyJGNgZwORGOUewyiFDRXbLPjvCe4vKDxTr0w4seIfTJE+xC8x2Qq8W4LxOvwe4oXFXhwe8Ua7qZaGkE5HQO6dT5mfUIhDTidsuDf2pQp39hrbxG2I7ssMFwnryI3BUf7KPaPg7Dx6y+z8SpjQ24pkajEQ7GPb1iJXdjO6WeqGnG4JedpeHXZsuJUPt9oHQy87xoeByJBMkfXfJwvSfb2/yFZIRGEXTSeJNBju3Fea7Qdn6V9V/tDhLTYcTa7UKtNxYHzvMc4nI3nMrtwEjshqEeC3nGGWmjjJtqlZpxUoE+IeYgQZ6Lom+/wrDOIUC5F1DeeIAD4JXhOOUa1HtQ/iLHeG5aKLWd44kTguPpmBttjC9RUcYlecvKgrcSecxRGkepWFu/ZlGo3KWpLUq9SNSrSs1I1KvUiUFupMOVWpGpBeHqYeswcpB6K1B6mHLK1+VMPyg0h6n3ga0uJAAySVnDlz+N3vcWfdNPjrY9Bz/JS06jbo42C3Iy1xV93B4neOvbupXMgE+EHkOSwVDMFTc6THVbOC8P/tTi9C1ILqc6qh/wjf0nb3XG/S/scfF9IrH6Pcdj+GfYuDU6jhFS5/eO6wfhHy+8r0zBHJU0mwIAV4WUPz/PltlyTe3mUkFCRVaCKrqbKZVVUwCiubePyvMcdrGlZ16gMFrCR6wvRXjvCSvG9qqwbwyo2YL3BvrmfwWEuvj16rxDwNcSSFirMI8QC6FVs5Cz1GmM/JZ1tqXp8zjxkiYlgUeanUBBnKhyXVvb5a1ZrbUptAduh9PQnTMOzsrnsDmrXM6nTtpirkxTMeYQoAHBW6i3oFjpCHLo2uHgdRspkns6fTMdb5dWWMkgx9VeyC6YUGNOpwx5BTpiHEQd8LLHPZq9SxzGeVsHTvPUIEkjBjGT6qbZc0dAceuEvhfG+3LZWs+zmy456azCAzUaOsIcNDtIGQRy2VlNgFWOjRPqpV6epoImWrT1RuX1NOBaeFS+P5694/2Tpu1N3gq1rpbE7LLbzJI29Foy1uBPtK1y+iw3nJji0xraEycJtnUCZHmgYnnjqpAAAn2yUbWaq2HgmYx96GnSBg+vzVlUQGztKq8UtDQNRGPX9FdFPlfCer4//PzEe+m1kNpjVs0c+kBYbQB1Y5kgEytV64U6EAgE4/XsqLEODKj/ACWmPlmX0Oe8X5+LFH8sTM/4VHwuA1GOanODmMRPLqgASC3JIwU3EDz5+pW7X2YfJTfpz5Pv2gSRJIBMCT98q7vAGyTKzuIfkkEuM/r5IaS4FxOMxK1TWZfQ8b1LDhpMWnu1Go11ueqoAAn4skweY5BMN0kh+wHzwpQWjPLPulap6h6hWa1ikogifCNsfWFU8ExI57j9dFc0HrgAnPko1S0Dfbp5Y/FZ+JeLbeSu1TpDpgEc8qp/w6dU8sfr1VrgN4wMqnDhELOvdyZd0jQAnqSmW6nicAD9fcm0T4jtv+vqphoAkwJHPksZnTophnLEREFoL8x5Y/XqtDW/ug5xmFCSQAfi8sfrdWN0ky4HS08vwU+JLP8AcKdX2pIhzHY2An9e6gG6ZzmIGf1zKm7yHxHfZQe46gdGG5391JvMw6MPp0VzR9FVQHTpGwVDWEPB81pcRElUF41bc1q3L3rY6VmNNtE5Wk5WSiZMrWMjdIevhndWStisw/4lrdlZbndp/wAQWoyRMykGP5rQpfuhoTduhqGu6xqtHWVW1WD3Rvg0v1lSz6T1S5dfVBB3kq3K052VblYSe8Or2avRa8UFN7oZXGj/AIuX5e69wMhfL9bmPa5hIc0yCORX0bht2L6wo3I/jbJA5HmPmt+OfZ8R6/xunJGaPftLYhCFsfNHzTSTRDQlyTQNMFRTQTBUgVWCpAoLQVMHCqBUwUFgUxsqwVMIiwKYKrBUwqJhSBUApBBJMJBNBIISlNA0IQg5mUZ8kYSkDqsmRyiTKjIhOQglnqlJ6pFwQXBBKSiVWarA8MLhqIJAnJAiT9R80m1mOe5jXNLmRqaDkTtKCHEbw2HDri7FJ1Y0aZeGN3dA25rPb8RBsnXtS9trqgY7t1uzTJJjTlxBJJA5ZReXrTSpvocQtrfTV0udUAe1xy0s3EHV57iFmpi0sLwte59Wrmu9lG2c7xvJGs6QYwC0eUyTuqBvGbh3Z+reCnSddiu+3YxhLmd53ppszgkTEnHstVK6qcRubqnb1O6oW7zRdUaAXueACYmQAJjIMmdozmdY2Vpb1L2tVqMt23Bv3hzSIhmxETAI1RvISo0rSlf3dlbcQr0K1y37U+i0NlurwlzZbOSMjMHpKC2lc1bmu2yo3feMbSFZ90xrfE1xdoDdwT4TJiMCB4sY6t/xMsq0bF7bmtRunaTUAaa1JjWl4kCJ1u0TGPYlbLWztjoq2NzWoNpMFsQzSQ4U3EAHUCcHUJEfcoWV3w82NDiFtTfpLTSo0yPGSXeIZ5lwkknlJO5UVVdcbfX4ZXu+H6i11u0W5AadVao4ta0zsWu0yJ/izstVV1+7h1ybW3r07sUyKQuKjPE6N/CXCfXCxOPCajO6ZZ1wLriFQxTfo11mA6n4cMTTPuBhWcR+z2fDTUqUblzaL+8aDeVNesjSAHAkydUATGUFQuRd07W2txe0jcXNQ3DH1nd41tOQ8B2owNYYPCYhxXZtKDbeiWNFXJJIq1nVSPdxPyXJuK9ra31lRu7Q0nVddNlW3rOLackQHEafjdjYyQF0Bf0qTa4c1zGW7hTB3LyWtIjr8QHmcIralK4tTtE1nZ93FDauD26wbcvGqWkhwny0uPoCtVzxRtLiFrZspmo6u4h75xTAaXe5MRjaZPKQ6GeiUlR1N80awoqWUktQUS8IJehUSlrk4CRJ3hRVF7WbQtn1HugNBJ9F5m3191rqRrqEvdHUrr8acX0hR2DyJ9Nz89vdcwqe6WntoEoUcymjWcpSkkSglKUlRKUlFWauSYd5qqUakF4crGvWUOUw6UGkPjJK8zxC5N3cuqk+HZoPILqcSuu5tC0HxVMe3P8AXmuA9wndc+Wdzp9h+z/F1W3It79o/wAou3AXu+xHC/s9k69qN/eXHwyMho/M/gvH8MsXcT4lSs2yNbvGf5Wjcr6rb0W0aTabG6WNADQOQC1Q6vWuV00jDX38/g0MEKwZUGqYWT5OTQhCqIlZrh3hWlyw3TsKLDl3j4BXhO19YaKFKPicXT6Y/FezvXbr592pql/EmU9UtZTmOhJP5BYvS4Nd5YcQiQq3NwrlAtR7lq7YbiiCJBWRzY9V06wOQVheMmVux2nw8Dn8eu+pSMFaaTpwc+qoAyrqQM7LZbvDz+Na1L9loYAeY81ut8Pb9ZWZokDaFqoNJA8zKwt3q7+LaMfKiY8NJbFQRPiUxEyN+qQdJby5JtPiMidPIBSnhv8AVopGatq+6wSzmIG480miNJnxc0gQ2q7PPYj1UmeE5GdhjnCte8S0cmnwr1rPiYStntpu0uieq0D4Z9tliI0uII+H74V1B5dTIJyFqms62+q4nOxZb/Bie8QmQACmZO+N0GSdkxJdsAeo9VHqFjfqphss2UWmHifmrGjAOd1BRXAHd8ioW4LrkCB4cnHRSuCW6J6YHKf0UrDNcyeXMb81uidY3yOevxPWYi3iNf2jau+cXVxTOwGB0U7MRRqA9JnqqrzNy6OqttXFrwMRGcdMqT8kN/Gv/wD62Tf4fopAjIOQTB9BCCXAAAiPnsFJ4hxGmADG+/VQ1EgxuMn9fJbKzurwOZScfLvCED8B9ynTydwQfL9dFENIjO3l0H5q5rMwJPRbe0Q8zvadARpySAI/XyCiZnIw6D8zKs7sPJE/CJgKBBggjYkz9Foi/wBp9Dk9OtXi1yx59yb8QncxOZwoVBMmPb6q0t2G0/5KuC87Ewfp+gpM92rDj1SdoPcQ0tJGf1+arzp2IJ/X4q1tCrUHgpuIkAnMA5x9Cujf8Cu+Fih9qbDK3wvAIEzBGROPTmDkETupHZ5XJyTa+vo5AefhH5Ls0eznGrjhtTiP2CpTtabQ41qngBB2IncZ5TyXPt2VKNydHhe0HxF0gEAzB+cL9A8Cvf7S4La3JB1PpjUHDM/13nmDPNXojyxjkZIjW3wi54VeWFI1K1NugOg6Xgxucxt+YI5FUDU6AeR9l9T7UdjAA+vw22BpPJ1sa53gESYaN2yGnEkRsRAb8wrUn29apScWl1NxYdLg4SOhGCJUtWGePkXrPlW4y45MuxyiJhDhrAbM6uZ6KdRmpjQTA8vWFAaR4RB9zvPJc+u+n0s5InBW7NVyXAANA/X4rM6dXutlQBoBiJ3zv+sLG/4gpLqi/VSJbKB6rY3ZYqWCtjDhYw9rjz20ouR4fQrSMsB6hZ7n4CtDCe6b0hPdsp/ElWRlNoQU2hGUR3WtHkpj3SaIx9VMbbo2SIIBMfNL2UpnO6iT+giIuI9VWQrSDmNvNQMZyjJQRkr1fY68LqNazcf7s62+h3+v3ryp3XW7LXTbfjIY7aswsHruPuWdJ1LxfV8PxeLeNd47/wBHu00hshdL88NMJc0wgkEJBPkiBNJNA0woqQQWBSCrCmCgsCsBVYUwiLApBQCmFRMKQKgFKUEwmohMIJJqKkEDQkmg41e4p0Ga6rwxoMSVzKnHwHkU6Bc3kXOg/iuff3Pf3Jgyxh0tO89Ss2E2ziHY/t50f+zj/n/ol/bzv/zf/r/ouRIRKbXTr/284/8A4f8A6/6LNWv6de8t7t9B3eW2rRFUgeIQZEZWGU5CblNNgv2tvn3vcE1nUxTk1DDWzMAeqjQvGW1zXuKVs0VbiO9cXkl0Ex95HpA2AWQlKU2uoXGtSPDXcNFqz7K5paWFzjIJk5md+atp8QdSua1wyjTFWvHeOkmYEDnj2WOUSVNyumu64hUvbZ9vcUqb6dQQ5viEjpgqt11qum3LqFI1mPL21PFIJaGnntAGNsTus8onzTcrqG2lxStQp6KVOk1sk7HcmSd+pVdO+dRLCyjTboc9zRkgOeSXGJ3kn0kjmssolNmoWd5RLaTXWdu9tLVoFRpcBqMuOTuTzVrr9/cso9zRFJjmuaxrIALSCMDoQCsp9UE+EdU3JqGitevuG1BWpUagqNa14eyQ4AkgGehJSqXtStS7qpTovp6i7S6mCJJJJg+pWafNKfNNrqGgXL224tmU6DaImKYot0iZnEc5PzKG3tdj2vYWNc0ENcKTQQDEgY8h8gs5cFHUhpt/tW/j/wBpP/KPyS/tS/8A/wA5P/K38ljlIlFbf7Vv/wD85P8Ayj8lE8Wv5/8AaD/yj8lj1RzR8RDW7nYKI7nCr64rGp3zy8NiDELqtqF4zMLhUNVCkGMdHMxzKt+0VojvHKseqEuIv1XJaNmiFjIVhlxLiSSTJJMkqJCNcztDmkpEJEIIpJlRKCJSlMqJRRKUpE4USTsgk6o1jS5zg0Dck7LHV4xQZIpNdUPyCz8Wc8tY2YYZJ9VzRgytN8kxOofVel+j4c2GM2Wd79m2vc1bypqeQwAYAOyyv0ggbxlWMdDRIxCLek+tWbSYGmpVcGMnbU4wFo7z5fU1pTDj6axqsPZdhuGhltU4g9g11SWMP+EHP1Ef8K9k0QsfD7WnZ2tG3pA6KTA0TvjqtwwrD4Xl55zZbXn3SCkFEKSrkMpShIlBF5wubdOklb6roC5d07JSVq5N67dfN+NVRV41ckGQHBvpAAK+hXr918vq1BWvbmo0yH1nuHoSYWL1eB2yGkmkUe3KusAW7LBWbmQFvrGGLnvOo81nTy8rn6mulYBjaVfSEnoqmtHmtNISN8rdPh4+CsxkhaW+GPuWqlLQAThUMA8IOAVqptdjBVp3g51ojLuq4P3xE4EJtaGkHl6oawxBCsDT/ks9RDhtkted2lA4InfT6qbmkGBk5n5KUTGoA7+qi8GTp354WqkatL1edmrl4+P6wi4mTqERMDz2UBVNMyCJE4nfZSdjUOZJyfVDaesvE5In6rO8xEd3P6fhy5828VtWjvDSx2s6p/UqYg8zKzWuxa6Z3z5ytUc5MdDyXLL9Ew3m+OLTGpNjdRBxjyUhIGN9/okBueg6norWtGrAGP6fksZbJlnvGnuQ4NJg5/Xssdm7TctyMrqutLi+Y6hbUH1qpbIawSTGSfvXPtLV7mPrkODaRbPhxJOxPLY/JbabmkvmOfMY/UsV499fro7pn70Y3EqLXARvgj6rrDgHF+IUGV7Thl1WpuOHtpGDywfYrn3FtVty9lWmaTmksc1+C0zEEciFlWJmmnPzMlMPqdclZjv5UVs1Cf5uagA44ALgd1+iqdG3fbsApU3MgFo0CPJfMOO9pL/s9204gLFzKNN7qYdScwFrgGCNsjBJx1W6ldRp4fO5f71mnJFdPC0qFV79LWPc7oGyTzK7XDuyHHeJFwt+HVhpADjUHdge7oE52XuOF3fDO3jWUeKW5o31JrtFSmYbUbtGd3CQYjG43IXq7c8H7P0Kdq65tbXwhoFSqGkx6n19yTuVlOnHTfV9mO75zZfs8qUeK2thxTiNKhVuqbnMZRaXk6IkEmIJknmPCV6mh+zDgFGprqPu68iCH1QB9AF53tjx6lcdprW+4XcioLSmIeAdIeHOJ33EacjBXpWcU7b3Tg+jwawt6Thqb31bWYPm134LVXp3On0PL/fJ4+ObX1Ex3iZiO+/6+NOjb9jOzlqZp8JoH/5k1P8AuJXle2vYqxpcNqcQ4RRNvUoNLqlJsw9u5InYgH5ei38J7Vcc/wBMxwHi1C1lzTJoAgMOjWIJJnGF3OPWtWvY3LRLmGkYDQSQRLsxywNt9ukbNRPZ4XVkxWidvnvYjg1LjNl3NWsP3d1rDSxrgCGD4gQZ1DVE48J9+j+1HhlKw7OcLbRw2hUNLDYBlozAwPh2C4XYypc0Kr6lLv3U6VRhfTosD9RJgY2DtiCcY5c/V/tTqd/2PtakQ43bJEHB0PkZAO88grXxDHNO8ky+d1ryyfTZWc+rUuHnXWaZ7t5OSDJDsnBMzIBBz4fcdnP2jUKVW34fXsnMpPeGG5fWE5PxOGke5nzyd7OCdjeFV+CcP4i2xZW7+gzvWnU6X8zvifYDPWW+V7Z8NHC+01Wk1lNlN7GOZoYGCIiSBgHwmYA54GyrXru+4bCV8P7bCmztXf8AcUzTY54dpc2MwCTnkSSfQr7XZ123dlQuW/DVptePQiV8h/aHRo0O0Ybb1GvHcjaPAQ4+H2+ggbABQjtLy7QJBDoAGCRt+plUOGIzk8vkrm6mt0g/FiSf1zVVUO1kHlgef6ytEd7PbvkmnEiPqqeNURgdSVkOXjlJWqo0AbjfeN1n+KszPNYS9Ti9Xw4iWluCFrpmQshwQtNI4WuH0WHtOkbkTTKup/3LT5Kqv8DvRWUj+4aPJX3ba/xJByVJgykArGI2xCwYzMJx5e6BjbPkmI6wgMnySON91IJYG+UEDnKi4YUnEyqzM5RkrcFGlVdRrsqtMOY4OB9FN+FSVXPliJjT6bY3Iu7OlXbHjbJHQ8wtK8x2PvQ+hUs3HLIe3PI7/X716cLqrO4fmvMwTgz2x/8Aegmkmq5NmmlKEQ00gmgEwkhBMKbSqwptQWgqYVbSphEWBTCgFIFBMFSCgFNUSBUlAKQQSCaiFIIGmkmEHzzuHI7ly64s0GyPRRt7OQKLk+5cut9j8kxZovZyO4cl3LvNdj7IgWaL2cfuD1KO4Pmuz9jS+xhDs4xoO80fZ3ea7P2MI+xhRezi/ZzPNHcFdn7IE/sgRluHF+znoUfZzGxXa+yBI2jVDcON9nKHWx812DahRNqANkXs5Btj0S+zxyXWNsOigbYdEZdnKNCOSXcLqG2HRRNsOhUZahzDS8lHuh5LpG1E7FRdbeHZDUOY5gAzCnZMDrif5RK1vtZxCdvRNPViAYVjyxyREUlZzThOEQsnGjCRCnCjEIIwoEKwhRIQVlRKmcqBQQKgSpuUCioEqJKHKJQYOKuIbTjqd/Zc7b1XR4kC6mz/AHlzyxwGolcuT5n6D6L/ANDT8/1k9R0TE8sru9krR1xxxlR0ltsw1CQBGp2AD7SfZcMBrntacACXeS9f2Eok2lzeOEG4rENPVrcD66lgz9UzfDwTEeZ7PaUR4VeFVSGFaFXxdvKQ2TQhViEimSou2VFFZ3hK5Vy7ddCu7C5dy7dSWdXF4g8Ma5x2AXzCiILh/iX0Tjr4sLnMfunZ9ivnlL4neqxexwo91ySaTjAKPWnwouHRhYHHxmVfcPknqsky6Vux193zvqHI+1qFzDLlqZ9Vmpk9FpY87wtkxLgxZ4rO5lobGqROF9k/ZMaVXsxdW7w15bdFzmkTgtaB9xXxxhJ8pX0f9l/HOG8JbxBl/dNtxVFMsL5gxqn7ws6xqHNlvN7TL6S7s/wV5JdwixcTuTbM/JZrvslwC4punhNq0xgsZo/7YVg7U8AO3GLP/wCqFmr9tOzrGOA4rSmP4WuP4LLu093hK/CeEs7Z2tmzhrqdt3ZDqWp7tZhxBMSR/CCBtC9hV/Z92buLeGWL6DiN21nEj5kheIveJ8K/0y4feWFV5pCrTfWJDpB1kkZ8o6r66yCwFsQROOaMpmZh8V7G9n7LtHxqrZ3tSsymygag7pwBLg4CMg9T8l6+9/Zfwi3sLiraV719dlJzqbXPYQXAEgHw7SuFwAs4d+1F9Jp7uj9rr0gJ5HWGj5wvq5yFjMRLoxZsvGtF6Tp8z7PdguGcb4ZbcQp39w0VGRVZDTDwYMeW8ey7A/Zbw0R/r11v0b+S4nYbtDb9na17w7ilY0aBdra7STpqCARABORH/L5r2Te3nZpwxxH37ip/6VriKTHd7nLyep4s9q4ptNfMajfafyc1v7MODx4r2+Po9g/8q+f39q2z4peWtNziyjcVKTS7JhriBML6RW/aNwSlV0U6d1XEfHTpgD/qIK+c39w294pd3VNrgyvXfVaDuA5xIn5rVl6dfZej6TPOm9p5O9a7bdLsZTD+1dnSc3wVBVa4eRpuXqu0/ZvhXB+xN2LW3ax1NtMCoQC4kPGTykzBPn5ALxHB+JDhHGrS+LNQp1RIjkRpP0JXr+2XHqt72Sq0PsbqT61enTJDw9jsl3hcN8sg7bjqFnin7EuL1Wsz6ji176/WXqeztIU+zPDacFv+qU5HmWiV4PtX2PvqFvdXTC6pStwKrSMjTsR1JHhMnEcxpC+i3dYcP4XXrsaALeg57W7DwtmPoqrC6o8b4HRrva19O7ojvGAyMiHN+chb/Z81a8zkm/37LgV2y+4FY3TNMVKDCQ3YGMj2MhfJe3QFfttfBjt3Mb76GtX0LsWHWFPiPAahJdw24Pd4/wBk+XN+eT7r5h2he7/Svij5MtvKkezjCR4ZZ8fRlmvt/ie8f2buz3ZdvEr59vdd7T0VA14I0uGdLsRODH4wvQH9mF4eJVXUrujRtCfAXEvqAekAfVe/oCz4jRpXIpMqNkVGFzBIMYI8/NZOJdpuD8FuBa3t0adXRrDBTc7w5HIRyUvETHdu4WfkYsk/u8bmY+m3y7tNwL/R7iVOy+0i4L6Iqa+70ZLnCIk/y/VfVOAvc/s9w1xJcTaUiSTv4Qvl/a3jVPjnGXXduyo2i2kKbNcAmJ8zzcV9F7G3Drjspw974ltM08dGktH3LTj11Tp7nq8ZZ4WG+X5vf84ebFlUuP2x1arCNNvTFWoCYx3TWiOuXBe5vLinZ2Ne6q/3dGm6o7HICT9y8TVru4f+19sua1l9QDHF2JGjAH/EwL0nay3dddlOJ02VHUyLdz5ad9I1R6GI91vfNW7xDw/7M7b7VQ4qweJpqUC9ojIl8gyCIOx8pXY/ajSI7I27MkMumDxEknwPiSsP7IiAOKjYxRx/zrs/tMod72QqP0ajSrMePLMZ+f1T2J+1dr/Z+4u7EcOLtwHj5VHD8F4r9qLWu7R2z2kafsrQc89T/wACvYfs8qip2KtGtJmm6o0/85P3ELwvbq2NLijXvaZqag7UeeCMcoBA2zA81jM/Z23Y6ROfpn731Ls74uzHC/Ozpf8AYF8p7ei4o8ee26pPa7Ja8mdbSZxjaTA32X0TsTcPfwCzYahrN7keLUHBhEDRgCIxg59d1539rDGtdwupA1EVRMbxoP5qzOoYY6xbNFfvfN2uzpjDRvG/6Krlzc4neSJ/WVY46i2Zk5I59VEkBskQBjZaI7Rt7OTWTNXHHiGd4BMb+v69VS0Dvm+quiIBOVWB++HktcvoYpFdRC0rRSWdyuonZYw7sfaydfLD6KVKTRZA5JVMtU7Tx27PLdX3dEfxPySawzkq5oA/qjbGfZHt5I2mIjqPqn9QoyR7JjfGD9FEPEHKUfVMweWUo3OJQBAVboCmXY3kqtw3yqyVPKqKtcBCrOlGm7o9nbo2vGrd0w157s+/9YX0QbL5Sx5pva9pIc0gg9CvovA+InifDWVnQKgJa8DkVvxz7PkfXuPO65o8eJ/w6KEIW18ukNkJJhENNJCBppIQSCkFAKQKItBUwVWCpgoLQpAqAKkCgsCkFAFSBVEwpBQCkEEgmEgmgkmohNBxg1qIavN0aVau/STjmZlXu4fpGav/AEoz27sNSOnqFwfsX/xPoj7H/wDE+iht3C+kN3tHqVA3FsN69Mf8YXH+xD+c/JMWDDu5yG3X+1Wv/wCcUv8AnCRurWf7+n/zhco2NICZd8wo/YqfV3zCLt1jd2o/27P+ZQN9aD/bNXM+xM6u+ai61aBIn5obdI8Rsx/tf+k/kl/adnP97/0n8ly+4b0+qsbb0XNnR9Si9Tof2lZ/+J/0n8lE8TtP5iR/ulZW2lEj4PqUOtaTSIYIKHUvPFrUcnn2UDxe3/8ADq/Ifmqu4p/yN+SO5p/yN+QUOpP+17c/7Op8h+aR4tb8qdT5D81Huaf8jfkkaLP5G/JDqkO4rS5UXe5VZ4sP/A/6v6KwUmRhoHsloAGyL1yq/tU/+AP+f+ij/av/AMAf839Fguw+7r6GP00wN+vn6KltuxjhV04A00gRsOZ989efQJo+JLpP4oY/umj1KnQrvrguLGtaNo5rBTpmo8NHNdNjAxoa0YGyaS151pKEQmApQq1oQkQrIUSgrIUCFa4KsoKyoFWFVlFhW7dQKm5QKCp26gSpuUDugxcQ/umGJ8SwgHmIjJW6/BNEQRh0rD/CQZAduegXNk+Z996HO+HH4ypuKnc2lSod3YHovofZCg2hwGya3Y0g8+rsn6lfMeM1SynTpRGo7eS+tcDpdzZUKP8A4bA35CFrcPrGXeTo+juMGFYFBmymFXzySJSSJVRKVW84QXc1W92EVluXbwuTcvwVvuX5K5Vy/fosZbaw832leRwyvBM4+8Lwtu7W5xH8y9f2pqj7PTpzlz5jyAP5heSpNDaj45mVPZ7PGrMVrP3r1F/wlSQRIVelPhzKwMmFQBBW6vSysxZ4srox27PlufhtFtpU2E7LXSpucJzA58lTRAEYXRtmtLoc0bbFW15g4PBrybdM20g0O0eXWFooyW6Z3UX0oluoAKdE6XYAJ6KxfcNfJ4P7vl6LTuHsuwnZnhvaOteU76pXa6g1hYKTgJyQZkHoFv7X9kuF8D4c6pZsuHP1N8dSpIGYOAPMLP8AsrqtpdqLiiXRrtXADqdTT9wK+gdr7N112bv9DWOIoOdDvITjzx9yypO47sPUMNMWfpx+JiJ/s+JthuieoO3qv0FaV6dzZ0bmkZZWY17TG4IkL8+tcAwgmXY3X23sjeC87LcOqAEBtBrM/wCHw/8AlWTgmNdnjO0fZ3j9Xt3U4twzh3e06VSlVpuLmta5zWt3kicjMLrjif7Q/wD3HYf8w/8A0q9ohY9P3u+vMiKVpbHWdfXf+Jh8p7N0jW7f1LbjHD6Dqtw+t3lGowOax5BfIBnpjfBX0ocB4Q1pDOF2bJES2g0fgvBcVdUsf2q0qwbHe16AaY3a5oYfxX0xY0iO8Oz1bLeZxZKzqLUjtHjbxFn+zGzpj/XOJXFY8u6Y2mPrqXg7hlOnd1m0SXUm1HCmTkls4z6L6Zxbt5w3h1arb0Kda6r03Fjg0aWNcDBBJzy5Ar5cRpbHQLRl6fFXu+kX5mTqvyZnU61v/ZkvHiWtDoMzgxC9faWDBZcCr1GMFS94lSeGtJOpjcEkbDLjgbfQeJqOL6zjymJ/XuvoPZ3iLOK3PZSg94fVtPtLarY+GGgs+gattI6aa+ryuTec3Ovlj5abj+lZ/wAw9F244s3h/ArmhgPr0HASdwSGEAcz41z/ANmXEXXPBq9i92r7LUlmNmOnE+od81z/ANp3EaLqbLNoZ3tJ7TU8UO+EkY6eYmJO054v7N799r2op0XZbdU3Uj4sAgawf+mPdbZtrUPG4/GtmpeY/ljb2twTw39o9rVDNNHilo6k5xdAdUYZB8zAA918w4+8VO0fEntOpr7uqQR0LyZ+S+n9vbdzOF23GKLWGvwu5ZWbqJyCQCI550+wK+RO8TzUcMuPzn9FVz2tNtbfauyBuqnALR9wSS6k0hxAGoEA7DHP9bDF2m7GVu0PGWXbb2nb0m27aeWF7iQ5x2kYz1T7O9o+C2nZmydc8QtKNRtFrXsFUFwIEfCM8ui0VO3/AGcbTL6d4+seTGUXgn0kAfVY26Z8uvhxy8d/ices7+sRt56+/Z3SsOE3t5W4m+s6hbvqNayiGAlrSc5OMLs9gqjqnY23FMgPaagBI563H8VyuPftE4Ze8Du7S3trtlWvSNNpqtaGw7B2cTtPJcXsp25sez3C32d1SuatQ1y9vdNaRoIHVwzgrXXpi3Z6/IpzcvBtPIidxaJ8e2p+jj9puI3ll2spV65quubJzTqqbuLXEtMDAxGBPWTMr6zwLjFDjNgXNJc5nheHgAmQDMA4BnyncYhfIe3HaDh/aHi9K8sKNemBSDagqgCXAnOCeULudie0fCOFAVrribqA0Br6bqTnF55k6WxuZGZ32kg73zcy6P7OabrDtXxjhpcHd21zSRz0P0z9SvU9uKYq9jeJNM+GmHiBOWuB+8LyvCu0XALb9oPEOJU76myzurYBr+6c0ayWSIImTpcZ810+0vaThl/wS/taPEbZ5dRc5hFcNLjEhsc+UjnIjnpk+G7HEzkrOveFn7Lqhqdl6o1Ahl04COQ0tP4rk/tM4e88R4a+mKlX7Q5zRSa0TMtw2BJJke48yt37Ka7P9HrqiHAvbdFxaNwC1oGPY/Irf2+7mla8JvKjGk0OI051fywSR/0j5KU8Qz5Ua5Fo+9b2OpstW1beg1zaDwKjPFIBO7dsRIjqCDJER5j9q9wX8UsrXlToaxJ31OIP/Yva1+LUeHuNze3FKlTa0mq4mQ2MY578vMbE5+Q9qONntBxu4vmB7KRGmk1+SxoED0nJjqSrLnrubdnHccGDy26fqEnkOaGgGT+f9Ent307pHNMud7StOTw9b02dZ9SrdG20KDRNXdTdA2PuVBk96tD63+aFhVlJVlSpnKjprP2l7/hRYPIt4BjKHbJcPnS8CBnco37/ANSPzaskbkymR1xCnENM8uiNTQAdMyjfshpHwicwmNe2mOiKWp5BnbCbmknxOO2wCJ7oFx/iePbKi4tG0n1U9DQchJzRMxCrKEDUKrJJ3KtLeiqdjmqSqeSqySrDuoEqOayOV6nsTXAuLm3Jy9ocB6b/AHry0hbOE332DilC4mGtdD/904KyrOpefzsPxuPekedPpu6EgQQCMg5CfNdT880cJpJ80Q0JJhA0IQgcphRUgURNpVgVQUwcILQVMFVgqYOEFgUwVWCphUTCkFAKQQTCaiFIIGFJR2TCDyFKkKdMAHO5PmpEknOSlnkjKjIJoTGUABJUjCBA55SJEQFBEmUk4SgTugPdKE4lCCh7YMhJp0meXNXObIVJEFBopnPqpOEjZUU3HY+y0tIPJBUW9EipuABMbKKCJCIUoShBErHe1u7plg+J30C11HhjC52wXKzXquqv+EH9BURZTimdQLdQlxA+Fv5n8uqrJ1OLtIHkOStuHnUWEyZl2Of9PzUrSh3r9R+Fv1VI7d19pR7tmo/E77loAypQgKIYCcIAypIFCiQplRKCtwUCFa4Kt3kgqKrcrHBVuRVTlWSrSq3bIKnKsxzVjlW7ogy3gmgTvBBXPO4AznPmei6lVocwsOxEYXLBLXAkZaTPkufLHfb7T9ns0Thti94nf9XG4gDc8UZRHOo1g9SV9o4aIY0wvjFl+949aGJm5Z/3Bfa+Hj9030Wp5vPt1ZbW+rps2UkmjCZVeYCVElBUCi6BKqquwpErPWdDSqrFcvyuTdVN8rdc1BkrkXdTcytct1IeR7TV9V6ymQIYzVPr/kvOWDzUD3ncvK08SvRd3N/cNPh1lrSDOAIB/FY+F/3JPms9fZenivu+OsfSZdBCaAFHr6QezWFlqMLT966ACrrUgRIEqxOpaORx4yUlmpDkZWpsgh0QR0VLGwRvK0huARyGSts93g4pnj337wueS5geMkb+aTNLXz7j9fJRadIgGR1UmiDIGrPMqV7S9P1OK5sVctXpOw9zTs+2HDalSdLqhYSOr2lo+pC+3VqTLihUo1G6mVGlrh1BC/PfDLg2XEra70SaNVryCY2IK/QzJLRPRbqPneXM2rS0/TX9P/1+d3nSTO4kEAL63+ze6Nz2Taw//h6z6Y+jv/MvmHaG3Zacd4jQpMhlO4qtY2dmhxj6L3f7KLtzuH8Qs4htKqyoOsubB/7Ason2c9o3uXT7fdo7/s9aWhsDSa64e5rnPbJERtnz6FYuHW/bziXD6F2OM2jKVwwPaHMbqDSJGzPxVn7UqRqdmaDg2S27bmNhpd/RdXsDVdW7G2DnO1EB7c8oe6B8oWM97aeliyRi4XxK1rM9WtzET7b93h+01jxLgXGLW5vb117XLRVbVdMNc1xOkSdhg+6+t8l4P9p9B76fDqwbLGmqwnzIaR/2lev4fe038Dtb2tUaxj7ZlV73ugAFoJJKle1phlz7zn4mDJPn7Udvx7eHnanYGhd8cub+9uP3FSsajaFKQXSQfE7lmcD5rwvaF1AcfvW0KTKFKnVNNrGgADR4Z99M+69r2h7e0aNN9twdwq1SC03BHgZy8IPxHz223XzmrUqVHue4lznEkucZLj1K0ZZr4q970jHy5n4nI8a1Ef8AH/cuW0h5JI3+IhdG14tfcFrfa+H1G0q4aW6tAdAPk4EclzATonYjaOuyvuJdRMTtIKzv2mHL6VXrw8is95n/AJ/ylxXjnEOMVhVv7p1ZwHQAc+QgKttatQayrQqPp1GO1NfTJBB8iFi1aRMT6LUBrtsNz0Cyy+0uf0LUxmpHmYSuL26unmpdXNWu6N6ry4/XzUNJDQ0nbz/XVRAkzhx/X4qx0nIiIkgeX9VnNtal5GHjzn6qV+aO5AA4yehjottGo00w7MdB8liBgbyVZSfofpzpxzzI/qtWWvu970DlRG8FvyK8cDUaOXQLm1ajg7TgAYOPZdC8OQ7yXKcSKhHRMUQ1ev5L1yxET7J8xKta7w7n2+77lS3YxmFc0nTvmd10S+Zr3nu3cM4fc8S4jTtLKl3tapOlmoCYBJ3IGwJXdrdg+0dNsNs+9IEnuqrTicc/L5LB2TvKvD+0lndstqly5jiBSpt1OcCCDpjmAZXuL9l9SvuC8SteK8QbZ8TvtNWhUqPZ3eqpIbpnGCR0xIwVhMRPl24Mlsdt1eBr8G4rZsJuOHXdJrRqcX0HN2846LM7WRpczSXZAO2/5L6vd3dc8Q7ScIrV6l0P7MD6LHsALRpMjDQCZfP05Y6N3XbWfWu6lrRvLEWVO6FGpGD45cJaQTpj9ZWMUdWTmWtWa2r5fF6txWru7yrUfUfjxOdJIHmfkoAzguONyB0yvpnE+yPCCzjVe1ogMFnRu7YtJApg69UCcyGc+qy8d7AcPsbO8fY1rh1xZW7K7mvIIe0l0wABGGFbLR2edi18SNvnbwW45nrukC50tEQBH4fipPJNOCDIJH4/kFGm10mPi5StW91d/TOHlwrkDVifNVNJFQTvsrXN0DSTOffb+ipdggrS+pi3aJXu3QzdIptwVg7I8tH8KVg4antJ/iKP4VXZmK9Qearfv7dW8zzGT1UwHuEY81Aua0Zd8iq/tdM4bk+WVW+960jdp01DwjASJJ+KFQ19Z4lrQ31OQuXxW5vrZ7Gh4DHjcNypDz8nqXGp4nc/c6z67WNmQB1Kx1OLUKcgPDif5RK4bG3N3UDB3lZ7jhokk+y7tj2L4rdQarGWzDGahz8h+MK6mfDhy+r6jtER+LM/jQiGUyfNxWd3FK7jhrQvZ2XYLh9KDdV6tw7mB4Gn8fqu3Z8A4TYuDrexpBwMhzhqI9CZIWcY7S8vL63b2tM/h2fO7Sx4zxEtNtaVXh2zgyG/M4XYtexPGbiHXNxStwdwTqcPYY+q9+FNbIxR7vOyerZ7eOzydr2AtGAfar+5qu/wQwfiuxa9mODWjg6nZNc4c6ji/wChMLqhCzilYcV+Xnv5tIEDbZNJOVk5TQEgmCgaaSAUDTSTQCaUwhBIKxpVQU2oi1qsacKoFWBBYFMKsFTCosBTBUQpBBIKSiFIIGpBRTCDyYT081PTzCemcKMlcHZWNEBINUsIiDioqTsnGySihBAHqg4SzugIQRlSCHNVEIVdRmJ5q5LKgzRGeavpO1N3Vb26TjZRa7S4HlzVGgiR6KKtaJHqlpiQggUipkYhZrusKFEn+I7BBjv6pqP7luQN45noq3EUKQjkYBGZdzPt+t0qDdRNQnOYP3n2/Poqqj9b8fCMNEIeUWML3BjRkldalRFKkGD3PUqvh1qQzvnjJ+H81qLUJlXpRCnpRCIQCaMpoIpFSSOyCBVblYVAoKnKpyuduqXBFVOVTla5VOQVOVblY5VO3QVlc+9Zoe5x2c0/OF0Ss15T7y3d1GVrvG4er6TyPgcqv0nt/X/l57hbf/vuxzvcM+9fbrGnpphfI+ydg697UWbQzUyiXVankAMf9RC+yUGwAubTr506yaXDZCU4QSq88iVW4qTiqnuRSc5ZLqpDCVa96597V/dlSZZRHdzrmtk5XmO03EjY8Lqva6Kj/AzMZPP5SfZdq4rDOV857WcT+28Q7im6adCR6u5/l80pG5bbT0V2xWEVLeqx2xK0WNPQHN6OVPCmE03nqV0KVMNc6AsreZh6/CxdVMd5+9KFJoRCsa1YvXrXuQClpkEJwmAjdFWXRpqRM9FY1oxyHNTqt5j5hJmTqdABxK2Vl4HqPG6Z6oSblhB2G5Q10COu3klpkCBHn+Kk0HA64wk+TBWcnEvT6LWGSIdHVfoiwuW3vD7e7YIbXpNqAdA4A/ivzo2NQyB9V9g4B2v4Rw/sjYOvr1jKjKXd9y3xv8MgSBkTHON1vr2fP5KXyxFKRud+3/f3PEftDofZ+196Y0NqBr2+YLBP1lav2ccUfZXvE2taC11saxkwPC4ASeQ8R+a5fbXtBZ9o+LtvrSjVpMFFlP8AegBxOo9Ceq4NlxO94ZUq1LK4fb1K1I0nlhglpyc8sgbKbje2UYramlo7vc8X7WVuOcB4rZ3FIMNPu3M1ghzCHNBBaNhv7kDnjf2A7U8L4R2dfb8Ru3Mq9+57Gd250t0t6CBmV8xbUNR5cMuyJnJnC6NrHdDOB1+axyW6Z3D1PSeLTlYb4bzOtxPZ6/tv21tePWNGxs7WtTDKoqmrVIBkAiIE9d55LgN4pfX1nRoXNzUfRoMa2nS1Q1oAgeEYmMTuVyLl01XBp1Db9e8rRYVJa4bARCwvMzTbr4NcdPULYafLWJ1v69ty2l0clWXSMCPqpbZ2VbnH19M/rK54fUOdVOh7xvBny8lYx4qU4kYwlek940nMCM+X+azUHkVQ07Efr6yurXVTb5PBl/cvU7Y5+W06/r3j9UC0NL2uzpOP1+t1rs3eENMekc/19yqrfu6veDBOZ/XslTLmuLg6IO4/Xmr81XPv/wAP5k2jxE6n/wCs94/p/stewsrOB5bCeSBLSDM6eXXyU6pD/FAHhifMFViG53A2+5Wv2qaaOZP7pz/iY/E9/wCqx9PRDmyWuGPZVbHJxspPIFFzAJDdvMKLvhgnMR7lSk7jplu9TwVxXrysM66u6Vd51UxPLUCRuuXUBDzzIO8rfXdJ6wIn6fgufUOpxPPnKtK6lxeocyeVFbT5hYwFwx6/r6q1kxAzyVVKS0cvb9c4VoAMADfb0WyXmVdDhfELnhV8y9tXllamTofpBiRBwQeq7/EO3fFOJcQ4fXvWUjSsazK/c0ZYKjmkGTJOeXlOy8qwhozjmMe6sDQHB5gluTC12mYenxsdbzETD2tPtzbXvan+0LizNC1uLU2tdrXF5AmdQIA5xymJjK6dhxy1vgbC1uTr/sQ251DTNWGhrR/Mcu/Ur5qHEHOTz81YCSx04gRkbnb8ysYyS78/p0V8e0PqN1xq3trX+yqb+8aeEvoOqkiCWjSDudyHj1I9VKj2gocQ7TP7zRTtbzhAFQEgyZnbcwHHkCRmIyvmdtfXPD7k1LWt3bhiRBByIwfSfWDutfCOOV+GVWFrBV8LmsY90Aai3f8AmHhGDj3W7qh4cY7TbUOY8ggxnO31UG1NBc7oN/Pp81ZU8UnwxO45/oKoHDokuccgrTHyvStPXy4lHSGgTPucqmp1P0VxEGOXQqp/izyWt9Pr7OkwZaPRMboHwhLmtbphoBwuRc3VelcvZSOnPJdVp8KxvtQ+u6o7ZZQ5PU73rirNZ13Z6RrVv7x7nTyJXX4fZveRDVG0tGyDhek4fQaAMKS+dta1u9p2roWLi2Yyp1uCW945jLphcxrwYaYXapUREwIUzRjIEKR5a7TOuyqxsLOwZotLenREQS0ZPqdytrVUzaSrW4XbH3PJtMzPdY0+amCoDKkFWKYKmCqwVKUEwU1GU0Q05UU+SBoQhBIFCSAUEkJIQNCE0AFYFAKQRFrVYFW1WN2QTCmFAKYQSCmFAKYVDCmFBTQNMJJhB5kbxKCQoST+KY6qMoBmZQ4iEzsoDOSoHAAQhHoqgjqnCAgygYARAQE0ESokKYiU4QUubqEKgggkHdbQIVNxTlusDI3Rdi2qf7M7jZXuEiVzw4hwMwVvp1BUZMZ2IQVvIAJJgBcavVN1cYMDZvkOZWviVcgGi0wT8R6BZaLBTpOqOGTv+DfxP9EgKs4MYKTRAIGDyHL80WVqbq4DdmDLj5Kk6nv2lzjyG69HYWgtbYNI8bsuPn0Q8GWAANAgAQAq3NWktVb24RizEJK1zVWQgihCUopJFMpEIIlVlTKgd0VW5VuCtcqnIKneZVTh1VrlUUFLlU7KudlVEIqEFItBBBEg8ipwgAyoROp3Dp9geGMo1OIXmC7vBQaSMtAEn5yPkvbtMLzHZWpTpUrikJDjU7wiMZaB/wCVehD581yzGpetmyfFv1/VeXJFyrBTnCjXonvhZ31IUqroXPr14nKx2ukq1xA3XLvLoFpEqF1dwDlce6u4BcThY7ba1YuPcT+xWNSo0jXENHmV85eS5xc4kkmSTzXY43xJ9/dFoJ7mmfCJ3PVc2jQNeu1gHPPkFvpHTHdjes3mK1dDhrCy01HGordQbNLV/MVnrvDGBjOQgLc2nopNb0AC1+Z2+o4uOKxFI/lhADKsAUQFMI7qwcIQhVsBEtKrpxkZ3Vo5qrYukHCsOHn13iTIdkxy2OUogMgxJ+aUkg5Jidym4CGtmMK+7j41YphyT9yLQXPhuIWuk0G0e8CMrI1wmeXRbqbdNkRO+Vcns0ehVjqvZgqOJdkEdfYKkCY2ydyUVX5cIk7D9fNJgkATywr7OSMfVy7V/FfSbkOJIJz9FtoP0y2TjM/f+KyNjkZiFNrtDzJjw7jz/wA1lfvG2Xo9pwcm1LfehUeXR+Kv4e8irpgaSCFje4l0hW2hc2s0+Yx1WVo+xpwcHka58ZPrP6uyDPMx6qtxzIPrPzVhAxJ/X6CoeSQc8jz6rkh99DFfkaWugnP3rHBLWj2P69yt10A5mfhaZI8uixAF0tcYj9fiurH40+L9ex2pyuv2mI/sve8Pa3rHyTBAAkYjO3qUhBxz9FMQfFO+B5/qFlFdPO5HJnkzN7edRv8AGDaQDkcsodmJBHUSkCMZExupa5AJnkD7rKK6cmXNbJ09Xt2DQCSJ1GNkmEnxaTIzHXkFNjgHtAaZg5I6qdRpo25JdJ6em33rTXtd9Hza9fpuO30YasEECcFY6wh2VudWa1pDgSRt+v1usFVxqPyVvl8xEbhdbfDuZP6/JXjfEgco/XRU0fC0g8s7K8bAAT5n5D8UK9phJoENIkTn8VNwboiNWR90qIyQMY29z/RTiS1pMnn5ZWi0vofTsPVmgoLRqLfWUMMGSQQ3oDG0lXmn+4c4yYKoAaW6QJLjnkP1ha30PMpFaiYmdj9cf1Te6DqbMDbHRMmHkiYJ+eUnDwtyRO591v8AL4vfTaZhBwIgTgeybJInefu2UCdQkz7qxjRp0u+/y3S0fZMF954mVTp0yJMjdQjKnUYQ0l0nzChnflyWl9dS+5iEzgBRUjsFGVrl2StacKQaCwYEklQZsrKXiMKw4fUo3gj8W20ZtGPVd+yZsIXHs2ZBXds27KS+el1aDJCtdTwnbN8KvezCQ1WYIhxU2oePGm0Quunh5uSNWlMbqQSAUgs2s00kxsgkE0kwiGmkmgaEk0AmhAQEpoQgaYSCYRDCmFEKQQTarWiFU3dWtQTCmFAKYVElIKIUggkFJRCkEEgmFEKSDzNRul2rkVEfRXOaHCFS3oeSjI0oTTjkoIJpgIIVQboJCXogoAHopbqAGd1MICAmThHPyQAgAEyFEujZIGd0GOvS7t8j4TsinX7oF3Ln5rVVYHsLSuNVqaqppNMwY9Sinm5rl7vFJEj+Y8go3D5dpnUG8+p5lWgClShs5wJ59T+H+SroWzrq4bSbzOT0HVUj6tnBrLvKhuXjwtwyeZ6rtwinSbRptpsENaIAUoURAhVuariFEhEZ3NVLmrU4Kl4QZyFFWuCrIRUUimVGUCKgVM5UCiq3BVOVrsKpyCpyrdlWlVkIKXBQIVxChpQQhGlT0qQagpfd1+Glt7QGo0fjb/M3mPLkfZes4bxahxGypXVu/VTqCfMeR8wvNOpNqU3McJa4EEdQvK8O4tddk+L1aLtVS1c+KlPr/ib0MfP7ufJHfb1ON/qYtR5r+k/8vsNOpOZ3Vp2XF4Rxa24paNuLWqH03YxuD0PQrqd6NK1KpuXw0rh3tzBOV0b+5a2m7K8xc3Re45WMt1KoXFcvccrg8duzQsnuBhzvC31P6K6riMyYG+SvH8cv23t2GUjNKlhpH8R5lKxuWyfDlROAJK6NrQNvTiCatTkBJ9FPhfDLm8uG07eg6tXd8LWjYdSeXuvpHZnsmzhIF3eBtW8dtGW0h5efn8vPdETbtDP4lOLHXb5vaHnLTsm+24VX4pxdrmEU/wBzQG7XHDS7pkjHz6LnPAAXue19wadhSt2lwNV+owN2t3+pavEVN0tER2h7XpE3yYJy382n+0KYymhNYPUiAmN0BNqM4gwMeypBAcS7MLRHhM9FlMbuOJ2Vhw+oz04jM6DvyPoio4tIHQRKk3JggQTiFVUdFQ+I9Asojc6eVfL8PhWv9eydMatt5iIXSrgU6GicALLw9jTU1HYZ91bdvGY9Fjed2d/pGCcXG6p8z3chxJrwdzutFu0SHHBd1VFNmuq4kkmMfr3WwSGgDEY9Vn/Lp5FLzi5k5LA4ZECJwFW93hmIJwrHHU0SZIHXyWd0h3MrOkbh53MvbFmtavbf+TY0uJMbLRQGmswCPiG/0UramDSaI+Mlx2wB/VOkT3wgAny9P8lN7mXZ+61w4+Pf3m0b/X9HQdIBM55fcFQ6ciDHIx7Kyo4SYGR+CocfDtz3XPD7WCcA4HaFjqMcyo/lp2x+uq3DYAmFVcQHAj+LPpGVtpOrPH9bw/E4s2969/8ACgN5bRyKs0nEbc/uUJJPiyep/XVaLcBziw/xAiCen+a33nUbfIenYq5804bfzRMfn7KYh2ARPIfJSODmABJnZD2upv0ndu49B+aiWnLR96szuu4c+PH0Z/h5I99SlIFRml85wOS0cQqUjak6gHjlG5Wcs+F7RgEYUL5uMGTt0XNE/a2+y5HD6eBbHHfXeHPc4knVsmGOc4Ej0UAM4wStNIB0yB6D9fqF0WnT47j16rTBBoiI2yf17K1sgc5UYkHGSf196sp+YP6/orHhqmPtaSDg07bfr8VOlp1AGCT9wVbWwIwc7Ae6m10QYOOnLmtV47Pb9IzdPIiJbagHdluFiBf4odBGW+wW5p1sk5nfHusUBtTeOsrTV9R6hH+ltEjJG8f5JPM7DJP02CbnNGOXT2lVuOmHcx9Y/QXVEPgMl9TJtaQROc/imHS4EiZ3HvKjGJHtIjyUgOQOCdp/XRZ6c8WmJ2jUIJDQSBzEfNVu8JAE5zlNxdq1ZMcv17Kt75eDnpErntXT6PgczrvFZXu2Cgpn4Qq1ol9NZY1aLdsk+qzNK2WYmR5qw4+f/A/N1LRowu7ZjZce1bBXbsm7Tuo+bl2LZvhGFe9nhUbdvhVz24WTRMubVbDkBqtrCCotC6Mc9nFl+YAKQCE+S2NIhGE0IgCaIQgE0sqUoBNJMIBMJhCATSTQMKQSTAREgmAgDKmAgAFY0KICsaMIGFMDCQUgqGFMKIUggYU1EKSAUkk0HngoVGgODlaxzXNwPZSLARCjJRjlsjknpzB5IIhEhE4USVMiQq4RSiQnHNOEKBgCE0mhMmFUMFBUZzhEoGjCQzslUcKbHPcYDRJJQZOJ3X2ehpp5qPMD81z7ZhjWcSDkchzPvt/moum7ujWqEgchOzfzKtqvg6Oe58ug9v1sgkRrJMR0HRdPgjaDqD6tN4e8uLXRyhchz9NISY1u0g+fT1XS4JYfYLYaGkO3c0c/L25f1RXYhJMEEAjIPNCMSKidlJIoK3CVU8K8qtwRWZzVU4QtLgqXtQUEKJ3UyFAoIqBUiVElFQcqirColBUR0UCFYQlCCotUdKu0o0IKg1TDJKmGZU2s8kEGsXA7W8K761F7Tb4mYf5jkf15L0zWKb6DK1J1Oo3U14hw6grG1eqNOjj5pw5It7e/4Pl3BuKX/Cb11WzqwDh7HZa71H4r3Vn25tK1OK+uhU20kFwPoQPvhcq67H3FqX1LWK7CSYmHx6fkVwnWr6N0WVGlpmCCIg9Fy2iY8vo8PGw56xNLb/B66/7RW1Tw97mJEAleeuu0ESKNE+rzH0VHdOd/Co0uE3V7U0W1F1UyAdAJievT3WOnVk4Ncdd/qxXnEr29BY+pDD/AwQCut2a7H3XF3tr1Zo2s5qEZdHJo5+uw84hei4F2Fp0SK/FWh7wQW0Wukf8AERv6DpzmF7OnTbTY1jGhrWiABgALfTHPu8LkcqmOdYu8/X2/Jm4bwqz4VbijaUQwfxO3c49Sea2gIAUohb/DyZtNp3M93je11c1OIU6Qe3TRpgkdHEyfoGryz8krs8drGtxO7q6dP70twd9Phn6LjO3XLady/R+Dj+FxaV+5BCE1i6QFIKIUmoyqk4ww8vNZSZaMRnM88LTWP7uAMkwsromIBMZzzWVXkeq2maxSPMrWfCTMYj3VHx1NIEwrKpLW6GmSMlKhT+J3QbnELOviZeTzu9sfFj28/i3WZDaJdtJVL8mN1Jj/AN1p6bBAElan1tKxFIrDN3QD4PPyU50xA35dFO48D+WcAyqyHd5PnstlJ7PlPVsUxyKxWPJVGGQ6IJKogueANzGVrPwbkESMLMBnH1WWP3aPWKVrkx68ahvs4IfVMgNGkem5/BVUoFZpc7+IH81spU207ZoMgkSfvWOkIqtnnH5rCs+XpczHaK8aLeeqN/m1VSRg7DESq/i2+SKhkyDum0SYWD6VYxowDz+5QuWfuZMb59Fc0eE5BnfKVdrX258x1z+sKROpc/Kp8TBen1iWGRPn6e6spEiuw/DmD+vdVM0giYz5bqx2nvARAPKD+uS67d6y/O+HacXKpM+0wuu2nwuPoSPmsuZBgfP3W65DXUPDmYjrlYcEgGJmAVrxTuunq+u4Ix8muSv836wto/BphV3Y/cweZRSdNV+Iyo3bhDROFq931Fb9fD6p94YGA4BbE81paCKcyQTy6Tj8VFzYbMfEVdBgAtzGf17rda24fFYMGr2iVTRpOoiTvCsHidpmOQ+5ItaHHM55pjU2IOR0K2R4cGSNWWVWtJlo2EQikSXZPOT0RqPdSGyCcfcm3JcWgAn4R5rTM9piXrUxz1Uy09/LVauLpZ1zjbKoumRVJIMuGAfMpNqFjw4tG8QOYV10C5ge0wW/r8Vq8S+siZ5HGmJ8sgyc4OwBHmozkF2RE+26kdRMnny+ii8ZzicYXXXvD89z1ml5rIaTkEYI6oe0NECT6mfJE5nruD80OJiQYI2MLJojurcPFGIP6/BVOMA7q8MJkHaIGFQ/wxAyd1qvPs9Lh4rfEi0Lmu1Ux5IKjS+DCkuafL7es7rG0mrdYic+awDddHh2Z/3khyc7+A7dq3ZduzbsuTaDAXasxkI+bl16A8KtcMKuj8KucMKtDn3IgTEqAV1yMFUs+ELdjcuaPEpBNKEwtznATQjdEJMIThAQnCEIGmEgmgfNGUJoBNJMBBIBTAUQFMBEMBSAQApAIGAptUQFMBBIKQSCkEAAphIJhUMKSQUkApBIJoOCAJUjIVNMVGulxkFWzJUZK6kzIVYzPJXuAcIVMR7IhFQdg9VYQoEY81FKUASkpDGFUOYQcpTJSOEAUBLdMAk491FSB5QufxOvMUQcDL/yWu4rihRJHxclymtLna3HM7nGevsqgP7imXYmfm7+n63VFNj69VtNg1PeYCVap3job8LcAFdrgdl3dP7U8eJwhk8h1VG6nY0mWjbctB05mP4uquYzQIGIU0lCEfgdH8LjjyKnyQQHAgzB6KIJnSdx9fNCQVEqRUeSIRUCpFRJQVuCqeFeVU4IrM8QqnLQ8Kh4QVnZQJUyqiikVEppIIwiOalCYEoI6UaVYGqQagrDFY1qkGqxrcoItYrAxMNyrQ1BFrVVd8MtL8AXNBtSNnZDh7jK1NbhWBqk92db2pO6zqWGhwThtFga2yougzL26z8zJXQDUAKwBNQXyXvO7TM/iQCmAgBSAVYHCruKrbe3qV3/AA02Fzo6ASrQFze0VV1HgdyWxLgGexIB+hKkzqG7Bj+JlrT6zEPn1w52kapJOST1WR2StFw6THL0WZy5H6dPaNEjkkmFGBjdWMbMDqotCvpNaAXOGAq2Vj3Z7pwFQMEwzeBKppZqaowB0UapLqhP4qbCA1xHIK+zzprF8/VPsqMud1kq6mO7puDufmihqggbnz3CrqvyGNJGkyDCz3208LJhtbk2vJGtFUwYHJbrV7XkTvy9VgptkuIMyc+n+SvDdHiGBzWEw9bi8zpt0XlqvWhr2uAMAbwstUkuOxPIroaDXoSd1zn4J1DPMqV+jr5OGtrReQJcyTMEnlPJFrTbUuWtOGzJnorHUw2hSJ6F0FW8PYJe8joJWcTqsy8jkYozeoYqT7Rv+ndsqDkT5f0XMYQK4GdiB0/WPoug8wBBMmT+S5zT/rUTtP5BYU93p8+u7YZ/+cNG5KtptOdpHmq2QDJj3V7A7JA/X+akvVSAdMAifWYUyAWxEEf5I5mBkHp+uakWnlHv8liwmXOfRc1rpMtbOT8lCAdzkjGeey6Fw2aD2gctyufOkTy3IPOP6rfS32ZfJ+q8WI5eO1I8/wCJ/wCVtw8fZWgkgkasekLLseWNvXYKdWTAIJACocfA7m4Yn9e6xrOnf6pg+Pr7k6DtVVzpn02SrHVU3iArLdkN2iVS7NQgHM5JKjtmvRgrQ2tJdpJny33/AEVYS0gxJ5hUiGu1ZnrKuZLXiYgQQRvvP4K7eZlwa6rQVRwBiM/oKIGp09TjCkOpAaN8+kptAJMGQt8TqHzF69d+yxpIGZIaBzykCC0CZzvHuk4DUD7Qd/1hKDiHSXCT03WiZ7vqOLx5jHWswcYgtzPM+q0U3NdQewgS3CrI/KOirA0zyA+8rF7Oow9/ZHOnGNO5jOP81FwmRkGOXopANcJBkwSfJRAz7/iujHPZ8R6rSsZtwIzEeWfWE8AiDAdvHqUavD15/eVCXOacAgDHyW2XlVnUpkaoLW8tz6Kh4JqxAELQGw0gHKqABdIEA9Vy2fW+n0i8b0kWaWqKtqbCFUtUvdtGuxhdLhvP1XNC6PDtj/vKw4ed/Al6K1GAu1ZjZca0yAu3Zyj5qzrUR4QrSMQqqMQrjsq0sdwDGFmpmW+mFquNslZafMLZj8tGePspoCE10OQIQE+SiAIQmqCEITQMBNJNAJwgJoBSCQCmAiGApgJAKYQMBSASCmEDAUgkApAIGApAJBSQAUgkEwFRJNIJoGE0BNB5ujU1MzuMKyW8zuoigwck+4YNgfmoyTxOFXVb4g4bK0FRcNQIQVJQgYwjEoIEQd0DmpOEhAEBEkgEHKZ2SOAUEcbymXBoS/RWW+r6GaBiefQIMtzWNerDTgYH4lVVqnd09Dd3D5N/M7/5qTNLKZqO2iY2xyHvusjnOq1ZMue4qjTw6zN5dBpnQ3Lz5L1LQGtDQIAEALLw60+x2oYfjdl581qUQ0IQgY6JOaXZGXN28x0Qm3dFhXIIBGyR6KVRul2ofC7fyKgUCO6iUyolERKg5SKiSiqXhUvC0uyFS5qDO4KsiFe4KohBXCUKyEtPRDaAEqYagNyrA1FJrVINUw1SAQRDVMNUg1SDUCa3Csa1ACmAgA1TAQApAIABSAQFIBABSQAmAgYXA7X1Q3h9GnqgurTAO4DT+YXoBheT7aPaaltTnLWvJHkY/IrDJ8r1PSadfMpH5/2eQrO1OJWcq2puVUuaX39jAU2jZRAVjQi1jZtBHJW3DhTtI/mUqbDP5FZ+IP8AhYNlPdlknpqwzLueFqt6Ze3Sd3Kqm2TPLdaGSCHAwsnLhx9+qVVSm6kTyIWZ51VMCQNl1Kv7wAnIP0WOpQ01A6CfRIlr5PG6o6qikGhsctO6kDqhsapxCTjAI2k8uStsWk1w7eBK2TGq7fLYOrPza4/pLoMYG0mtbsMT1XPqUu8vNESCc+nNdLksto0Pq1K+M4B5rnj3l9fm79NPrP8AaPP+35qr0DW0Ty2VtoIpPjJB/D+qqrONSocD4sSc/rCtpO00nE9fwW2fkh5PGn4nqmS30jX6HUOZ/BYKY1Xbz0WtxGwOFkt5Ny4nY/mpXxL0eZ3yYY/+X+JbGAYlaAIO0lV0WgnVJwVc3Bk/l5rCXfKWwzy6eSeQQAC7rCNTSQDy9j1UQTJ5x1+axYE8A0nNIIxBIXNDiT8OXczy5ldTJxMQYOPdc/TFwQeRJ/FZ1ntLi5GKL5sVp9pn9P8AhTctLa0YENn81nYwueCtF6ZLXCd8pWrfDqjdZezGI6uRak+2p/svayGrESdbsTlb98QsTmeMtmDqIiEhu5faINrZeJBCuqsNN5DW7tyoW0OqNMyN1ouQC1rozn3T3avhfE49oj3ZiBBIJ9SOqGDJLgMGTI85TIkZBEZ9E36ThrSBJEH81ttOofK8PBOTN38wTQHNkj6K2jSDskRIRpBaCBEfRaWNBYBA/WFpfa48UVVgCYxk4lZ3Ca0fNsrW9p6mIlY3AuqOBeM/mkNfM/hG57tBIO5kyfIqskhuDEbHpCdQEExzzHqUg3UYIA84W+nh8JzZ6smgBktge5SaMnMIcDEjeevupNaMtEkgZ6ER/VZzbs5MWKbXiCL4aCRlwnA2OUmtg4903El2Yk7KYZ4ZXNL7bg8fpqT/AIVSrn7KkrGXdfyYXQ4ecEea54W6wd43A45qOHnf9PP5PTWJ8I6hdu0XCsHQYHNd605Kw+Zl1aWyu5KmnsFYdlWlRXOCsTMPIhba+QsbcPIlZ4/LVm+VNNJErpcRphL1T2RAmkE0DQEIQNNLmmEEghJMIJNU2qDVY1ETAUgotUwgYCmFEKYQMKQSCkAgYTQmAgFIDCQ3UgqGE0gmEDCaEIOGlhZu9fO6feP6woyaMJDKo1u5uS7x3UoJ1G+OeRS95USSdyUxlAxlBEIAgpnqhKJUTnCkSIUJRiVR4psLjEBcqoHV3Go/4SduvQLRdVDUqd03YHMcz0WWtUFNktPk3OfM/kiqLqrLu7DpDTkg4cev6/Fb+B2euobp48LcM8z1XPtrZ13ctot3Jyeg6r1dKkyjSbSYIa0QFUWBCSFBJCU4RKATDoKjKRKC8gEEESDuszgWOLTy59QrqbpEcwirT7xmPiG35Iy8syiSnOFEoxIqBUiooIlRIUykQgoc1VuatBaoFqKo0o04V2hGlBSGqbW5U9CkGoEByUw1AbCmAgQanCmBhOMIEApgQkApAIpgKQCQUwEAFIBKE4QMKQSATQC8T2ve13E8R4aTWnyMk/ivblfPe0zw7i9y9pMagPcNAP3LXk8Pf9ApvlTP0hwXndQ5qT1EDK532k+U2hXUmyq2BaqTYUltrGoWMbA2XPvWl9xC6UgdFkuWjVqjLt1jHlheOqNM7WgCANlLbcoAQevTmthEaWM8TYxISuWwwZyDyTt5DiM+yjdOPeNE4AypHlhnv04bW+5lOXado2HRb7Joh7+UwJWEAF8k4XQsnDuTnJdJWzLPbT5n0LH1Zb5ZO9qmlQdBhzsDOU7Rui2bnzhZbpzqlwYBcGCIA/X6C3UmgUWddK0z2h9BjnrzWt9O0f5/7+5zySdQLjOTlXshtES2c5g9FnrQKrznwuhXnFNrTuAtk/LDh4OP/wA7mt9NQjgnmqbRn750mAenNXtE/wCSjZDU58gkEgFT2l28iN58P4zP9pa2sx4oMq0ARkKLSDIB8R/QU55nb9fktTrmUQ0QAYz/AJoAkHeUwORaM7qJHMAZQJxxk7j71kqAC5Dhs5p91odBwDnyWasD3jHwMGPaFnDG9dxE/SVF7mgc4ByrLcfuGnqEqoDqbgRIjYItHF1NzTyP6+qz9nL8vOif/VX9J/5XtBd6dFkqMiq7V+it7QQMHHX9frKz3FIxMxKx26eRj+JTSFq1pqQDjkr6rZaJVNsf3hOPbHJaXg7Hbln0T3Tj6+FDC9pDh7JgGQSI5bK2swwCSRO/uoEEAMHiPr5/ks97rp4ebDODnRljxPluo0mNYCSDI3UGEtdoJ+anScXUm45H8kqrHnxNaOmFqfRQkYIwMT0WGuyKge4YO8LQyoTgfJKtR72i48uSsNeWnXSYZHHMFsHffG3+SgQYI9vLaFMtJbhwOmMHz/yUWu2nIjI+q6ad6vzvmxNM8pEaoIGRKHHYAhup2AEmPidgRskYc46WmWjOfr9Vhf6PQ9OxxednTaC4QD6rTUZpYlbtAMkeoVtaHZAgLU+0xU6a6Y3fCVSVc/YqlSWi/lIbrVZGKrvQLK1XWztNb1Cjh53/AE1vy/V6azdGnovQ2bpg7rzFo/DV6Lh7paAeSPmZdukcK07KmifCruSyaWetkLL/ABrXVCyH41lTy1ZflShCE11OEJpIhESQgIQMJqKkgEwkmgaYS5JoJBWNyqwptRFoUgoBTCCY3UgohSCCQUgohTCCQTSTCBhMIQqGmN0JoGhCEHmCNIlKVMgnZVwVFg+aACUBMTsCooAUmwBvnol6oBAOIVFg2RgbpT0UZKCDjJVNzW7qnj4jgK55jJXMq3DX3BeQSG/D5eagifCCHGJy4kTA5n8PmsVar3lQuAgbNE7BW3FSG6Jy7L45dAr+E2X2q47xw/d08nzPRZI6fB7L7Nb948fvKgk+Q5BdFIJqISaRQgJwiUpSlA5QoylKCQcWukcloY4PaCFkJUqNXQ+CcFF2lc09J70bH4vXqs5XRIBBBEg7hYK1M0qhaTI3aeoQlWUk0IhIhOEQgiQo6VbCNKKq0o0qzSnpRFQanCs0ohFQAUgMpwnCACcICkAgjCkAgBSCKBlTASAhSCAUoSEJhAwE0gmgTsBfNOMvBvrggyDWeR/zFfS3wGmThfKbwkuyZPMrTk9n1H7O0+1e34Mjk2jKR3U6bZOFpfWR3lbSbJWpuAq6bdIVkmBAkrCW08quu392TnqpgSmWy0jTyURgEj281E533+5Sdvn3URnP+a2MJXWoEu6kYVNy7VXfzE/JW27gKpyMDCztdOqeZ3lWvnbz/Utzx5rWPKLZALpM+i0Wj9DKjuTQsznTkDlzyp03FtMt5PIlLTtq4OGvHxxEEDL/AAiZ3MLrPaGMHl1XM7p1N5xj+q3vIa3pHmsbOzix2lic0OuYIPxSOeyseZOAqKIDqr3zKvAG5CyljwaarfJ/6rTP+P8ACQw2QfqnZNPdkgRJweib8UXunkp2rS23pidxMHmsZns23jfIrP0if7zH/K/SYiDn6frKkAIjYdFEb4MDaUzDRn9clg3IuyIHPnHVQPl96bi5zjpO+33KD4BiMDOyrKIRqSP1sqXTt0U6jsYHuoNEuhZQyQqghpEFV2w/fEE7jp+uqtqZJxHkqqfguWGCSTnKrlzU3kpf6T/w3ho6Y/QUKgDmE9VYBDdoPJJxEEYWLqZLdum4GYnda3NLgZI6qpjQK4xieSvM53klWWFY6eyjRqBDpPJZqgcMbEYW5/8AN1/NUPoGsMAE7xMeyRLVnwxkiJ94Tsnjuy3m3OPRaSYxGAOa51q4tuAHCA4xB9V0TIBEb+fVSWWOd1hjqM01JbPmr6MOYdIE/JBaXOk/Kdv1CTf3T5JIBGfwVbWKq3T3gbPUKrAmAtFRkuJBnKoIDQHTtv8Aet+O3s+P9b4Vov8AGrHb3DCC+YxP4qbi051YOBAVLCQ4GTqiR8laGy2RkBMkOP0vJ02iJ+rTRH7uev5KdSADuo0DNEn6JuktlaX3tfDI/mqFoqDJWcqS48vaUgpMdpqj0UW7KD3aazCkOHnf9Nb8v1ejsXkgL0fDX7DqvK8OfkYXpbB0EZUfNTHZ6KgcLRyWW3OAtQ2WTTKmoMLGR41tqbLG/wCNZU8tWT5ZSCEJrqeeEIQgE0IQA3Ukk0AmCkmEDlCEIJBWNVQwrWoixqmFBqmEEwpBRCmEEgpBIKQQMJwgJoGEwkE0DTSTVDQhCDyQuTHwe0pG4cT8I+az96wbvAUDdUG71W+7lGemvv39Gj2S718fEB6BYXcRtW71mfNVu4xZt/2oPsVDTpd4ebio6jO5+a5T+PWjRjUfQKB7QUf4adQ+yK7bXYgk/NInMgrif285/wAFs9yY4nxCp/d8OqH/AIXFNjp3lwe5LDidz5LEIY0vIHh5HmeQ/Eqss4tdEvqcOe1rcjET6ypVPFDGeJrek5PMpDGVTGPr1gwS573c+a9RaW7LW3bSbyGT1K5/BbLQ03NQeJ2Gg8uq6yrE0ISQEpShRQMlKUpUSUEpSlRlKUEiVFKUpQbbarqboO429FOvS72nGxGQVga4tcHDcLoseKtMOH+Sqw5sEEg4I3HRAC13dL/agf735rMAoghMBACkAgjCcKUIhBGEQpJIIwiFJKEUoTRCkAgSaIThAJhEICKkMphIJhBIJqIymgYUlEJoM3Enmnw25e3dtJ5HyK+XXJ8ZG0ea+mcaqd1wi6dvNMt+ePxXzGufGREZWjJ5fY/s9X/Svb71SuotkqpoytVBvNaZfS1he0QEGIQmMnCwUsxI5bpOM7weik4wRjHVRAgF0IMLh4yPPadlFxjAyVZVjvHY3VTfETlbGM/Q2DSCZMnCqLIMGFqIDW5OIVNWm6mxrnbkSjVlxxMR9ykCTAV7qWm3D+pjPRRoUy9wGJOy13rQynTa0CAeqTPdjEapMsssaIGokYytVeoWU3COULLTnvGg76hIHJaK7dToyRvlSfLHi76ZV0KZbRbJyclW02y7AHqgM8IMyfRWtYBuAPb3SZddaxSsVhC6IFAjnMbLSxopsAxAAGPJVuZ3mgZLQZPnzVgOeqxYa+1s50nO3r+uqRdA9OhTIBif1zVT9RHl+ajKII+RPLdRnIDefKEOIIjlmdkiCXEx81kzUvOR+ScQcpPgvwpx0IjzWSqyNxCgB+8EHngq8gagQMfoqDWDvRIwEYWjbUQJyT5SFEwQDE4nb3TLRJkeSRAEmOqxU6bSSMH1KkRB2Hn8kmtERAPJOBBgRvzUEg0RsM/kotYWnwn5oOATGM/eh0wSMTI+sIjLdUSx/fNMdYWsOGkOGoiJSJD2mds7ZUKTNDSzkCYkb5VYxXUzKx5DIiDGSAqrkyyB1xjyVjoc7J64lRqMLgDp9M+aQyhmhxZttuFS+mHE53xjotIaQ4tIAhRLQZ5HqskyY4vXpt3Yi3TBGYU2kGHESHGI2UnYJEATzUZcRLZbHLmVs6tw+SvwZ42ft8s/2aLV37og7jorHEBoA5Kq3b4iSQMnZWPPiOVrfXYvkjbPUWY7rTUCzlSXPl8gKqs6K7PRXBXXNtr4M25AM0q5B9CB+IHzSHmeoW6ePP4w28NfgBeksH5C8rw1w0heksX+ILGXz71VqcBbRsufZHwBdAbLKHPbyhUGFiq4eFuesNf4x6rOvlrv8smE1EKS6nnBEIQgaEIQNCEIGmCkgIJBCSYRDCsaqwptKC5qsCqbsrAgsCmN1AKY2QSCkFEKYQMKQSCaBoCEwqGEITQCaAhB82bwOjP7y9qO9Gx+amOB8OjNWu73/ouyLUz/AHBx1cgWrp/u6Y9So2OSOE8KbvQqP9XKbbDhrfhsgfVxK6wtjG9MegS7gtJmswD/AHEHObb2jPhsKXu2fwVjXaf7u1pN9GLa4W4+K4+RAUC+zG9af+L8kFP2i5iAA30Cg64uSc1o+SudVsRvJ+aqdfcObv3Y/wB6PxQ7IuqVnNLalc6SP5sKjQ17tJqkDnGVop8R4e+qKdM0HPOYZBMdcclva9wJbp0wodltrH2SlA0jSMBWqDCYyQfQKUqsJOUiUpSlEMlRJ5IJUSUASkSlKRKBkpEpSoygkUKIUggaut6vdvyfCd/JVBMBB0sR1B+qwOa1lVzAfMSleXtbh/DTctpNqhhyH1NMN9foPVR4lUZptbphgucIMfEHQAPmQjLXZZClCG5aDG+VJGKMIUkiEVFJMoRCRCcJgIqMJwpQnCCICcJwiECRCaEAE0k0AnKSEVKUwVFAKDndpDHAbk/7v/cF81qHxFfTOPsNTgd00fyT8iD+C+Z1B4itGTy+0/Z7/pr/AI/4gmhbaLIbuslMSQFvaIAWiz6TxAKBlG6Z2gLBCJk80yBGIHmolocd1KDOdlRz6096WjkpU2ADaZ5ym5pNZx2kpvJY2AZJ5Dmthr3lJjTVqgDLRBJ6qN+Pg2MlaaLO7pwdzkp1KIrAA481hvuxmNxpnsacanxgYCL8mGAHB5BadHdtDWbDdY79xOiN+cBWO8teTtSWeiCazQ7cDZaJLnEkA81TREP2iG7eZK0ASYGPdZSnF/h7WsaS378qxoB9/PqoAu5TnaVNo6jGcFYS3ykdsTn8f6JkSIJ5ff8A0SzBhEAT7qMSOBI5qlzodI2nH3KbnQ6JyIACpEuM/oLKIZxBtBxAkjbCbzpOxHPI6KTWgtGAq6rpjIGOqqqxl2N1aGnSd5hVNBJjr7q1u2Ad+Y90lQRE5IBTpCXl0/qUxq5xjzTZLAAJwfwUQ3ZI5e6QJMEHfJ+9BnfJI8kxIbuduiIkwGS7cQJygwQDtkTPzQABGI9kzucmPVREQMxyEbYU4GAQeSCY9uqW7ieSAyMZI2TgECEjIBHy+Sk0y4E5E5wgQGdjskJkYREn08/JMyAcCR09EFZHhGenP3VThiYM7RG60vyIOYncTsqHtgGIz7LKGUM7qYIPPEqDKHeuhpMq/Rpkk7KVNsEugTyI9FWFsdbeYQtmFhIIym+RjyWiAScDpsqqowOUSFIlnXt2ZaizEZK01Cs53KS5svkBdmyoi47OXtIgky4gDqACPqFxQvSdnf8A2Cr/APNP3BZY/LxfV51xd/fDg8OqbBemsHS5q8qyn9kva1vJ/dvLQSIkA7r0fDnZCwt2l4lZ3G3srL4QuiNlzrD+7bPRdJo8KsNNvKLliuPijnK2OKx14mdsrOvlqv8ALJApqM5TXU84+SOaSaBppIQNOUpQgkgJJoGhJMIhqbSoBSaUFzVa1UtKtCCwKbVWCrAgmFMKAUggmE1EKQVDTCSYQNNJNA0IQg8w2510mX9NtRrHNBqNeI8PJwB+8b+eFze0FW7oVKTrNwDXjxBziAOkZ9fkpcJtbnh/DrkXTiS1nhOroDt0Hv1VvDbd/wBjpur+LEU2kDwskwPr9yK4Xe8UrD++Z7SUvsnE3b1nf8NKfwXrA0DYIgdFFeWbwy/qYdVrj0GlWDgNy74qlYz1qL0sKUIbecb2azJj3dKvp8Co05D6THSMQu2EHJQcZnBqdvcU7mm1mtjpaQ2MnBHuMLqtAc0ObtGPT9YUywFsEYKgxzgY5zt5/wBUE2mFOZSwc7g7IOBIQmAYSlBKjOEYmTlIndIlRJQBOFElIlRLkEiUpUNSNSCwFSCqBVrUFgCtpU9bvIbqtoLiANytrGBjQ0e6qwrubS3u6PdXFIPYCDBxC5Nwa/Eb8VtD/s1IaaDT8NRxHxnyAOF0bp/fP+yt+GJqny5N9/u9QphRdkxuljWyTpAEndSQgoxIpHZNKEB5ohOE4hFKEAJwnCBQnCcIhAoRCkkgRCSkiEEYRCkkUCRKEiimgJJhBm4rH9j3k7dw/wD7Svlz919Q4rP9j3v/APj1P+0r5e7daMvl9l+zv8G/4/4WUWy4LbMDks1sMrQfiA5Lnt5fTScYlInPmnmIkJBvssWIEcymI+acSdyQnGNkFFZo+MmFCizvKneGIbt6rS5oe0tcN0NaGgaRAV32NgA5nCl7Z8kD6oMzkj3WKImQRssXEASWDTE8/vW7HXyGVzuIu1OYGgzGPms6+WvL/DkrdvgLsS8yDC0sAOxP5KFNoYA0ZgQICvYwATz9FZlspXopFQABJnInkpgBuQYKWhwwMjyRnGI8hhYqlIDtphVudJ0wcjopQekfrKg4uk488H5IQrMgkAmY69UNkkmYHkUySJJ2TnSeeD1WTMOfDSZMiYysxdJEKyo+WxKrYATurAnTaXY/X6yroImDuFFgbLY3POVISd/z81JDEQQQcoLjtj1hLyJBOOXuoH4QcyN8oJS1zuvnshukj8/mlsBPLzU4MkxsgATEjnHP5pgyQM8vzTjSCM+sKIaNRyiJD4sp84GDj80hIGN/mnzMjA8lEBGM7SENBgEff5pjeBCZjVtsgR3wDujfyP6KW3SR5eSc8yds7+SBARn8UqoLmxBE8/dSLiwAO2B5jySJJImOW6sEMzgWuxMjmpscIAUi0YEZ5/JNjWNMuG39VdstpEkDff8ANUvk/ER54/XVXPx6D8lXUMzDT80ghifuqD8RWioMrO74klzZfIXo+zv/ALFV/wDmn7gvOBej7Of+xVf/AJx+4LPH8zw/WZ/8r+cOb2ho9zxZlYNIFZgJJ5kY+6Fq4ZUlzR5q3tNQ12VKuASaVSCejTv9QFi4W+ajI6qZI+08Hj23R9C4f8DfRdRm0rk8OMsaF1mbLGCyurg+qxV1urbLDW2Kyjy028IpqIKcrrecafNRCaCU80SkhBJNRTRDCaUoCBppIQSlSaVBMIL2lWhUNKtagtarAVUCphBaFMKoFTBQWDdSCgFIIJSmFFNUSTSCaBoQhB5W6Z9puGUA492zxVW4z0H0WiJKqoM7tkE6nOOp7upKtnooohEBCCgSChEoCcIGSkd1JjHO+FpJ8ggfJV1GjfO2YWltrcOwKL/dsKwcMunkTTDfMkIMbHEiDufv/qpBV1WG3rmm/BGCP181YMifnCMoQdgqJKte3U3zWclGMxoy5IlRJUS5EMu5KsnKbioEoHqTlVgqYQTburWqoLTa0jVqQfhG6DVbU4GtwydlK6rfZ6MtAL3GGNP8RVsgCTAAXOFQ3Fb7QfhiKQ/w9fU/dHmqvhZRp922CdTnHU538x5lWqsFSBURJCExlAoThOE480UgEQnCcIhJoTRSQnCECQmkgEIQgSRTSKBFLmmolFCajKJQYuOVW0eCXb3HBplvzx+K+a7lfQe1DgOz9wDu4tA/5gfwXgKbdTwFoy+X237O11xrT9bf4hqt26Wz1VmZk4QBDAPJSC5n0MkAeSCSEwgjyOVEGD+aEtlIe8IF7JiOqfsg79FEGyjMmJTRkDefJURc0Db2WGs3vLtkCdIkytjiJxylZmDVWqPPUCPIBZQTG9QtY2dyIH1VrSBzKrZEcxyP4qUF+8fKN0llKWqQRiThNu0kgpAaRgE78/ZMkxAhREC8Okj5fcozBydvwUjAj2+irOSZEdcdVYZQZO2No5KlxlwypPkeW6rIzGFlDIRHP5KbGHlz5KEeS0MAADhJ90lBp8JxJIJn6J6ZBgRv5eSeXxIB/wA0E6TMjZYohUOSBOD18lGZxmVEu1+UlKJyfVZaZaWSSQNp/NWMBMEkZ8vOVWwThWiJmRI81JSQRIwd1AS7kc7T6ypuM7GfZRMDc5HT0RBBcdx6EKTBzlsJNIGBgqxsBQktt4JQQHbnfzhHMbhL+IDO2yID9ITbBkSPcIzvAIR0ACAqNJnc+QKRAIEzzRLiZDZz0QdwSFRFwAMwf1/kotduImfNSJG4680usYP+SMkpxJ+9VVCNuvmpzAg/KPNVuOMyrCxDPWGTKyv+Jaqmyy1PiSXNmIL0/AKejhod/O8u/D8F5gL1vCqfdcMoNndur55/FbMXzPnvW7a48R9ZWcUoC44XcUoJOguEdRkfULzfCXfvmCea9g1eOs6Yt+JvoAyKdQtnrBhXLHu+f4lvMPonDDLWrss2XE4UZptXbZ8K1Q338lV+ErDX+ErdU+FY6wluyyhplShIck11PNk0wopjzVDTSTRAnKSAglKaimgaAkmgakFBMFBa0q5pVDVa0oLmqYKracKYKCwKYKgCphBMKQUApBUTQCkE0EgU1FSBQMJpIQc1vBqn8VVo9ASp/wBjH/x/+j+q6iEZOezg9P8AiquPoAFc3hNq3cOd6u/Jawmgyjh9q3aiPckqX2S3H+wp/wDKEXl/ZWDGvvbuhbNeYa6tUDAT0Eq5BBtGkw+Gkxvo0Ka5d/2j4bwy9o2d1UrMr13BlJvcPIe4xgOiDuOay9oO11r2bc37dYXzqTzDa1JjSxx6TqEHyPRFd5Nedp9pOJ3tpTueGdm7mvSqtDmOq3FKkCDsdyupwm8vrug53EOGu4fWa6BT75tUOHUOCDNxyy10xc0xDm/FH0K5VtVDhDsRg52/y+4r1j2NewtcJDhBC8pe277C9IHwzIJOI5H8CiL/ACKzXLNJ1DY7+qvY7U0ETgfT+m3yTc0PaWnmovmGAlQJTqAscWncKsnKMEiVAlBKUoCVMFVypAoL6YL3BrRJOy69CkKVMMGTzPUrLw6hpb3zhk/D6dVfd3ItKGoCajzppt6n8uaqwz39UVH/AGVvwjNU/c38/L1UAVnZ4Rl2pxMuJ5nmVa1yiLgVMFVNKm0oLAphQCkEEk4QE0AhNCKSaChAckIQgISKaSBJbJlIoBRKaiUAkiUiUWAkhCDz/bN4HCaTZgmuDHlB/ovI2zTJcvT9s2l/2Ns48f8A5V58NDBA2XJln7T7/wBEr08Gs/Xf6pJiYUQfJSWl65z0RPVR5oHkmgwBKkkITkgqIBnz80aiMRKC7YFRfOehQOTG2UnbdJUQc8vkk+IkQfVZaXSByJJmVU3bnkknkm7LoI81MANAz08wsmZ02yNj6nKvEDkFVPhgkCf0VIAOOAsWMgsIgYA/JRg84iBuVMEDZ2SFB7uQkz1RIRc+TMTudlVGcxPomRkEmdsgKJwd5WcNkE4mVHeTzQm1urlKom0AGZkDzV7WloG36Cra0DrB6CVbE5HmsZljKEgGGlu23uk5wI6fdulVcA6I2PryVbziEhYhEGT5qQG2xUMhXUmk8seqyVa0eGMT/VMuGdzyznmm6ADjIM7KLccgYWDAOIAzjfkoEgnBB/UKR1HkGzHNQaCSBvt+arKFjGmeny6qcgjO5n8lBu+wG2ykw+YG3P3UYyCRJEjmgkAnA6/RLU4HkfbqUEeXI80EpnAwB5oyD9MlRJJk458lLeTMYKIBBDc+0qEZBIhNxGo8oP4KLjE8vL2VWCaBMZ/QTg8/qUiNPOfb0TYT1HyRkRIDgf1zUam+AN+iZ2A2jn7IqYEk+iqwyP2WWruFqestbcJLnz+ERsvY8On+z7b/AOSz7gvGhe3t6fdUKdP+RgHyC24fMvlfXLfYpH4tDV5q/pGj2kedIa2oGvbHpBPzBXpWYXF45RLeK2laZ1sLI9CD/wCZZ5Y+y8LizrJp6rhRmm3rC7tP4VwuEZa1d1hgLmh25PJPHhKzVBhayJCzPEgrJpYuaFKp8ZUV1R4edeNWmDTSTWTEJpJohoSTQHNNCAgaYKimgaYKj5JoLGnKtBVAKtaUFzSpgqtqsGyCwFTCrCsBQTCmFWFMIJKQUAmFRNMKITQSBTUUwg+bXPGOP8P7Ys4Jx7j1xTtKxinc29OnSkH4XfDjOD0znC9c3si5tVtUdpOPFzSCJuwW+7dMEeS8/wAUo0f2jdimcQtaYbxG0mKYn4gBqYPIiCPbO6y9mf2hcXubOlw6lwKrxK6t2Q+q2vpJGwJGk+QmUZvU9q+zVfjXD3Osr64t7xjfCGVnNp1PItmB6rldge0zRTHZridM2vELUlrQ/He5JI/3vv3Xp+B315xDh4qcQsX2V0xxbUpOGJ5Fp5iCPeQuL2y7HN47TF/YHuOK0INOoDp7yNgTyPQ8vugr/ahZm57HVKoMfZazKp85Oj/zLk9lO0952evW9mu0h0NaALW6JlpafhGrm08jy2PlOw7Sv7S9nuJdneL0jT4zTt6jW03DT37mgkQOTgQJHuOcdGjwSy7b9g+Gmv4bhluG0q8eJj2+E+oJbkIfiv8A2hU6lPgVDiVKNfDbulcbbjVpj5uHyXY4xwu17Q8Fq2VUg07hksqATpO7XBeCteM3ltY3/YvtI0C4NBzLOvUPheY8AnpIEH2K9n2Nvft/ZDhtfmKIpn1Z4fwQeV7Bcdfwa5uuzHGqjbd9s5zqL6joaObmyeX8Q9/Je4teM8Mvbk21pxC2uKwYXllKqHkAECTHqF4r9p/Zr7TbN47a05q0AG3AA+JnJ3tt6HyXV7HcO7OXvDbXjHDeH07e4ZIfpqOLqb4hzSZ2zseRCD1wKw8Xs/tVrqYJqU8gdRzC2A4TBVR5O3fD+7J3PhJnf+ux9irwQQCNjkSpcVsxbXRc1v7uplvkeY/X4Kqk4vGd/SM/1UI7K7ulqZ3gGRv6Lnk811plc25pGlUwPCchC0KiUiUiUkYmCtVjbm5rZ+BuXfksrGOqPDGCXOMALv2tFtvRDB6k9SiwvlrGkuIa1okk7ALi1bg3Vc1/4YimOjevqfyV3FLvW77Iw43qn7m/if6rG0+aErgpNKrBUgiL2uVjSqGlWtKC5pVjVS1WgoJhSCiCpIGmkE0AiEIRSIQnySQJCChAiolSKigRSJTKiSgRSQUIoQhCDzHbAhtWznmH/wDlXnS9d3ts4irZRuA//wAq8y6oScFcmSN2fofo/wD0WP8AP9ZX6+UqeuQsesqxtTzWE1erpfqk+ak1xnc5VQPNSaZMQVE0vGR+aDCGiAMlBPiWDFKem/RVukbDdS1Dqk44wOasEIzp5nPXCrOTsAfuTLhqgyY5ckzpbMYKyZIEweR8pTJxtAKWXHA9YUwzTywEU2tnJx6BMkMkE4SLg0YPsIUHP1EwDsieUjUDjyI6qpzg4+HoeSliDiJSJaMN5D0VZIEjlI90ickyUzEwBg+aUmDAKqoggevorAAAcjrskxsuEjdWNH8v0KTKJMDZG3RDnHTjOFEnB1ZkHlsoucM7HP3KaTSDnEk4zKRcfP5pEzEYjnKCOQgQsmQYCTifZaqIlsxgqljOuPZXk+IAEYO0rGWMk4ajGwPRMENJn70gTIk7wMhR5fI/VQDpzhINiZifL0QDG0GBOyJnYk55fJVVkDSPuTAHMZ9EgYbtEA7hBfJ+fNRiYIBmZ9EbmZzjCbgcwmzczyREQZdgj090yCBJA/RTABKNIkYGeiCPI8sciowDKk7JAHlyTOYjICKg6TnOFB2DvkDrvupzqA2/WVDQ0Hfn+SrKDI5deXVVuIBIVpPL9b/0Ve0AhWFhnqZJWStyWyoslbb3SXPn8KTsV73zXh7WkK91SpOdpa94aTEwOeOa+p8Tp27uDW1y23o0ripo7wUwQGkt1ER8twt2GPMvj/XLRM0r+LkMCx8Tod7dWronSHx/0rPx3izuEWAq02sdWe7SwO2HUn9cwqbK8dcm2N9c06neUyaQYIc8kiR4TPKNuR8llkncdMPIwV6bRkt4er4SNIAK7YMBeJs76wtGVaVCncuYBphr5E4MuxtHQ+vl3RdcLo2LXW1cNaabfFQq6iJAAkGYO0yORPrpisR2me7ovlm0xasfZ+rt0zq5qhzSKrmH1C8ha3jOH3Rrtv6jabNPevrEuJkAEls5HMQc7rusvajadGoa5rPqNHjxpMhpAgZkEuByNvYYY7dcdmeesYZjc72vrt0vVatexz3ua66ovduA0RG8DBOeo6rHRfdC6uLe6oFhovgPAw4eeTB25rq30TFLeXm/xYnJTw0I80IWxqNCaWyIYTSCcIBNIboQNNKUBA00gmgYVrcKoKbSgvarAVS0qxqC0FTCrCsCCYUwoBSCCaYKiE1RIJpBNA00kIPBfshtq9Ox4lcOa4W9WoxtMnmRqn7ws3au0r9iu1lv2m4cz/VbqpFekHQC4/E30cMjeCD0C+k0aFG2oto0KTKVJghrGNAa0eQCpu+H2PENLb2zoXIZ8IrUmv0+kjCM2Sl2r4BVt21xxiya1zQ7S6u0OEiYImQfJLhfang/Gr59nw67+0VabC90McAACBuQJ35K9nAuDUjNPhViw9W27B+C2U20qLdNNrGDo0AIPLdtOxo400cT4ae44tQAcx7Tp72NgTycOR9jyIP2aU7627NPs7+2r29S3uHBja1Ms8Jg4nzLl6vW3qEnVQIh30QcbtX2WtO0/DjRqAU7mmCaFeMsPQ9Qeax9gOE8U4JwStYcToim5lw51IioHAtIG0HGQTnqvR9+3mn3olAVqbK1J9Koxr2PaWua4SHA7grxXAew3G+A06zbLtEy3FeC9otBUEjmNRXtDV56fqkaxjACDz1TsvxW80/b+1V9UDTtb020AfXTv7r0ygx+seakgpvbVt5aupHB3aehXmhqpvIc0gtkOEZH6/W69XOVx+N2gY8XjGiCQHiPkf15IjFOdUjO8KNel31Itxq/hPmlTcAIJ8MY9P6fcpiQYUWO7juBBIPuolbb6jpd3oGHYPqq7O2+0VgHDwNy78kY6bOF2ulvfvbl3wzyHVaL27FpQLgAXuwxp5n8lf4WUy5xDWtG/ILz9zcOurg1TIbswHkP6oqIJyXEucTJJ5lTaVWFIIxXgqYKqBU2lBaCpscqgVJpgoNLSrWlZmuVzSguBUgqwVMFBMKQUAU5QSQkCjdFNBSlCBJFEpFAFRTKjKAJUSUEpIDmhCSATCSYRXje2z5vran/AC0ifmf6LzUr0PbQ/wD3vSEf7Af9zl51c1/L9E9KjXCx/h/k5UmlRAUgIWD04Xsyeqta2DMQVSzrK0MGywkla0YCX8SfoVEmM5CwYh3ixt1ScR8MAhNoBEmUjBHIieaqoOc3aTEZUdXixPl5pgyeictAOZ+qyZADEtHLCk50YIMAJap2G22FXzwT7FAy4mTBMH7kwDMYHuokH3nOFPMkT+KBAQ7YfeouEb+2SpxmBgdfuUXPIMe2+EFZd4SQfqlkwB0TAJ6+x35qQAbEe+FkyLYHlg/kpfC4Q6Y6HyUScQRJxhMBoG+TtjkohudnzOOiqJkAkn+qZk4wZlRdJ/yVhSnnJTg+ceik1u2/5KTRHoVRJjTBGM4UiCBB5TyQ04zuICMmCSBIAWLEtOMwPJI6WxBBjG6lEnqMlRfO2PYIp531ewQwOBn2KWg+nspgOExjdCTAcYzjGyiQ481IiQM5RA5fkogaHDJz0zG6bcgkHPohshDYEN6c4RE4G+yg/oBOVP8AhyoFpLuaJBQR5xsMILtLjzhTz+gq86iRE7yqsd0CCIAJUoJOcptIJGx9kcyPu9EZIjIyM8v17qLwW+U4U+ZjZVEydt/NWFhTVMyeqyV/h91qftsstx8PurLRn8S6PZ+hdm6FW2FRrnnumVKdEVHNJiS0EgYG5nAPmvZ3Fx31B72atFW7qPgz0bGDtuquEWF9wh3DLGh3jDVFOrdkVGgAlxLgWwSTphpO3hGylfWgsrjuO81O+J8CACentpXVSvTXT8752b42e1vb2ee7RWLK9v31Sn3tIN0vaX6dGfiHL1lcLgtp31anqc99JuWte6QBy+8r2zzTFJ/egd3pOrUJEc5XnuH09L5DQyQBDRgeQWnL28LxI6/Ps9lwi1oNpgim0EiDhdVlja6S3uWAHcBu653DMUhiF1mnGFph137doYrng1ncS3uWwRBUDwW3taDXUC5r6UGmSZ0xBED2C6obDZWevUim75LLTRLk3VvUbRc6hWeKhJcAHHfy6ZVPDK95eUG3FzTdSL9xUgucMcoEZ+7zW6mJlx5BNbaxNu9nJk6cU6pGtjCaWya3uUJpJogTSTCAQhNAk0ICBoRyQED5qbVBTaUFrVaCqWlWtKC1qmFWCphBY1SCgFMIJKSgCpIJDdNRUgqGmkhBGUSoFyWpGSZdHOTGyw3XFqLKL+7qNbVc09z3oIa54E6Tzn/DvvhaagD2QY65EheW47wzvampxqOpgND2zqG50gmQTmSS7rgoyiNiy/aJw6ta1HXNJ9vXYwubTd4mvI2AcBifMBdy27QcOvH0BQrteK9N7wZA06YJB6GDPsvCVOzNN8tgNqM1OYA4/vW8sESP5Z68li4hwc2NWnVY0929zw1gPiwYiN5zHnB35zbLph9Yo3FOtSZVZ8NQamzzHVSLiDheW7NcYr8Ta41ml1QaWS1oa2m3frOox9F6Otc0aFN1So8NDSGn1Ow+qrHTROEliueL2Fm7RcXdKm+J0F3i+W60UK/fs1inUY07a26SfY5HuAiLWu0ulaJEYWZWUnfwn2RFspPY2rTdTeJa4QQmhB5itQfa3DqDj4mmWE8x/VTYQ5oI5D6f02+S63FrI3Fv3tMfvaeRG5HRcWm/Z/8AMec4d/UYUPC80m1WFjtiIVdlTdQaab2hp1Hnv5q4ECCJg7LNxE120RVtYNRuCDtHX23+aLKrit33h+zMdgf3n4D8f81zkNBaIkknJJ3J6pFGABypBwJUESguDlY1yzhymHINAcpyqA5TBwgva5XMcsrSrWlBpa5Wg4WZrlaHYQXAqQKqDkwUFgKcqEolBOUilKRKBlRJQSlMIoJUZko3QgSSZyEkAhCEUJqOU0Hg+19TXx1zf/Dptb+P4rigSup2p/8A3juv+D/sauY0c1y28y/SvT664uOPuj9F1NkqZpBSpjAVgIK1TLt2qYzSVoYIE81DG+ybXz8JEKT3RYXQJ3VcazJ29FLSTk7JF0N3UDcdLdh6yoAY3gnmU9JdklDiGg7z5BVUS6QfET6BQLuQ35QFEugzMTlSAkZkHeVkyMgREH1OycjOceu6UESZjrISg4dvO/NQNvhzEHoE8nYfON1EPxMklMnENz1wEQydzt6Kt51ZznAUiXRgETP1SiTn6eSsLBeUGUR5H2KMAjG3kpA6hOBKKZOSdxk+ai4gA6Qfc9EzGrIAjqoEwZaUQiYPhJIGyARGTnlhBaQZOEZAiBB6hVRqEkDb+im0TOMcsKEETtPqrRAb4sdcIhdfn0KZJmBgDzlIkRzzySmZMnKgB1MAYQ0jPhwY29U2tLjnYck3NDSQNh+SBDOeRA5qY8Q8MiVBpERlWN0tGcR5IkmdtRkYUY3MdRM+yRI1aeWNkQBnUAOigsLjPIYKTZyd4zgpNaCCASY81IDO/wCiURImME+0KJkQQD+SIY/OTugiM4G+ZRCmQOp8/dQMDJ2iYKkRkgfrklpBLhE+3sqsIgGN/qpEYw76+akQOXsq3EiCP1ui72MmCB5woOgDbA8lZBAMAR6/roq3u1AwVYZQzv2Waq5zNL2mHNcCDE5Wp+yyXHwFWXPyPll3OCdreMP41TFerQuDVMOc+g0OEAxloH6K9Dc3D7u4fXqABz4nTtgR+C8LwHPHLf8A4v8AtK9de3Tbajv+8dIb+a3Y7T07l8H6jhrGeKY41uGfiN54/sdLLiJqGdh09T9ydnbAaXdfJc23pF1Wclz3bndemoUhTDRGy0WtNp2348cYq9MOnYt0sEBdSl8EFc+15QIXRppDXdKoYp/0WCvIpgci5b35Cx3QgMWTTKgNDGaQZEpBAYQ0uPXZAXRj8OHP85oQiVm0GhCEDQhHNAITQgE0I5oBCIQgYUgoqQQWNVrSqmqxqC0FTCraphBYFIKAUgUEwpBRCYQTCaiE1RNCQTQYi9Rc/Q0ugmOQBKn3ZlLTByjNyrnjdWiQKfDb6ocyG0CRtjPL5FUUe09B4fTuaNWmWjxgsOBmZHyE8ydgMrvNCKlFlVhZUY17TycJCK4zDZVHg2VYUnMfoNMmWuJOAQdp5EefouPxh/2Mk1g+i2oRFSTMjYzzI5jp6QurxXhOmk+oyj3rNLgWgmc5+4QDk5HReRvOLcQtzWpUwbmiahbUp12kzqHwuEzggkEEZJ2MhRlDZ2d4rRo1bvujTp13BoFbQdDQJlxjZp8IPTc9Vj4vxy9u72rWoPNJjaoeGAgw/QGkg7GIkEeuJC43DuK1+G16jdL20qw01mscQSPumCdwRnrBHTdxawrcAuLZrNNw64aaTXNBOiBmfY481Fe87P8AZy14VSbcPArXrxqfWfkgncD5nPP6LuLj9n+Ji+saILw4MpU6ZcTl1XTLhM5xB+a7MLJrlWS4OTDog7FSiU0FrHahKmCqGO0u8jurkRJed4raiyutYbFCuYxyPT8V6EHqqL61p3tq+hU2cMHm08ig4VNznAg5dOT5/wBU9XmstLvKVR9Gu0tqUTpdGZHUffyWl382M7xH6hQj6OZd0e6qYw12R5eSzldas1ta3NMiXAy09CuU4EEgiCESYQKEilKIlKkCq5TBQXNdhWNKzgqxrkGhpVjSs7XK1pQaGuVrXLK0q1rkGgOUg5UhykCguBTBVYcpAoJyiVGUSgcpIQgSEFCKSRTSJQJHNCSBhNRCaK8H2hAfxu7x4g5ok/7oXJaJcB5ro8fdPH7uf5h9wWGlHe7xAXJbzL9O4nbjY/8A6x+i8YQHc0yqnvjwtOeYWvy6PKUl+ARHlurWDTEmSeqKbQB5qRA3nbyUlQ9zQ3LjCrDTWIMYHVR8VV8AkDyVj3aMDBTWl8JPeGCIhU6i6ScSkAakkieSZAacRjlurrSxGg1sSTv/AAjZOfFgwm3Lv19yiR44gesIJSDsfRBiIBlAJjkB8kiTqAAA9ZRDAAcPwQ4mfi+iBqOcb8kRMkndBAbzJGw6IGR4iTjaNk8TGSSU+XiyPMKqiIJxn+qkRgBs4mVKABv7Sq3E5gfF1QPVAjp7KvIzgnn96cDzz5pGfT0CsKOYBPrPzTkCJPr96iMEtOMqUdMR7oG1wO4zjdSkEDklGkSB5/ggHTuDA2H0UQOyNjnqPNSEdfqogxEHE+ikwkgAmRjcIJBw98iVW8jVEfMKVQwOQBCgTJ9+SQQmC1sAqQIbsDA5BQaJd/XqrA0Ee33oklOluxn0RI25+qB8UdZ5oJOSPP7lBMfCHEYQ1wmAlJJ3CYzuJGyMTEh0eSDO0H5IZIiJnopAS+TPoiKySTAAx+aTRJEgj3UnGBJzsVW3URPyVZR4Nzv8I67+6WDIOeW/ohzSDtI5KUEj3/FFRcQByH+ar2bBEe2ysdBgjA/zVDvigKwyhXUwsd0YpOK11FivP7h3srLm5M6pK7s2DU43SI/hDj9CPxXUddG+r1q0/u9WilBxpHP3Mn5Lz/DLo29Stp+OrSNJnkSRn2ElegtaQNJjI0tAhN/Z0+SyV3mm8/TTXZABwecSYavQ03B5C87VeGupNbycF6W0p+BhEkETlY6ary6Vq3AwugzZZbdsALU3ZZQ5rSTjKy3JEtHkVpKy3B8TfRVhKuR3R6qCZI7uOpUea6Mfhw5/nNNJNZtATSR6IGhGyEAmkmgY2QEgmgYQkE0AmEk0FjVY1VNVjSgtBUwqhsrGoLApBQCmEEwpBQCkEEwmogphUSCYUQnKB1KWk7YUSwdFsc3VhUFsGEZKO76YRABic9FdCz3HDrO6dquLSjVdEansBI90VU66oNIDqjQ15hrifC44ETtMmI3WC74Ja3bnVqcMc6A6Njp29CPwgqdTszZBum2dXtvCWkU6pIcDyIM48lnZZcQ4W9jm1jWph3ihuNP+7yAxEbRjcgxYcS94BT79t0y2AqUyA9n884I3EdRPl7+fvuAuoVTSo6AHNBpuE/veZAB2IgjP0nHt61R/7+jcUy2n4TSexurwndrhsQMxHIZjn53tS264eIaRcW9f94yo1xGg9eZHPnkbc5Mol0+xFB8OqOc4Np0wRT2+IkTG2zdx7859PV4lbUXta6qyDT70v1eEMkAGfMkfXovH8Aq1OFcGF/SqG6r3Rk0WcoJGgg5iSfFyMb7HzvFad7duN1W7ynTq1HMZRe4juw2SA2YkDxAH7kTW5fRn9qeEMr9ybtpeSAGsa57ifRoJHoc/Sehb3VK6BNNtVsf+JRez/uAWfgvB7LhFhTpWlNhJYNdYNzUPUn9QuhCrGdIkKdN0jSeWyRCWxlEXgIhDXamyEGZRXK43ZF9MXdIfvKQ8WN2/0XOo1G1KekmGnbP62PvBXpyJGV5q/tjw69BaQ2jVMsJIhp6Hy5eh8lEUlpa4jmCs19QwKzRvh35rouDarQ8ZIHXMf02+SqfpcwscJa7CMvMOIVElW1qRpVCw8tj1VJOEayJRMJEpSgsBU2uVAMKbXINLXK0OWdszlWB0c0GgOU2uVDXKYcg0BysDlmD1Y16DQCpBypDlMFBaCmqwVKUEpTlRlEoGkiUIEUkylKKDsknukUAgJKSD5/x17Xcbu+R1x8sLE0Q7V16LR2i8PH7uP5x9wWRjpAE5K47P07iTvj0/CP0XPqFjRzKrosLiXEYHkgxUqET4Qr2thuyx8Orwm0QBvlRqS6WD3hP4W+EbpEuAkgeaxCGlmBv0UXS7GB5+SmADufkUxgZx6qqABo0yceyjzJjmp4LsH5BRJ0Df1woQRHWPXdJrYBj6clJsHlj0QQIiMc1REjkBujUDuIM8gmOo2+aU6SPhHWEEtm748woCZwT6SnJcCSB02Sbq5z6dEISAOqSMowdzE/VOSBuAokzzM9QgTo2iSZSAnkZ3UicRKhLojUeiqmJjbZKBzIHWfmouwJzBUTtBlVVgzAgH1SALjAgKIM+GDnA+SngkQSBOyCURAg79UO3OIBRLnAgemVEbgDAP+aiJNaDOJjlCYADiZidlFur/AD6qcTJnzQDjJB0nzI5KLBMCYx+Ck6JOPdEZzHqgkBAGMA/gmHHAI8vok6DBB+SJxM5CjEgdTQI/HmpacZ65j1UQJHpsnk4H0KABk5P1lSmJAjn9EpAxO8I0SJz/AJlBMQmSWtOd/ootJgYKGy7zRjpCqd8nA/D/ACUWmT7/AIqbxBmOXPzVM5naZ/FWGceFjj0JkqEjBCbmxJgwl4hg8wqsJOhuQfkqpl5I+5Tc79SoxDZKQsKKpyPQLn3xi3PqFtfl2eSxX41UQ3aXAKy4+XP+nb8EeDWjqtbvyPA048yvSMhlBzz/AAqrhts2lbtEaYAACOLPNvZmDlxGFi+UtO5ToA1gzeXuhezsWgUw3m0LyHBSK1ei2cNzleupVNFfJwcKw0ZJ9nUpCArpgFU09h0U3nwrJoMGQSstcHU30WprT3Z6rHWfD2gnZqMVb8GOiSTzJ35lC6KfK4M3zylKPdJNZtJoSTCBoQhAJpJoBP3SQQgaaSfJASmkhBMFWNKqBVjSgtCm0qsFTBygtCkFWFMIJgqQUApAoJhSCgFIFUSQkE0G4TEFV1GYnorohRdsjJnCCE3NgpIFCiWg7iVMpIOVfsdatdWaGupgFxa4wMZ35HfJxznELxXaXitH7Nd2zqB7xzoY0iNI1SH42OOeYd0kn6O9pIxB6giQRzXlOKcDt6lfRTZ3LKjIfTLA5o3gtHQGTyOOhhRlDwXCePVeGVAH0xVomoHuaeo8/wBYkYlde+46zjNt/ZtnSJq1L7VQBaGyx0iPWXLoXnZW3J+20qVNpZ8VBo1NdmcHmfixHKPNeZuuGv4XeNfbVhUgNfTqUnAlpkwQQcEQDHp5IyfYeH020rGjQa7V3LRSJiJLcH7lpIXi+yfGalDh1vYVJq161RzxWc6WhpySeZOTyjfOCvaNOpoMESOcKsJKEQpJIhsdpPkVcs5VtN8jSd0EyFnvbKnfWj6D8ahgx8J5FaJQg8pa1H0qr7WuD31M6XBxOTyPvsp1GaXYyDkFbO0Vg4sHEbds1KI/etH8dPn7jf8AyWSk8XFAOb4iQCDBySMb9QosdmO9tu8p960+Jg26hclxXfBn1XIvqHc1vD8Dsj8QiWhlKjKZKgUYnJUgVXKYcg0CoSAJU2uyswcrGuQamuVgcs7XYU2uQXhymHZVAKmCg0tcrGuWZrla1yC8FTGVS0qepBYChRBRKCcoUJTQNI7olCKEk0kAmhCD532iaf8ASC6H+KfoFiYdMkRgLpdpoHaG56eH/sC5w2AAnqVyW8v07hd+Pjn7o/RbSaA0Dmd1c0x6KDBgZhSPhaZla5dXukXS7CUYBKiDHsFKZgbYUUwCCTiVIbbFRBBEefJMHy9EQExtlIOkkCfuQYzgpnYRMfegNmk7KstAAmIVkzgR0VbiXO0iQOasLA2AGJ6+6ZHhMmT80i0DbdBJ26c1VBbIBgjBxKJIdE8+iG88SEAYhoMjyhAOcAMAR69ERgH6zKiYyJPolIAnBHKcIJEtiJ+qrLvxypHJ6iZiUmgDBPlCqlMg6sj16IDTqz8ipBmo4OOed03NLRs3Y8k2iGkhoxB5BERtnylBdBGJhTAEbbZ2RSGIEEJmYmRHJTBIEBkY3SbBnofbmog0jDgPSPRMCDEHGFEuLYEk8k2tH8RHTaEDcdRiBsMhA2JzB6pZ1Eg85wE9hB5QNkRIATgkfJEwTjeVFsEzjIGQgyOvI79ShowA0RkblGuPry6JEknp/UqOQ4+p+9DSbZOZPzUxAEFRDhplxPyhI/4Y6omtpASJbOegVrAANiqqcB4HRXGfTKksbfRW92YmcgKh24z0Vzmzkxz3VRy4nGD1VhlVLb0/qogAbASNvl/VPOBjp96AQcn7/RFGhs8hH1Vdd2kaRCtLiD6+SprkEqwsMzt1jvXFtMPH8LgfqtjlS+ia7hTAmTKri5f8K34O1aPaKbCdmNA9TzXP4/Xa6iAN5C2VaeljdO0ZXF4o1znljQ54YCSGidhJ+iPkJtru6XArxprU3EmBgr3FB3eaXYIK+ddl62q4frYQNUgHovoFgZaHKe6zG427dsCGwZjkSrHuHPYKukfBnaEq+dAPXKyc9o7rw9zqZLRA5LnuGotJzJldF4i3LRiW5XOLoqQTsjCII7nrKEiZJHmhdNPlefm+eUkDzRKAVk1GmkE0AmkmgEIT9EAhCEDRySTCBoSwmgYU2qCkCgtaVY0qppVjUFrVIKsFSBQWBSCgCpBBMFSBUQmEEgmkE1R0iEiE2PbVptqMMtcJBQiqywEQqSIMLSqqrP4h7oqpUVr21t3tZWuKVJ7vha94aT7FaCoua17S1wDgdwRugyVuJW1B+l9QGGGodJkhvWN8nAiUjc2N851uXsqO5AO+IjfSeoIzzEZjCzXXZbgt5Gvh9JhEwaQ7s5/3Yn3XLq9j3Wo1WNy6oGwWtq/ECMyHCMzz3EnKL2bn8Oq0qJNm/vreD+6f8TSD9YyIPvmZ8Rx29bQfWt7qjVo1IBbLQdLt4nmJk74PUEgeppf2lqqN1uH2i3c2ox5hwd8IdIG4PPmIkAgTVxzuuO8OoNdQDL11IvYHGGky1ppyf4iTjmCOWUZRLN2Ib9qtKH7h/wBmt2OIrPENc4uJ0tkZA5nqI6Feq4hfiytbl4gvpUH1mNP8QaM/KR8wvAdje0TOHcSdw2sSKNy4D4SdNXaYn+IYPmByXV4vaXHFiLahVFLRVNNukPJpSJLZIGPCRpIxJ2GESY7tl5+0DhVvc1mNqGrToNEd2CTXceTTsAOZnPKeerh3a6lxI93Z2F5eO51KNKKQO8ankfMgT0EwvG8K7M2o7X0eH3g10g937vV8QDNQ25FfU6VKnRpNpUmNp02CGtaIAHQBCdK7d1d9Obiiyk4nDWP1Y8zAyrRgyNwmhGK0HUJRlVsdpPkrt0CAXlLyz/se/IaD9krkmnDf7s7uZ/5h/wAXResVF7Z0r62fb1gdDoMiJaRkETzByg89UBJ1iIO8Rv8Aks1eg24olhidwehV1IVLas6xupD2jBgQ5vUdfviRhN4gEHljGVGUPNvBa4tcIIMEHkqyunxO32uGjycPxXMKMJjRFKUJIiYKm1ypmFIFBoDlYHLO1ysDoKDQ0qwOWdrlY1xQXgqxpWcFWNKDS1ymHLOHKxpQXh2E5VQcpAoLJTCgN1JBJCUolA0kShFNCSEHgu0w/wD1huidvB/2Bc+k4CcZW3j1b7Rxy5dya7R8sfgsTBD8Dl9VyWfp3Cia8bHE/SP0aIieigXFzojCkDzCXXcELXDqgwZa4znoEx5yI3lRJEaREpyQcAwPZFTgDZBJgAYKUmJG0KRnYY9lBA6yQRt0KcZMoPISc+STWmTBO+yobhLQB9UpzjE9VJwIIBEqMS6YMcygMiOc/RRcZMHr6KZGDieSqcwkgRHLJRUxEbb+6RcA4yfMpADbcdShrSTtPOVQyM5Hnt0SLpmDHmPmjVp8JHJRc50k9E0pOMnc+6UnaTzxukPizjbbyTMkQJyPVZCQMeHkYCRfBAad87oDKnI/VGh0+igNWp0kYG6mBOwjzQKJ88GFIA4wTtgFREgY5nfcqAdtgTgIc0FowAOSjMCZyNsoJGMiQPZNo1A7Scwq9Xinz6KTYJDdthsirgBnYlIjJx1KBggTMJwDJO3yUYEYnJiD+Cg0mZkAQFMiSRB/QTjYbZ/BU2rAOoZ6DCZJgHlifvUh8cHI6+yg9wgADJhFAAOD8koJIyY9E2zpBg7qym3UZIE+kKrM6TADWw1MieYnkhmTKTiDh3WIKxayEQfwUCyef6lWEDSOpUHbxJGxGNkhYIfEP11SIGjc7fgk6rB3OOqW7cT+gqyFR38I6/iqH7YVlVwHhVLjgBZM48Knq2wj7SSdg0qqptKssT/rBExLSkvO5v8ABt+DqVS2nTJ3lT4TaMo0n3lXD6gJl2zW/wBd/kqTpualKi1wLHfE4dButV7XGunbNmA4F+nYDkPuWyv2Y6pfD5Z+JaMdWexo0qgLqNLu2vcQ1uDA5enovR8O8LfENnRsubQbBNQNAgYC6Vqe7bnrJWp2bd0kMp+mSqnuD6jWExqMrGbsaJqGGjMLPTvtd2x0YBgDyVarPQV5Fv5nC5Nw9tJ1QvIxnfyVt5xJga2mCC+ZgLnHVc1oqE5MkBXywntHdqty51Jr3c1aEh6JrqiNRp5N7dVpk01FOVWJgqSiCmgaEIQNAKSEDTSCEDQlKcoCUwlKaBhSCiDKbUFoVjVUFYEFgUwoBSCCYUwqwphBMKSgFKUEgmoqQVFPA7ruaz+HVXGPiok8xzH6812jgryt0x4Da9IxUpHUCF6Oxu2cQsmXDYBOHgcnc0VclCklCKzvbpdHJRV726h5qmEBCSaSDNdWbbhpLTpfIMgkTHWPvXn+LW7qTP8AWqLnGYFZsg56x6CC2DtiBn1KEV8M4pTZS4nWpU6cNJMA/wBcjEY69Nl6LgHaurTtKXD6trUr1++pNYWgEubqEbnfcdNl77jfALbjVg6i+k0VWyaVSMtPr0PNfOafY7tELrXaWNVtSi/wvJDIIMy0kjmJCjLtL1fCeD8Uu+0LeL39uLVus1NOoFxlukNx0AE7TJ649gqOHm8q2FF97bihclg72mCCA7nEE45jK0927qFWMoIVndeaO6HMoiqFZTdHhPspCm0dU+7b0QCE0IOdxjhrr63FSgQy6o+Kk7r/AIT5FcSlWbc0NUFr24cxxOphGC043Bx8sL1kLhcasXUKjuI28wR+/ZmDiNWPLB8oyIzJWHPqUmuYWuEtcIIXnrmg63rupuG2x6jqvSh7Xta5uWuEg/r5LDxS276hraPGzI8xzCLMbhwThRlSKgTlGoSpBQzKYRVrXKYOFUpAoLmuhWtcs4dCsa5BoaVYCs7XKxplBe0lWA5VDSrAUF4cpNKqBVgO2EFoUgVWCphBJNKUckDQUIKKFVc1hb2lauRIpML49BKtWDjjnN4Jdlu/dkKT2htwUi+WtZ95h8+dUc+o6o4y5xJJ6kqxgmJ5qoKbDpI2MLkl+pxGoXh2meeJhR1EiMCdwQguLiWnHVPOY2CxWA0SZOM7hWNnofdVMBkQYE8lcIBwVJWTAj+iZzISBA2RyM/5qMUdAAAiYPJB8MxufOEZJMnEJ6CczhFGwM7+qbTAAJk+iNJnZBGnphBF5k6T9yQaNyT6JudE7D0MKJeAIjHoqEYDpkBJx5gDzlR1TvMBKQBvyCumWk4J5HpjyQKcwcHEmUNc0A49ymXHVsSEQ2scQBH0UiwtJgA45D5IlwbOnOOUJGqwZcTtsondIAA6T7KTWtjYZhZ3XAdOlpG4wmXueNU5xsmk1Kx7gyTImDhQNQF0ACJ/BIU3PlxJ+SlBYPmMn9dFV7Iuc6IJERsoGM8hv+Cekl4OoDogUwHAAkqsgIkCCcwpMd4gAInyVrabYgCChuiXHSSDn2U2x2kwRkGZHNTLeYlQcXTIHy/Xqh3eBsOOegUYFJOSw52KR1RjIgH5KQB0gAxsU2t07x+o/qi7UPJbUa1rgMxO/wCt1NlEAatUjmouYDV1Enb6q2dI6gnyVWfuVEAPDCRnyVjQwtGXHKQYHmXZP6/JDIY0gA+WUJXMY1uGg/NJ7GAwfaSfJTBnMKJMx1KjX7kwtIBLIP8AkPxCUjTgaSYAUpxGOag6Y3jIyiwpa9xcSdtwFa0kSCNtvZRjA8v8lEvyBMnCvls1tTVqF1XG3qk5xNQcgEyBGTmJVbjkrJnpCq7BxusV65wtKkGDG5Wt6yXjdds8SBiVY8w87nzPwMn4T+gsaVW4dbPpVXNNOQ4jEbER8yvV2lr4C47mSSeZK4HZYNeXsqPDnDMb/rf6L1jGiMRAWWTe3xPHmsU3Hlbb026ZOYCVe6bbtgyXH4WjcrLXuzR8FGBU5zs0LDUu20SX1C59R2ZOXO/osNM5s3aK1T97VdA309FEV6r3BtuBJPxn8FmtjcXzwaziGb6Ace/VdRjW0WySBAwSqRHuspUhRpgyX1SMuP3rXatjltzWSi8vkk77ei6FNuhsQtmONy5+Rbppr6rRkpqIUpW95xzCJSElNA0wlzTBQOUJIQNMJIQNNRT2RDRKSfJFOUckk0QwpNKgpBFWhTCrarAgsCkFAKYQSCmFAKYQSlSCiFIbIJBMKKkFRkAnCp4dc/2VxI034t62D5dD7K8tIdsQeaqvKHf28j42ZH5Jtk9K5sFRXM7P8Q+02/2SoZqUh4T1b/RdUoQjGVE02kyQipUbTwWvJInwU3O+4eaqF04u0ttqxzEwAI65P9UFndt6J6G9B8lmpcQovrPpPik6m3U4OqMJHXAJOBCmb2hqhpe+BOqnSc8dNwCOWyC7SBsE1VVrPpBpFvVqAgk6Ix6yRv8A5wrRkAwRPVAJoSc9rBqe4NHUmAgaFUbu2DdXf048nArI7j3CxM3tORylBvQuM7tZwpri01KhI6MkLK/tnateQ22qOHJwIQejCa8jU7aVQ/8Ad2jC3/E4g/RZqva/iL3zSbTpjpEoPavLgxxYA50YBMAn1Wb/AO8HPIm2ps5GHPPyx+vkvFV+0nFa5B+091/8sQstfid/cgCrdVXR/ihB9BaX0Jdc3NOCMS0NA9MqNW/sqbC59zS0+Tp+5fOHVa7xD6r3DnLiVVphRXoq9eyoXlQWt1TfbPGsZyx3Mb7R5dFUeJ2oOaxMdGlcLT5paeslDbRXNpUrOfTdUa0mdOgQPqFQ8UiR3Ti4c5G31S0tGYUoxsEYygd880KRaiEQBPZKE0DBUw5VqQOdpQXNOFa0rO0q1pQaAVYCqGuVgKC5pVjSqWlWAoLmlWSqWlWAoJgqSgpSgE0k0Aud2gqd3wO5PVun5mF0Vw+11QN4QKc5qVAB96xv8su3gU6+Vjr98PGHBnqgST1kpRmCr6bc4hcsv0xKYZJRTG457qwNbzMeybdIdg52WGzZ6RmAlHLCbiYGkavdAD9y2G+ZUDDYbuZHNDvCNUJj4o8PoCh8zzKiICXGYcPVTBMcvdQa5rROokncJzpAbBM/VVUiYGQoucJ0mfkgO8RhsH09f6qRBacYwiKyARkHHkoMaXHM+wV+p5ME7bkFRaXNeZIjCbXaD2EnBGY5KHck7keQlXGT/Fy2hJlIyNRJ+iuzaLqWnGsA7YwpCm2fjPVJzWveXFTcxs5nP9fzRO51AxgGogSCs7yzWP3c+idWoZAAgDz3yq9buQ8hGFYhlELqfjaQKYjly6f0Uy55hrAWCMSP11SDoZmJA+Sr1jMnMqJrazxRB3IwMKsN1kw4SY2Ue+AOc7c0vtNNm0ABVfCxzZeJMtH3KUMmYBInCzO4lbsHje1u4+KFS7jVm06jWZjODJV1LVbNjr81oj84dJhAw2ACRv7fkmBAJjMQuM/tHZtEtLnRtDeiz1e1LR/d0X+mArFLT7OO/qPDp5yR+v6PRSScxvAJUfC6D1AO68q7tNcv+GgAPNyG8e4hUxAHkAcLKMNnJb1zhV8WmfwiXqXaWEkqJqDGkgD1Xl6lxxCuJ754nJ67LJ3d1UdmrUI83H3WcYLOW/7R4I+Wkz/SP93rnVWsO7QB0PuqXcStaZh1ZjT5uC8821aWnvDJ5EmZK2UuGWr40jJiWyJkrL4H3ue/7Sz/AC4/7/8ADoVOO2LBBuAfQyfJUf6SWLXfGT5hpWd3Z8ENdSDcbhx/Xkq6fBRUloA7xuzTz+Sy+BDmt+0XInxWI/r/ALuj/pPw9jCQXOdGPCVlq9rWGRSoOPrAWT+ymkkinpjccws1Th/c1NL4AkZI/XJPgVhqv69y7eNR+X++209qaxaWttwCerlS/tNenOmmfY/msbrQgkRtghQdaEDHNX4VY9nNb1jm2/n/AE/2X1O0F9UdqBa2eQCg7tBfARqZPXSswoEAzEqt1u8uV6K/Rr/8T5f/ALk/1af7bv3Ce9GP8KX9uX04qD/lVdK2J5eyyPY6m8sduCnRX6Nc8/lf+5P9Zdj+1bvSC5wj0Wq3vK9QtOkVCHA6YmY/QWKw7uqBSrHB59FudYut3gB/hOQeoj+ivRX6Jbncm0ateZj8XV4G6vQv30XUGgNcWOc0DzG/rHzXauOLW9q/7K2oO9IlxJ+GfxXn7Kmynete24qOqQHGWgjAD/vC9RW4XZVqjnPoN1E/E3E+eFrtXqYUy9Eac195rAFuJz8RGP6ot7UPqmqXaqjoBcV0RwehENfUHuFJvBdMd3cuafNsrCcct9eRT3aaFLumyM4yrH2lW5I8QZT3J5n26KylbFunW+QOQEStQwrXH9WGXkb7VVWtmyg7UHucfOFtB6qsKYW2IiPDktabd5SlMKITVYpSmCop+6CSYUZTCByhCEDTSQEQ5QgIQNOfNRTQOUylyQEU0wkEwiLGnCsaqgVYEVYFMKAUggsCkFAKQQTCkohSQSTCiFIKjncOu2Xtk2qwyG+EmCJgkdOoI9QVqAheesa9LhXeVKpDKLS41ABAY3cwPacLRYdprHidxUoUCWVKbtJZVc1pcYnABJwOoHPoUZRLRVFTh9+yvQwJ1N/EL1VK7o3Fq25a4BjhJk7HmF4++unNoh1dwc1rpa2m3TPkSZ+a41e7rXMB5hg+FjcNb+uu6JPaXvbji3CoNG5uaQDhlrxv7FYK3Gez9OpLqdOodWrU2kHZ2leLj0T5Js29e/tZw62aGWtuXMGzWDT9FnrdtQBNvaGejz+S8uQgNgobd6t2wvXs/dUWUj13War2n4pWbBqtYerGx+K5ek9Ewxx5KDTU4xxKszTUvKjh5wqPtNxEGvVIPV5QKTo2Uu4cUFEZ2z1Sgc1p+zkqQtkGWAkG5WwWvkpNtx0Q0x6fJGgxgLd3A6Jih5IrBodGyfduXQ+zmdkfZyUNOf3ZjIR3J3K6P2cBH2ceaLpzjRMp92BhdHuG9Eu5HIIunOc0NUFrvGadGI3WWMIwt5KEoUkIiBCIUvNIhBEphEJmEEgeqsaVUFNpQXtKsaVQ0qxpwgvBVjSqWlTaUGhpVgKztKtaUFqkFAFSBQTEpqMphA153thTe61tqgMMa8gwOZ2+4r0Urn8dtDecHr02/G1utvqMwsbxuru9Pyxh5VLz43+vZ4JzGgTJVrW6QYnYYCrEVGHPoE6T4dpIXJL9LXtc0iCCTtunqaHSBIHMBIQHT15Qh7y4RGxWInknbHmm5p0mMemVXTMDOB5o71okOIgbKaNJlpjf5YUGnxZDvnhRa9zgRSY9wHQSr6NvdXD2spWtRznGACIn5rLplhbJjp81oj8xDQ2dI90pE4hdVnZHtHVplzOGOABgzUZIPpMrZZ9guNVwXXFSja02k6i8OLp6BsZnlH34VjHafZx39R4dO85I/rv9HnNRAy6PVAcJkuH5r3Vt+ywljftfFiDA1NpUsAxmCT+C2D9mXBqDC+4vLx4H+Jo8ogN3WcYbOS3rnCr4tM/l/u+cOrtBgjoo9+xpJmQvpLf2d8FDw19G4b3g1iaslgEYPKTOdxiB1VPFey/C7S1qClYsBgAFtLXpgz0Jkg/RX4Mue37Q8aPlrM/0h88N1SaMuj05oFyw+IAuEzgL2fCuztV1UmrSZRpObLmCpqId02gecH+vTZ2ZoV7kNqUqj2MaHtpCAN8EzzwYHKJOYi/Bc9v2ij2x/wB/+Hztz6kENoVJaJI0HAVrLHiF0Wto2jy5w1DIEgb7nzC+o0uy9hVf3mjxaWlpIILd85+7yytlnwa2t30qtGmab+6gUMFtOYJMb8oiYxhZRhhov+0WX+WkR/V8uo9j+O3dRtNls0OOSHPy0HmfLB+S6lP9m3FzJq3FBh8gXfkvqdCgygzS2TzLjuT1Km4LP4VXHb17m28TEfk+WD9nd3TH7y7J/wBwR+a8N25s7/s1dUGU3zRrtMOdBOoHP0I+q/QlRu+F4X9pvAm8V7L3Ba2atuO/Znm3f6T81Yx1c1/VeZfzkn9Hw3+0LytBfcPAP8piPkm4VKlF2qo9z2nMuJUKds6pTY2m3xmZk/rottKhXLNTxAaIMn8PdZRWHFfPlv8ANaZ/NzHU3B2AVa2iWhs5DleaUmC0mPJaqNvrYWPjAwDuVnpo2yG1iZ+ivp0GOBgDERg4XQpU+8t3tBLnsBJ8x1Wu1sW3FMOBlw20g+Eq6TbnUbWmSPDpE56nyW5lhTaRhnxeKRBWh3Cy2mQPEWu3Gzh5f5c1T3de2qg1QZaJgkicx+vZXRtf9kpsjS0hjtQk5yqKtkWS6nT1AkGZ6eXRT76pVLe8JBdBDpn55V1Oqw7tAJ3LeQMfqMqoxNotfSJaJdAOAmy0/d/u3QeQdvjdTqhrQAwEzg4jOM+e6upuc2r45IcMxvnqqJW14WNc1xIaYIEwDnfb2laLkU3xWtoa9gmWmOf65LNVtwGOYGaBvGxnf5fnKha3XcVwKkaSQM4xhDbWypRuGFjmabhhIBOxE5H4rLcWzapcRmMeIc43P6/pvqsbWoufQY1zseMO06HHlH9OiqqOc2p3dVwa/k90w8eZHT9dFF25rrEuJlskZMb7f0VDrEBonVnDjGMLqlzQx2owQcBxx5+3mm3SXAmBB8JbAkZ/XuppduG+xIw2SYmIEqH2UhonfmOgXadTAhswCckHl0PP/JZ7imGtZAGNuc/LCaNuXUa2jTkxI5LlXx1OY+IOR8l0rp/7wbwdwuXeE62tiANlJHU4damowOaYkYXoragx1Luqp1MAxG4Kx8MtDR4e3WBqDYLTuD5/r710qJcxx8Li/Bb5HnJ5f5q6Nq22Zt61PQ0BhgGoJJAmSfXkvSUm6aTBMw0Z9lzXU3Op6riWNPx+KYgT98LpUC11Fj2EkOEguEGJWuY1LPzC5oVzVW0KxqiLAphQaphETapqAU0DlSUQmgaYUfJMYQSCYURsnKCUoBSlEoiSEkwUDlMdUpQgcoQiUD9k+SiE5QNMbpJoJt3VjZVQVjSirQVMFVgqYQTCmFWFMFBYEwoypAoJhMKIKYQeT4pa3txRiwq06VRxAc587eQgydt1zhwdvCrisLBodc3J1Oq6ss3lx6T5ecbL0IWO3qUhUqUTrdc1aziXGIa0NMRz6fM9VSGH7O8NDDUfVDf43Ey49fJMWx6LrC28kxa5RXJ+zGE/svlK6/2UeqYt29ENOW21HRWC2HRdIUAOSfciNkXTnC2xspNtszC6ApxyT0AKLphFt5BSFsth0Nbqc4NA3JMKo3do0avtFMjycChpULaExQA5KLuLWTWyHlx6Bp/FVHjdDT4KNQnoYCHZp7gdE+5HRYXcYrOwy0hx2JJP4KBvuIOGkMY0/wAwH9UNw6RpDoqnMOqFhc+/cINxA8sH7lW63rO+K5e4HcEk/ii9UOoQxjZe9oHUlUm5tQ0nv2H0MrALGnOS70lT+yURs36onUvPELUCQ4nyAKqdxWlHhpOPqVB7KVNpcWNEeS5d1cBgdVedhhDqlufxpusUwxjXu+FuqSfZQdxO4IwGj0C5ttQcxzq9UHvqm4P8Den5/wBFspUtZk/CPqidUrG1q1Zk1nTJwEvZTIUYRjM7CIlEYTRChKFJEIqBCUKZGdlGEAFIKMKQQTaVY0qobKYQXtOFYCqWlTaUFzSrQVQ0q1pQXAqQKqBVgKCwFS3VYKmCgkEES0g7FIFOQBJRYl81uqb+H1XtuKb6UEiXCAfRYzxWypnNVv3r1naau3iDTRpva1tMOBL8NO3P5LyBtPCDUtQWOECo0BwPnjKwjBE+76T/APo80RqKR/d6/h/Y/j3E7ejc0qFKlQrMa9j6lQZaRIMCTsu7afsyuqjZvuKMYP5KNOfqY+5e+tKDaFvTosEMptDQOgAhaCMKfCrDlyeu8y/iYj8I/wB9vEUv2acNaCH1q1aebnRHyhaqHYDhlFwOmSOcCfmvXBsBIZKz6Kx7ODJzuTk+e8z+biUeyvDaQ/uAfXKubwazt3MfSotaWmRA2XWIVLhKy05pvafMrG02kh8Q6IkGJ9U20mtcXZJJmSSY9OidP4UPqNpgTuTAA3JRgbiGtJM46LO0Mq1xUfOtk6WmYHmOpjny26zMF3eDWySBMg4Ez+vdVl8Ot6YYwODoI/lAacjy2+aBPpVIplzpONQGwd1Hlyj7ufK4hWcxgZUIeWAmo5jHETpmPI7mM4A6hdGvReaop0KjmBo6DTS9BzMHAMgbxsDk4pav/s91O2cGPa12hxkkOLXAGcmZIM+qLDm2BrMFa6raW6GFzKW4bA3J5n7vqu8xjmVy4taXFkEt/iA6dMk/PfC4PD6Ft37BRpU6bK2plUNGnUIO8c5H3rvuqVA9tNha6oW56AfzH6wOfzICbmh7WNNNlSoADL24b5/rdXMZobEknmTuUqdMU2kCSSZJO5KmEQ4ScnKXJBQ4ZWK/pa6Rwug4YKzVm6mkIPzp2g4S7s/x+5tO7AoCprpYPwnLcnpMeoKpsa1OpWIdjvGBsxMEeq9v+1zhZ1W1/RYXS11GoQJwPEPTZy+eW1xUNAhwBIMN6j9R+uVhZdN1m1zhiSSJPVXN4Z+7NRvzjZZLC80OIqNOkGcH7+i6dG8aKcEnJmZEx0x+srYwZ61uaYp12Agt3BEeSstbg0XBzCe7qGQRgg+alVrBlE0w4HS0iMxt+ErPRIa2o3ToFQASBgfqFYR0f7Sq0SMtc3IB55HvG30WxlzZ1qYc8a3RmcAGJnC5T6VSDRqkh9MBwLskhV0GmAGvdLRgSAQdkR2jYUatPWHaZy0EiCYkDzOD7krBV4c5lRzS2IgkCMRvgeXVQbcV7VzWucxwwCI3E85+X9Vvtb+nUgVfE57iHNO07DHL1290Vyq1jUaYHiDQC7S7b9ZCgA+mMS0jxZOD1wu68MuXNLA4vLsyBImYj5KutY03OI1aiQHZbgmP6/JEc2jXYaQL3BxM5iSMj2VZoFxc7umnSeQgey03HD9LhWp6iInAx8/f6JNo1MhsEO2mMBBnt7ira1A4mNxt6fTC3XEXVvrjVDSA/B059MlZq9q2o5zXglxkt8Mk9fJRtq3cv0P+GQTiT5bfr0QTtKL6hqUGnVVpDwkESRzE+6np10iWAAmXNB2JG7fuIU61m4N72g7UaYkaSMhZm12EllRri3UTVESWnkWoqYLGkR0LgGtMEffvj1WG5e548BlpjS7mf1lX3FQxJ3glxAgg7/r1WG8uYAIccGADuZ398qDnXLgxwfMGOfVW8PsBd3QfWjQ3xBpPPlKhUouA72sD3u7KJGSu5YM+x247zxVqnicXkAP5R06hNG3QawtoEaQ3SdJdGOvz9OijbtkQWgAug+Ijntk+SofW7+o7utY1uJyQQD7LZQewUiNQqN+It5sxGoHyxIRYdIWVDutbHhp0OEud0BP4fJabenot6beUGD1EmFzqZ00q1N4GpkFoLo1eIAmSNoJHv6Lr06IogMAa0EB0NAESJ9/Va7eWyPlSaFYFEBWBYsTGysCgB5qwDzQSCYSTQNSUQmgaYUYTCCSEkwgaYUUwgcphLbKERJCSfJABNJNAwn7pBOUDCkopoJBWNUAptRVgUgoN2UxCCQUwoKYQTCkFEJhBMJqIUgqOA+sKRHhDoIkTEjoudQIs+0rbN7IpV6Zq29UunWBgtzsRqaf+I9E6FwXXF3SuDqaQx1BzIOkwdWrAI/hjcefJUXF+5rTRpYiAXjB/qg9Ppa0anEADmVUbyyaDNzSx0eCvJMaajonfdbadowiC0/NF27R4vw8NJFYuI5Bhz9FQ7j1rpJFKqTyBAz9VlFvRAju2/JEACAIHRRdrTx2oW+CyPkdRI+5VHifEHNMUqYnaBkfVCaJuVZr8ScINw3PkPyUO7uXNIdd1CDuCSfxV+EIM32GmI8TvmFP7JRwdO3mVcB5p78kEBQp4/dtn0Cb2SFNCCjbllXtgiRzVTxBTpmDHVRVsIhCaIjCCQE1ivK4H7tp9Sgqu7gPOkfCNvNc9rTWqisXeFh8A6n+b8vwU3nvXmmDAA8R/D3VjWlxDWiTgAD6KolSpOrPDG46not5pBjQ1owFdb2wt6Wndx+IpvagxuCgVoe1VERyREIQmgopIhCaCJUVNKCgSYShMIGFIKPJSCCwFTaVUCpgoLgrGlUtKsBQXAqwFUtKmCguBU2qkFWAoJhZuJVnUbNxbALvDJOy0grBxs6bDvJjQ4OJ9EHkOJ3dMPfRrQW6NhyzHun2fsXXnaHhtnRcatM1mueHHS4s3cSJMeFpxJXP4jUdWuHuMw86oImMY+9d79mNma/bMVnSPs1s92/PDf/MfktvhjE7l9pYIaFKEhsk+q2k0F07xgEk+wWtkmk3mq3XFIA/vGztE5npHVSo1WVWy2R5OaWn5FBN2ypdvCuOypcQJJ5IG6q2kwEgkkw1o3cegUG0nurl7yWv0jIggDm0SPLJ5+wiqs5jqFapUGr925oZEwIyJ64z6eSvLWis1gxLSRnaCMemfogkwO7w1Du5oafYn81Fji9oazwsbuW/cPz/Qi1xfTlzgKTd3jGr0zt5/oxj7VpDqcU2PdBB6S326iOnJAn1tPhoskhx1BwLTA3IxnJHrO6yV+/qtqNrU2dzUYfCR8I5h2ckzyxvk4m+9uqXDrQ1qx1vDQ0Yg1Hch9/plcWwu+LcQdUqXVP7NbirLNQgvBADWDExOS7MzAwqKbdgdcUD3DRchznMc4HwMGprXO5k6ScHJJO2SPUUKYp0gASScucd3HqVw7ak2lUESS4y5x3cepXeZ8AUVNMJBCIkjkiUIIET6LPcDww3crSRJWa7rCk06YL+nRFfPP2rXVpbdnW2FVzHXN09vh3cxjcl8c84zG/kvi9Ivo1HNJdJJEA6YwRn5r03bc3p7a3jbm4Nd5cWtNTYUy3UAByAB+YXCa2rIexpgDU3SzDTvCqS3WdOmSRVMGOeYH6P0XRp8NNb94wHTEAgbHA9hlc9jYqBnwuLcgfzcxv6rp07ivRpwSB1IAHnzytkMJIcNrEMcwkkCfFuOXJRZZPaJFPUW4Idy9/19yf8AaOiu9zdfiO5MgA52/WyvZxFjnNksD4+IjJKqHVpVKVNjxAc3mQR/lOyqrObUayvRxqd4mtJMZwtbr+hXYGtpjVHiiIJ9OUb+6w2tQNeWGTSIGI2Pp8kGmgG1mDDXDMjVEc4/XVK44d3bRUovf5Tty9xuq6I+zVnNOqBkGMH+q3B9VjwWulroBiPPfA/UIOcyvVpvh7j4YnnscR6LZT4mWkGm0FroBJPzWilZC4z3LS4D+KMmPz+8rlV7WqxxLTOkZxp/RgH5IOoy6p1YY1zgQchw8JznHy/orKjaDKDG03NIGCxowPVcSm6oB4j4hktJUzXIPhaCDJnEGT54QdNjGO1DWWtAGkk8xjZZq9g5wGkEQJgwQ35KtlfTUaTga5I2/XNbGXDqdPSHhzXbB5kADmVUlgoV6tuWsqDwOiQWjb3WqpQLqTqzWaS1pDjJg7YPNK8ovqUmO0jvBl1Qn4t8jP3KuyrhjzTqFsHadgBy6RCDmcUqtBp6B4g2NI3wcBZ6gNg+kyr4rl4BJcDLQRiPz3K9EynZUePB1ai2v9qAIc0O00ZOnPINlw2zMZC4D2G74/TdDdLSWhziBEkwYONpPute+7Zrs6HArFr30q19OimdILSC5oJmYO++cbSvTU+AcPvaVd9pxLTWAmnTcIDXbgkk5G22xOdiFwq1jcijTq963IBZTMfTcCDyxB6LRb3AsLksoRSIpAMewgEGM/P8vfC9bW71nTOlq17WjaNfg9zY1GmtRa4PPge06mvHr0xtuo0rZ7ocyswPjDhs08x6Fdm149XoHu+I021KUd0XCA4tALcDZ0Gd+vy30rbg985talVo2ryCXhhLXMHTTJB8yCNvVYRktX54Zzjrb5Jeaax9S1Adc02Na5rGAmBDpJx5FoC71k5z7djn1GVCGtbLQQIDQOfosr22tvTbU0h7/E1oDSPhhwMciQXDl7Lda1KNRpbRMCS7T0BJhZz3nbCe0aXNAUwEBqmFGIAUggAKQCATRGE0AE0gE4QCYQgYQMJ7bJJoBEdUJoGEIQiBMJJoGhHshA+SaSYQMKUqIUggkFY1VhWBFTCkFEKYKCQUgohSCCYUgohMIJBSCiFIKjxN1W7psCQ52xBhYACTsh73VHlzjkrdw+3JIrOAj+H802RC22tO7aC74jv5LWGADeFI5Hoqy8nCih2Tj6pITQKEk0KBA4TCN0IGEJSminKSE0RF4lvoqszj2V+6pqDSfJFXNOoSmqaT8x1U6lRtNhceSEq7quKTIHxHZcmrUJcGtguccA/efJWXFfU4udPt9yqYxzSXPA1neMwOiqGxoaAJ9TzJ6ldXh9p3be+qDxOGB0Co4dZ98/vag8Ddgf4iuscoiBCi5sqyFEhBne1UOatjmqh7UGaISIVjmqEIIoQjzRBskmiEVFAwmjdAApjZJCCYKkHKuUwUFzSrWlUAqxpQXtKm0qlqmCgvBUwVS0qwFBaCqryj9otKlKMkYUgVMFB4Tj1iLW+hgDg1rWvIH8Qbn1Xpv2W0Wu4vd3DTIbbhs/7zgf8AylcriYqXlLua7KbX0y4nQyCTIyT1Jhej/ZjQNG44qCI/ugP+tZ130d/JbXX28PooUKsh1N0SA7Plgj8VMJkAggiQsRxWvrlzqV9eVqRpxrHgAqycFpA1R9cjMrfYd53NLvGOa4MOHO1Oa0nAJO5gZ9FN1IuJHevAmeUjyn9HzV9NjWNhohUN2yxV6kv0hodoc0kEwJJwNvf5dVfVqEuFOnEndx2H5ny/Rz90A4NbUlxMxMg6XD6oLG1HF1EDVBqOnHKDg9MoFFlYmQe55hxJ1+x2b9/puUhVrT3oa2mCcD+LOPbr1PlvIyQ1j60F8EtIHKJAPr+KCVUlz6YY1rjIcJnA2J+RVXErlvDuGVq7WfA2GNaOZMD6kK2lqNZ7i1oaPCIOT6/h/VUVKlvfVqbGVg421bU9gOZAIyPWD7KCh9L7U+hc3dtpfTbqZSJkMJiSTsSOXpPpE1Kdw2m4VC8Ye2o0QPFIbH3RPPKsu7q3pU6hfXFGpW8DHz4sYmDybJPQCSqnhrx+5qmr4KRb4m6XDUSCI69dtuiooZh7SOq69I+ALkUj4hldijliiphNKE9kQSpBRBEEnACpLjcS1pLaXM83f0QSdUL/AA0Tjm/8lQ+k0NOJJ3JWkANaABACreMbIr4v+1rh1SlxWyvabCRWYaPhGQ4Ex89X0XjKTdFenDgRUJLvEAY1EZ/Xn0X2L9pPDTxDspdupj97bDv2HppyT/yyvjNRhY6nVHjAa2COZgH8VYSWp7HUK1MAxDZAggCQD+K6NOqw04LWlxbDcmR8tliAfU7t9RhioJYHQTAMbexxj5LS+l4dXlqGDzWceGM+UatJpJ0mS0YA2iFGjT7whtMCTEwdx9yTKtVjgXNz/CPOOiKIPegtYJgTB8vosmKRoPEuaXPb/MRB/WPvUaWrXqLHEzOBAyuva06TmFobpDpDd8/T7k7uwY2ow0QC079d94/NBQBUuqYAgPpiWvaek7KVtUNRp1AtqAyBp2EdVop0H0Q8ggNAkCJIE7T0WO/NWlemtkYzyO+33oLhWr2be8dDhydEEHnla2PpVqQin4ocJaRI9hH9cyqGPbc0HObDzAlu+3mszrj7Pc6mOezTAM8/b9boI3tv3T9VENDThwBHl+P6O5yjXVhrsEk4OF2qV3RuqL2vaRUqCCSfKOQ8glW4fScxpY4ODWwQ7GcckHI0HvGhknSJkYV9Ou5h7sVDTpvOQTIJnf8AXmrKlq91OC/U5rgWkmIBG39fzVtPhtQ5IBYfLy2z/VUaLItuS7DxqAExMZ5/JQr8IcXl9F7HiBjVAyYg58kqXCqjml3e6WN2APi2MYPqrBwurUaP3+mmWkjVgfIIKX0uI2eurRbRZppENlgeJO4M9RI9Cq+F332x7qVTg90y5a4zXaJDXmPESSNoMbAepVla0vmMfTFTvKcQQB8JjmTtyCvpXNO54Xb27AGVaALKrGDBHWOZwJJ3hYTHuyifZZVZRvbxlelckOZNXuXE+IjfTjJOeiprOFOoXVbctpNrtaCD8OZORjnulfUbbiNgwFzS2mNVNzD8O8xzG30884n3l9YWraban2xzzoFKsASQS3OoGRMnny3Kk+WW+zbVtBTquyDUzIdMz0nE4kytbKDqQDgKZLB3r3tPI5GOo6H81y6faGi5jXXVjcUCXA940io3kOgiASMCI5E5HTt+McEq1SWXlJpL3Ois008EQAZETMZ/DKd07JsLHVWtbUY5jS0VadTBDTpzPmPulQr1zY3veM0+DSXgESQWiZ9/vXQZUo3Oos4hQrB4a0vY8GW5kxy/od1zbssq8RqsY8vpmGF2ZPhAJ+9SGU+HoKT2VabajCC1wkFWRlcHszduDaljXcTUpuOkHcdR+K9ABO6xmNIITG6ITUBHNMBJMIBS5JAJoEmAhMIBAlCaAQmhEGYQiE/RAoTG6E0AhNCACaEIGFJIKQQMKwKAUwiphSCiFIIJhSCgJUwgkFIKIUggkFIKAUwqPnttQNeoB/CNyuywgANAgARhZrekKNPTz3J6q4Hooq7ZRcOYTBJCEVBEoIgoUAiEckISXkmjCEQIQhFNCSaA3UajZbjJUxhIojIXaTKouLg1T5DYKV28B5a045rEZqEgjwjDsx7fmqsmBqIecgfDP3/ktFrbOuqoYJDRlx6BVsY6o8MYJccALv2ts22ohgyd3HqUYpsY2mwMYIaMAIIUikiI4SIUkiEFZCqe1XEKDggzOaqnBanNVLmoqhJScISRCSKaSKEJeqJRAnKSEU0wVGcphBMFWNPRVBTB80F7SpgqpqmCgtBVgKpBU2lBcCphUgqwHCDicYtHsuTWYAGOEkzGcbzjl5+y7P7PH6eI3TQXFtai14J/wnH0cPkVN9NlamadRoc124K09lrP7N2geW/3f2YtYNO3ibj+isTrss93uBskSgKLjlEEgeIkADclQLn1TpaCGEdYJ/L7/SFWSLim54eA1uWxmcYd+XzUh3jH7GoQIJwC4fmPYZ9lRI6C2C0MpNZLmkRB9RtEFZNDe+a41KgcKcVCTpa0uif+IwMA43xOdDjSNLI1NojNRw1EEbkdT+KfcAuDWvcxjSDAjxGZzOUA51Hu+7c0aAQ0NwGukbdDvsjvJHjp6BnRuSR5iPePyVrWtZOloEmTA3KzO4jQpXj7a4c2iWtD2uc6Gub68szhQaGBzXuqTrD4iDsPT5mfPyWE0zT7Qlzaelr7Yku2BOoT7xH0WsUy1tMMc6pTnBkeARgg8+nuok1O5o1Hk6mAF8CJxn8/ZBkv6VKtYUhctuHmAzVSJ1NcRpJhuJyeo3UqrCKzKjGtZrp6HeETjLRI5Dxc+atrGoyjWpUyXVHNLqeiJmBPxGNzOcZC87wi+r3F73ba7rmm2gH1S7WQH63nS1xwROJzIaOio3sMOELs28lgXGY3IJ5rtW+GBRVsFIkNaXEgAbpue1rC550gLIRUunBzhppcm9fVEDnuu3wJFIf9Svb4QANhhAAAgAAIlBNQqEFMZ5pOag5PEqVOtbVKNRgeyo0tc08wV+erm0rWl3UpkgOtqhoyBzBLTn/h281+hOM3VHh/Da99dPDKNu0ucSfoPM7L8/3106/r3VzPcuqXD6sFxIAcRjbMaj9VQmaaz31GgQ0CQ0Rn8V3aF7QbQZUIdpLefiBOxE7j1815ljhSa5tKuH1CRPh3GR6c+i6tiS6pTAMipGpu0Z3WcMZdSvZ0rimyqxnhPNjZ6j1/DzXO0CnVbhwGAZ8wtIeLWr4JhuQ4b9c/ctYFK68TTD6h2xPp1O/0WSHaPFQaGu0gDVncmfULRTdVDyXVBoEw4DY46n5/0KwMo1rSuWtjQ7Bl3w7+eM9YlaDRq1GH+EsBkNOXe/PKI1h7atIjwNLS7S4THLacfr55K9B1Vp1lpdkQMiQATg+oVZuGshmG1GgjwjcHb29YTZVpOIbVlxdkO+m/lj6oOdVp1rKqxrT4I5jBkQd1sDGXdFtUMI1CIdED6Z/orbhrKtB7CG6mAHDYOc/fP1WGlVfbVT4WuaBBEz5IinU4Ehh0ubzjfPl+uS6dpxPuQXVGuaSD8UkGTv6/l88t2ynb1qbyTkSBtv8A5LTQtKFVjXk6Tg6yTAmD7f0QaP7YoPGoN1CIx/D1H4fnCpueJ9/pZTDIGHaGxMfP8fwQLGzrMOp7Wu6gkSMzP+Svp8Ppttw51QgGCHgjMj1OP1CKy07C7ewuksY48xGfxUxZXZcZqaCwjwSJyN8nK2Xd6KFoKDXEGJAMiDtg7/JckOu69I6Jdq8J0idQ8/1yQbah4h9mJLG1GjaHAwANsfrPmuda1K1peS+mCax1NkEz5CIEkYzjbyV9L7dT0EPLiBimTPMEBZr5ta7r6iC0tH7sOcQZ8vqg67bh1Di1VxcHWzqGqmah1Hu45TOZmY6zzXMdeWDnHUKgqadEwI+GPSAfwRXqP4nw5lbV/rVo4kAHJBy4fe4e4VLOHMq2zrygXAEBzmPbkcvcT+srGI12ZTO+6+naVeK3TadpbOdgOcxrZwRzJ9TmVRX4V3T2d7DDUANMvcA4TBBI3Ah3OAeS2cDv69gLphFN4bRFTQ5sy8O0ARz/ALwGDg6chYgytdVn3FZznSS+rVcSY5kkqTM7WIjSbOHCmWikQd5a2QcHpk+0e63W4dTOlokvEtJIEn+sev3oo1Lm7aKsNbTeZ8ZBx6F2fkrqtAuLqsaiTMREfdHusmKh1R9lxOneAadUTHw4wfWd17RjhUpte0yHCQvH3dEmzDnNEsIIJ32Exy6fJdns7eitbGg4y6mcfksLQydlMICFgoTQmEChSSTQCcJKQRAhCEAmhCA5oTQgEIQgYQEYQgaYSBCYKKYUgohSCCQUwoBTCCYUgoBTCCYUgoBSBQTCkFEJygkFJRCkqPIqbTCgN1ILFksB6KSrBUgeSoZEhRCnsFFzYyFAkc8pShA5QhHmgSE0kDT80giUBlVV63dsgbnZWVHhjS4rnVahcSXc+Q+5EVVnYgb9fxVGqIAEAK0iTnJKhVou0gFjoqghpjBVHa4Rb0xbi4Dg5z9j0C6K5nCALek2hOD9/wCvuXUREUEJwgoiCRCkQkUFZUSpndRKCtwlVParyq3CUVmcFUVocFU4eSIrKSZ3SQJCCkgaEk0AmEIAQSUgoqQGyCxqsG6rCmCirAptVYKmEFgKkFWFMHKC0FdXgLo4kPNhC5DV0OEP08VthPxEj/pJ/BUexBwstw9r6opHLJh4EnlIGPr5csq19V0inTzUImSMNHU/lz+ZFNIVGBjqhGnUHYBnIIz5yRn6BUXNawgQ0BwJ953+ag6m91UNkEhsa4gtB8+pgfKegUHVaZBFJut4lzfC46Wzv6SMAbxjGRbTPduDO7qeLJqGDJ84549OXkoFVYSWUqY0tbBgPLMbYjOOm2QoVLuz4f3Vs6oQ5+KdManuP3mFNzwW1nNIbpaf3pyBvPyjP+a5PB7Qtp1+K16pdXuD+7q1WEY2B0zzxgco6qi+lwy1+0GrWpVLmqD4W1j3ndN3Ak4J+Zz0ErU2yoO//A23d7bCfcRG/mnRDmFrW1XBjXZmm4GMjJMzmCTjmears+Hm3dcuZW1iscmTqkE5LuuY2xA6IL6LBRinTHdEku7uBpifXy5HczGVkqupcQr3dlc24gMaWwTNRnMgjlPRSuOJ/Zn91WoOeymGd5VyA2ef5RvnaM21qH2htOo7WalJwq0niWkjm0jHLEHyO+wVUGPtqYtqvipMb/q9yBgN3h0HERvgEQldsc15hlNgcA11STOkZgwMfxc8T5q8g0qrqml7mvcC3QZABgbepJmPdYrm6tQ4Mo23fOc7WGMDc5+OCdpHxdUFWktLSOS7FJ7W0gSJJ2A3K4wqBjYcZJ2bzHmulaOLm63Zceair+7dUdrrRI2aNgrPZISSnIRCPmoxKnuUaUERM7Ll8d7ScK7OWvf8UuhTLgTTot8VSpA2A/HbIkhcPtr+0ax7Lh9naBl3xIj+7nwUp2LyP+0Z9ML4jxPi19xriD+IcSuHXFZwjUYEAcgBgCenVWIHa7X9uOIdq7pveN+z2VF2qlatMiR/Eepz7ctzPBa7TTc2pBaSHAHmYMfgoUmteW6iY5kH8PVXaG6gDJaRkTgmQfwWU+GO+6ouYySRS1RAZO2Rz9lptK7xpc0mQPmOn3rFpa5gcA5pIk+HBwtNoXUnQSSw7RGR6JHknw7NdrH0KddhyN2/n05Kq3qva8nGmIOxke/mr6DR3bmQNJHxETI/A/16oFp9neKZyHDD4nV1WbFvs+JtqTQe3xOLvEd87e/mujTtyRUIexzHAtJifT2j6yuAbU922pbhzhzMTH0z9Nx6K9ly+gxoALXgeLUJ58umJz/RFLig7okaXNIdDmkAD1/ULI11xVHdhxgZiRjK131627LXwXOjxOcd8c1LhrS547uC4NgzGMx+WURUaFarTy0jSMhpPiAx+fT1VYpVHGS6CfFnGy9BFFlBpHhqDDRqnJH6+ShUFu4htTJdBJ3DjyJj1CDjuBq2ZZ3ZL9zG2P19/VFtD7Qgan1KeGgRAzPPmug9tLWGw1zCAG5nH45XNvNNK974OIETA+v4lBnbdXBqP0uc2TkAc9uqvpXt1R8b6picAmcyqrpgD++ptBZs6cQfRbLfualLU8ayRtsiM9WsyuwOdIqRJJnJj9fJdPhPiDnky10a5BPT9e6yvtO9pGpRIl4wBv6fQJ2dc0dQcyHESyTBk+vXGyKlxE1adfvKfhY74Ikx5CfZZ6V5TMfaGToEgnAJ/L811L+g+4shVYBqiW7ycH25D9bZ7Hh9tc0tRHItwcF0gbe4VRgq3VOzujUZU1W1XBZGQN5jaQf1yV9w2vUoCsyfs9RxNUNA8LydxzgztyyOilV4VZ27C19UMdMZJM5+n9Pnmt69O2oPoEMcymQ8F5wBg5jkYgjyacqSsNDLOowNrawC5moEuE6Y/ib0IggekLbSAqH/AFh2twMNYMBpGxgOz5f0VVdpZcPdTY9w7ya1R5Je0nk/kZOxBzuNwrG026QabnFhnc6TMeXosY+9lP3NbX6KAD2Oa0CNIBMf9Thv1A5LM8ObVFVm5EbaIMbRyPl6Rgp1C9niAEAb6c56SAc9fPnsq6tYOANOoC1oGmMEAk+W2/1KouIBBaaniqN0kETGIP4/LosHCrh1pdsdBAYSHSZxzHstwe6pRPeS0zBAEaht8o+i5l0zurplRsSQCGxHkfI4/XJQe6Y4PaHNyCJBUlzOBXQuLLuy6XU8ey6nNa5jTIkwhCgaaQ2TRAmhCBgoQhAJoQgITQjCAQhCAhCE0BsjZGEIGFMKAUxhBIKYUAVIFFWBSBUApBBMKQUAphBIKSiE0Ewmogpyg//Z',	'2026-01-23 01:51:53.480489',	'3af180f7-1b91-4780-8557-a11cf548ede5'),
('id-0001-aaaa-bbbb-cccc00000001',	'2026-01-25 09:06:44.000000',	'Nguyen Van A',	'001123456789',	'CCCD',	'https://example.com/back1.jpg',	'https://example.com/front1.jpg',	'2026-01-25 09:06:44.000000',	'a0b1c2d3-0001-4444-8888-000000000001'),
('id-0002-aaaa-bbbb-cccc00000002',	'2026-01-25 09:06:44.000000',	'Tran Thi B',	'001123456790',	'CCCD',	'https://example.com/back2.jpg',	'https://example.com/front2.jpg',	'2026-01-25 09:06:44.000000',	'a0b1c2d3-0002-4444-8888-000000000002'),
('id-0003-aaaa-bbbb-cccc00000003',	'2026-01-25 09:06:44.000000',	'Le Van C',	'123456789',	'CMND',	'https://example.com/back3.jpg',	'https://example.com/front3.jpg',	'2026-01-25 09:06:44.000000',	'a0b1c2d3-0003-4444-8888-000000000003'),
('id-0004-aaaa-bbbb-cccc00000004',	'2026-01-25 09:06:44.000000',	'Pham Thi D',	'B1234567',	'HO_CHIEU',	'https://example.com/back4.jpg',	'https://example.com/front4.jpg',	'2026-01-25 09:06:44.000000',	'a0b1c2d3-0004-4444-8888-000000000004'),
('id-0005-aaaa-bbbb-cccc00000005',	'2026-01-25 09:06:44.000000',	'Hoang Van E',	'001123456791',	'CCCD',	'https://example.com/back5.jpg',	'https://example.com/front5.jpg',	'2026-01-25 09:06:44.000000',	'a0b1c2d3-0005-4444-8888-000000000005');

INSERT INTO `inventory_logs` (`id`, `created_timestamp`, `updated_timestamp`, `change_amount`, `current_stock`, `product_id`, `product_name`, `reason`, `size_id`, `size_name`, `type`, `user_id`) VALUES
('04bd4c60-51f1-4810-b1d4-f413413bc488',	'2026-01-25 18:16:30.795263',	'2026-01-25 18:16:30.795263',	-10,	9,	'8659c215-ee16-4768-a139-fcd1a25112a9',	'Sách Series sách địa chính trị của tác giả Tim Marshall',	'Batch order placement',	'7f6c607c-ab2c-4995-a745-41dafd7459a3',	'Chỉ có 1',	'ORDER',	'3af180f7-1b91-4780-8557-a11cf548ede5'),
('107d6532-d864-425c-ab30-3dc0a6d87078',	'2026-01-25 18:12:11.425629',	'2026-01-25 18:12:11.425629',	-8,	12,	'f4ce5ab1-6910-4cb9-90f8-c65c4a42d72c',	'LOCAL BRAND Áo thun The Weird Phong Cách Unisex Form Rộng ATK803',	'Batch order placement',	'bc735f68-e4d2-4881-afa4-28e2b30ac754',	'xxl',	'ORDER',	'3af180f7-1b91-4780-8557-a11cf548ede5'),
('157dd307-a702-43cf-a1a1-8af9ba2f41e9',	'2026-01-25 18:15:04.183273',	'2026-01-25 18:15:04.183273',	-11,	0,	'05495c60-7d2e-434b-b886-c99bcaf8962d',	'combo Sách Adyashanti - Hành Trình Giác Ngộ & Điều Quan Trọng Nhất',	'Batch order placement',	'd378c686-4625-4aa3-98c2-fe7e7889b2d3',	'Combo',	'ORDER',	'3af180f7-1b91-4780-8557-a11cf548ede5'),
('1b7c2127-41a2-4dd4-a350-fac7deb3cd1a',	'2026-01-25 17:56:22.714071',	'2026-01-25 17:56:22.714071',	-1,	13,	'05495c60-7d2e-434b-b886-c99bcaf8962d',	'combo Sách Adyashanti - Hành Trình Giác Ngộ & Điều Quan Trọng Nhất',	'Batch order placement',	'd378c686-4625-4aa3-98c2-fe7e7889b2d3',	'Combo',	'ORDER',	'3af180f7-1b91-4780-8557-a11cf548ede5'),
('1e09da18-db77-416d-b80a-c85f57b74eea',	'2026-01-25 18:10:38.001786',	'2026-01-25 18:10:38.001786',	-21,	19,	'8659c215-ee16-4768-a139-fcd1a25112a9',	'Sách Series sách địa chính trị của tác giả Tim Marshall',	'Batch order placement',	'7f6c607c-ab2c-4995-a745-41dafd7459a3',	'Chỉ có 1',	'ORDER',	'3af180f7-1b91-4780-8557-a11cf548ede5'),
('1e90267b-1845-401c-a742-77a5f79956f1',	'2026-01-25 18:18:11.605620',	'2026-01-25 18:18:11.605620',	10,	19,	'8659c215-ee16-4768-a139-fcd1a25112a9',	'Sách Series sách địa chính trị của tác giả Tim Marshall',	'Order cancelled - stock restored to Redis + DB',	'7f6c607c-ab2c-4995-a745-41dafd7459a3',	'Chỉ có 1',	'CANCEL',	'3af180f7-1b91-4780-8557-a11cf548ede5'),
('1f9add83-8b64-4e19-86b2-32929af44da4',	'2026-01-25 18:31:01.707601',	'2026-01-25 18:31:01.707601',	-5,	35,	'8659c215-ee16-4768-a139-fcd1a25112a9',	'Sách Series sách địa chính trị của tác giả Tim Marshall',	'Batch order placement',	'7f6c607c-ab2c-4995-a745-41dafd7459a3',	'Chỉ có 1',	'ORDER',	'3af180f7-1b91-4780-8557-a11cf548ede5'),
('283b44d6-a3a5-4711-b8ac-58aa749903b6',	'2026-01-25 16:44:41.618107',	'2026-01-25 16:44:41.618107',	-20,	15,	'05495c60-7d2e-434b-b886-c99bcaf8962d',	'combo Sách Adyashanti - Hành Trình Giác Ngộ & Điều Quan Trọng Nhất',	'Batch order placement',	'd378c686-4625-4aa3-98c2-fe7e7889b2d3',	'Combo',	'ORDER',	'3af180f7-1b91-4780-8557-a11cf548ede5'),
('287c7230-0e42-42bf-a7ce-5ed56291035d',	'2026-01-25 13:38:17.501695',	'2026-01-25 13:38:17.501704',	-4,	993,	'9e28fad0-66a4-4d3a-8e37-f95f712d718c',	'Sneaker',	'Batch order placement',	'a1231495-10dd-40f9-9066-9cedb316cc4c',	'XL',	'ORDER',	'064c7d5f-75b9-460e-acf7-f486c4a0c406'),
('3adba003-b05d-40b5-9eb7-afeb815d8540',	'2026-01-25 15:55:31.313398',	'2026-01-25 15:55:31.313398',	-10,	90,	'8c229dbf-18a3-4e17-9fe7-cefe51a06add',	'Sách - Combo 4 Sách Tư Duy Ngược + Tư Duy Mở + Biến Mọi Thứ Thành Tiền (Quyển 1 + 2)',	'Batch order placement',	'a8280930-1b0b-428e-972c-45e113826f5d',	'Combo 4 cuốn',	'ORDER',	'3af180f7-1b91-4780-8557-a11cf548ede5'),
('3c015b8c-e808-47ef-a0a7-82dbcd85a0f7',	'2026-01-25 18:34:26.377091',	'2026-01-25 18:34:26.377091',	1,	100,	'd9cfbdd4-f9b1-4565-bb0e-ae54cf999bd5',	'Áo Khoác',	'Order cancelled - stock restored to Redis + DB',	'b2c7aae2-bae0-42be-9dc8-4ea8d868ec12',	'XL',	'CANCEL',	'064c7d5f-75b9-460e-acf7-f486c4a0c406'),
('3d81c69f-2c7e-4b04-ab94-20519393f3ce',	'2026-01-25 13:35:40.719943',	'2026-01-25 13:35:40.719956',	5,	19,	'f4ce5ab1-6910-4cb9-90f8-c65c4a42d72c',	'LOCAL BRAND Áo thun The Weird Phong Cách Unisex Form Rộng ATK803',	'Order cancelled - stock restored to Redis + DB',	'b19a505d-fb3d-4b94-af50-74a333f620a6',	'xl',	'CANCEL',	'3af180f7-1b91-4780-8557-a11cf548ede5'),
('46b581ff-841c-4eb6-acca-76a1ec78179e',	'2026-01-25 18:36:33.755154',	'2026-01-25 18:36:33.755154',	-15,	85,	'd9cfbdd4-f9b1-4565-bb0e-ae54cf999bd5',	'Áo Khoác',	'Batch order placement',	'b2c7aae2-bae0-42be-9dc8-4ea8d868ec12',	'XL',	'ORDER',	'064c7d5f-75b9-460e-acf7-f486c4a0c406'),
('579c6cb0-94e7-45d5-9161-7bdfd878f4e3',	'2026-01-25 18:58:15.840883',	'2026-01-25 18:58:15.840883',	-5,	14,	'f4ce5ab1-6910-4cb9-90f8-c65c4a42d72c',	'LOCAL BRAND Áo thun The Weird Phong Cách Unisex Form Rộng ATK803',	'Batch order placement',	'b19a505d-fb3d-4b94-af50-74a333f620a6',	'xl',	'ORDER',	'3af180f7-1b91-4780-8557-a11cf548ede5'),
('5d30e349-f9d8-4499-92c1-49c5c5c9bdd2',	'2026-01-25 18:13:50.255055',	'2026-01-25 18:13:50.255055',	8,	20,	'f4ce5ab1-6910-4cb9-90f8-c65c4a42d72c',	'LOCAL BRAND Áo thun The Weird Phong Cách Unisex Form Rộng ATK803',	'Order cancelled - stock restored to Redis + DB',	'bc735f68-e4d2-4881-afa4-28e2b30ac754',	'xxl',	'CANCEL',	'3af180f7-1b91-4780-8557-a11cf548ede5'),
('5dfe1b63-9796-4cf8-88d7-89322d84c4ea',	'2026-01-25 18:13:50.230375',	'2026-01-25 18:13:50.230375',	5,	19,	'f4ce5ab1-6910-4cb9-90f8-c65c4a42d72c',	'LOCAL BRAND Áo thun The Weird Phong Cách Unisex Form Rộng ATK803',	'Order cancelled - stock restored to Redis + DB',	'b19a505d-fb3d-4b94-af50-74a333f620a6',	'xl',	'CANCEL',	'3af180f7-1b91-4780-8557-a11cf548ede5'),
('5ee6804a-4a70-455e-b85f-bbf6c3c1e6a8',	'2026-01-24 18:13:32.741355',	'2026-01-24 18:13:32.741368',	3,	96,	'c709fdb1-9747-4f41-85fa-96dfa4e4fa39',	'LOCAL BRAND Áo thun The Weird Phong Cách Unisex Form Rộng ATK803',	'Order cancelled - stock restored to Redis + DB',	'ba0f2d5c-703e-4a04-bdc2-3f2cc3919caa',	'123',	'CANCEL',	'3af180f7-1b91-4780-8557-a11cf548ede5'),
('738eb958-ac30-42c8-94ff-cc822af08479',	'2026-01-24 15:41:37.233678',	'2026-01-24 15:41:37.233690',	-1,	99,	'c709fdb1-9747-4f41-85fa-96dfa4e4fa39',	'LOCAL BRAND Áo thun The Weird Phong Cách Unisex Form Rộng ATK803',	'Order placement',	'ba0f2d5c-703e-4a04-bdc2-3f2cc3919caa',	'123',	'ORDER',	'3af180f7-1b91-4780-8557-a11cf548ede5'),
('73946f1f-31d1-4c44-a2ed-ba5019754cde',	'2026-01-25 18:18:18.438561',	'2026-01-25 18:18:18.438561',	7,	20,	'8c229dbf-18a3-4e17-9fe7-cefe51a06add',	'Sách - Combo 4 Sách Tư Duy Ngược + Tư Duy Mở + Biến Mọi Thứ Thành Tiền (Quyển 1 + 2)',	'Order cancelled - stock restored to Redis + DB',	'b6dce9a1-c531-438a-8dba-2619dc73ec4f',	'Combo 2 cuốn',	'CANCEL',	'3af180f7-1b91-4780-8557-a11cf548ede5'),
('79752de2-79a8-4582-9767-293f48521fb7',	'2026-01-25 18:08:38.625233',	'2026-01-25 18:08:38.625233',	-2,	11,	'05495c60-7d2e-434b-b886-c99bcaf8962d',	'combo Sách Adyashanti - Hành Trình Giác Ngộ & Điều Quan Trọng Nhất',	'Batch order placement',	'd378c686-4625-4aa3-98c2-fe7e7889b2d3',	'Combo',	'ORDER',	'3af180f7-1b91-4780-8557-a11cf548ede5'),
('84c226d6-4903-4c46-bee0-dfc2263bc594',	'2026-01-25 13:58:02.514769',	'2026-01-25 13:58:02.514817',	-10,	90,	'd9cfbdd4-f9b1-4565-bb0e-ae54cf999bd5',	'Áo Khoác',	'Batch order placement',	'b2c7aae2-bae0-42be-9dc8-4ea8d868ec12',	'XL',	'ORDER',	'064c7d5f-75b9-460e-acf7-f486c4a0c406'),
('85908322-99d5-4359-a4d3-344feb5cb5cd',	'2026-01-25 15:54:46.352339',	'2026-01-25 15:54:46.352339',	-3,	47,	'8659c215-ee16-4768-a139-fcd1a25112a9',	'Sách Series sách địa chính trị của tác giả Tim Marshall',	'Batch order placement',	'7f6c607c-ab2c-4995-a745-41dafd7459a3',	'Chỉ có 1',	'ORDER',	'3af180f7-1b91-4780-8557-a11cf548ede5'),
('99f7443d-7ab3-46fa-bc59-681fc6c76164',	'2026-01-24 18:13:25.939821',	'2026-01-24 18:13:25.939834',	-3,	93,	'c709fdb1-9747-4f41-85fa-96dfa4e4fa39',	'LOCAL BRAND Áo thun The Weird Phong Cách Unisex Form Rộng ATK803',	'Batch order placement',	'ba0f2d5c-703e-4a04-bdc2-3f2cc3919caa',	'123',	'ORDER',	'3af180f7-1b91-4780-8557-a11cf548ede5'),
('9e150985-ef39-4b74-aad3-9cd045aa2702',	'2026-01-24 18:13:34.807384',	'2026-01-24 18:13:34.807397',	3,	99,	'c709fdb1-9747-4f41-85fa-96dfa4e4fa39',	'LOCAL BRAND Áo thun The Weird Phong Cách Unisex Form Rộng ATK803',	'Order cancelled - stock restored to Redis + DB',	'ba0f2d5c-703e-4a04-bdc2-3f2cc3919caa',	'123',	'CANCEL',	'3af180f7-1b91-4780-8557-a11cf548ede5'),
('a31b4b9d-d722-47cc-a8b7-7443c8c37603',	'2026-01-25 18:18:18.469178',	'2026-01-25 18:18:18.469178',	21,	40,	'8659c215-ee16-4768-a139-fcd1a25112a9',	'Sách Series sách địa chính trị của tác giả Tim Marshall',	'Order cancelled - stock restored to Redis + DB',	'7f6c607c-ab2c-4995-a745-41dafd7459a3',	'Chỉ có 1',	'CANCEL',	'3af180f7-1b91-4780-8557-a11cf548ede5'),
('ac2def55-1367-4d7d-b024-f5c233a4e6f2',	'2026-01-25 18:18:22.383339',	'2026-01-25 18:18:22.383339',	2,	13,	'05495c60-7d2e-434b-b886-c99bcaf8962d',	'combo Sách Adyashanti - Hành Trình Giác Ngộ & Điều Quan Trọng Nhất',	'Order cancelled - stock restored to Redis + DB',	'd378c686-4625-4aa3-98c2-fe7e7889b2d3',	'Combo',	'CANCEL',	'3af180f7-1b91-4780-8557-a11cf548ede5'),
('ba097cef-fb91-449b-a1cb-614f3da5c79c',	'2026-01-25 18:18:14.168225',	'2026-01-25 18:18:14.168225',	11,	11,	'05495c60-7d2e-434b-b886-c99bcaf8962d',	'combo Sách Adyashanti - Hành Trình Giác Ngộ & Điều Quan Trọng Nhất',	'Order cancelled - stock restored to Redis + DB',	'd378c686-4625-4aa3-98c2-fe7e7889b2d3',	'Combo',	'CANCEL',	'3af180f7-1b91-4780-8557-a11cf548ede5'),
('ba33e6ab-18e4-4062-a77b-6fdfdd683264',	'2026-01-24 15:41:36.897831',	'2026-01-24 15:41:36.897866',	-1,	998,	'9e28fad0-66a4-4d3a-8e37-f95f712d718c',	'Sneaker',	'Order placement',	'efb5c7fe-4462-4c4b-92b0-f46c28db7ba9',	'XL',	'ORDER',	'064c7d5f-75b9-460e-acf7-f486c4a0c406'),
('ba50392a-2cef-4aef-a73a-025c1f3b0a61',	'2026-01-25 16:44:41.618107',	'2026-01-25 16:44:41.618107',	-1,	997,	'9e28fad0-66a4-4d3a-8e37-f95f712d718c',	'Sneaker',	'Batch order placement',	'efb5c7fe-4462-4c4b-92b0-f46c28db7ba9',	'XL',	'ORDER',	'064c7d5f-75b9-460e-acf7-f486c4a0c406'),
('bace2955-f950-4f63-8a46-2c093857192e',	'2026-01-25 15:55:17.935092',	'2026-01-25 15:55:17.935092',	-1,	35,	'05495c60-7d2e-434b-b886-c99bcaf8962d',	'combo Sách Adyashanti - Hành Trình Giác Ngộ & Điều Quan Trọng Nhất',	'Batch order placement',	'd378c686-4625-4aa3-98c2-fe7e7889b2d3',	'Combo',	'ORDER',	'3af180f7-1b91-4780-8557-a11cf548ede5'),
('bc48d134-0393-4c49-942d-d07903e8673f',	'2026-01-25 18:18:30.723058',	'2026-01-25 18:18:30.723058',	1,	14,	'05495c60-7d2e-434b-b886-c99bcaf8962d',	'combo Sách Adyashanti - Hành Trình Giác Ngộ & Điều Quan Trọng Nhất',	'Order cancelled - stock restored to Redis + DB',	'd378c686-4625-4aa3-98c2-fe7e7889b2d3',	'Combo',	'CANCEL',	'3af180f7-1b91-4780-8557-a11cf548ede5'),
('bf515824-c2ef-4003-87b7-28a8a346968f',	'2026-01-24 18:13:16.090832',	'2026-01-24 18:13:16.090851',	-3,	96,	'c709fdb1-9747-4f41-85fa-96dfa4e4fa39',	'LOCAL BRAND Áo thun The Weird Phong Cách Unisex Form Rộng ATK803',	'Batch order placement',	'ba0f2d5c-703e-4a04-bdc2-3f2cc3919caa',	'123',	'ORDER',	'3af180f7-1b91-4780-8557-a11cf548ede5'),
('d2338727-90ab-422e-92e6-8a13c31c9a93',	'2026-01-25 18:10:37.991624',	'2026-01-25 18:10:37.991624',	-7,	13,	'8c229dbf-18a3-4e17-9fe7-cefe51a06add',	'Sách - Combo 4 Sách Tư Duy Ngược + Tư Duy Mở + Biến Mọi Thứ Thành Tiền (Quyển 1 + 2)',	'Batch order placement',	'b6dce9a1-c531-438a-8dba-2619dc73ec4f',	'Combo 2 cuốn',	'ORDER',	'3af180f7-1b91-4780-8557-a11cf548ede5'),
('d2b482f4-146b-4c99-8227-cfcab3d50c09',	'2026-01-25 18:36:37.035859',	'2026-01-25 18:36:37.035859',	15,	100,	'd9cfbdd4-f9b1-4565-bb0e-ae54cf999bd5',	'Áo Khoác',	'Order cancelled - stock restored to Redis + DB',	'b2c7aae2-bae0-42be-9dc8-4ea8d868ec12',	'XL',	'CANCEL',	'064c7d5f-75b9-460e-acf7-f486c4a0c406'),
('d722c588-afbe-473a-9df2-debda577919b',	'2026-01-25 15:55:05.651630',	'2026-01-25 15:55:05.651630',	-7,	40,	'8659c215-ee16-4768-a139-fcd1a25112a9',	'Sách Series sách địa chính trị của tác giả Tim Marshall',	'Batch order placement',	'7f6c607c-ab2c-4995-a745-41dafd7459a3',	'Chỉ có 1',	'ORDER',	'3af180f7-1b91-4780-8557-a11cf548ede5'),
('dd3ec418-5f99-4dc8-aed5-9176bd4f61e2',	'2026-01-25 18:12:11.417646',	'2026-01-25 18:12:11.417646',	-5,	14,	'f4ce5ab1-6910-4cb9-90f8-c65c4a42d72c',	'LOCAL BRAND Áo thun The Weird Phong Cách Unisex Form Rộng ATK803',	'Batch order placement',	'b19a505d-fb3d-4b94-af50-74a333f620a6',	'xl',	'ORDER',	'3af180f7-1b91-4780-8557-a11cf548ede5'),
('efbfc6b1-2b1a-43be-911f-f6bf78588df0',	'2026-01-25 18:31:45.279558',	'2026-01-25 18:31:45.279558',	5,	40,	'8659c215-ee16-4768-a139-fcd1a25112a9',	'Sách Series sách địa chính trị của tác giả Tim Marshall',	'Order cancelled - stock restored to Redis + DB',	'7f6c607c-ab2c-4995-a745-41dafd7459a3',	'Chỉ có 1',	'CANCEL',	'3af180f7-1b91-4780-8557-a11cf548ede5'),
('f16d9a93-9a64-4422-b819-e3a8793db6e8',	'2026-01-25 18:33:38.676230',	'2026-01-25 18:33:38.676230',	-1,	99,	'd9cfbdd4-f9b1-4565-bb0e-ae54cf999bd5',	'Áo Khoác',	'Batch order placement',	'b2c7aae2-bae0-42be-9dc8-4ea8d868ec12',	'XL',	'ORDER',	'064c7d5f-75b9-460e-acf7-f486c4a0c406'),
('f5cdd363-e65e-4752-ae3e-7acfbcafba06',	'2026-01-25 16:47:16.414004',	'2026-01-25 16:47:16.414004',	-1,	14,	'05495c60-7d2e-434b-b886-c99bcaf8962d',	'combo Sách Adyashanti - Hành Trình Giác Ngộ & Điều Quan Trọng Nhất',	'Batch order placement',	'd378c686-4625-4aa3-98c2-fe7e7889b2d3',	'Combo',	'ORDER',	'3af180f7-1b91-4780-8557-a11cf548ede5'),
('f70ab6e2-9238-4cec-a18d-0d998621e3a8',	'2026-01-25 19:27:45.585120',	'2026-01-25 19:27:45.585120',	-5,	15,	'f4ce5ab1-6910-4cb9-90f8-c65c4a42d72c',	'LOCAL BRAND Áo thun The Weird Phong Cách Unisex Form Rộng ATK803',	'Batch order placement',	'bc735f68-e4d2-4881-afa4-28e2b30ac754',	'xxl',	'ORDER',	'3af180f7-1b91-4780-8557-a11cf548ede5');


INSERT INTO `live_products` (`id`, `created_at`, `discount_percent`, `display_order`, `is_featured`, `live_price`, `original_price`, `product_id`, `product_image_url`, `product_name`, `quantity_limit`, `sold_count`, `stock_available`, `live_room_id`) VALUES
('2c04286f-d410-4e6c-97af-e165d74ef261',	'2026-01-25 07:16:22.560834',	0,	0,	CONVERT(b'0', UNSIGNED),	100000,	100000,	'19e3628f-bb38-45e3-a7a7-72b914792e12',	'http://localhost:8080/v1/file-storage/get/73472877-539d-453b-a58b-8eee03b62e5f',	'Dầu Tẩy Trang Làm Sạch Sâu Pore Reset Glass Skin Cleansing Oil BETHESKIN 150ml',	40,	0,	40,	'f3cb17b9-d29b-4d64-8622-01eda9060a94'),
('c895db7b-451c-4d8c-ac20-74e67bfbfb68',	'2026-01-25 07:16:23.002667',	0,	0,	CONVERT(b'0', UNSIGNED),	100000,	100000,	'701565a6-3c0b-4c55-90a9-7835c531f37f',	'http://localhost:8080/v1/file-storage/get/d9a55eaf-2a4f-433a-a067-ed9bbdf3bb5f',	'LOCAL BRAND Áo thun The Weird Phong Cách Unisex Form Rộng ATK905',	3,	0,	3,	'f3cb17b9-d29b-4d64-8622-01eda9060a94'),
('e0bbe7cb-5a8f-4cc5-a4dc-788f9b4a7394',	'2026-01-23 02:14:13.352925',	50,	0,	CONVERT(b'0', UNSIGNED),	50000,	100000,	'c709fdb1-9747-4f41-85fa-96dfa4e4fa39',	'http://localhost:8080/v1/file-storage/get/18060616-93b4-498d-95cf-d8e4d89fa56d',	'LOCAL BRAND Áo thun The Weird Phong Cách Unisex Form Rộng ATK803',	133,	0,	133,	'1852ca4e-5f7e-4f7c-b42e-80efab0d30b4'),
('e2dab89d-3e9c-49e1-86de-e7dec0156b68',	'2026-01-25 07:16:23.577296',	0,	0,	CONVERT(b'0', UNSIGNED),	200000,	200000,	'8659c215-ee16-4768-a139-fcd1a25112a9',	'http://localhost:8080/v1/file-storage/get/5e99e931-633f-42d4-bbcd-cebc6d30b008',	'Sách Series sách địa chính trị của tác giả Tim Marshall',	50,	0,	50,	'f3cb17b9-d29b-4d64-8622-01eda9060a94'),
('f5446d74-2256-484e-ab40-56de0c2bc684',	'2026-01-25 07:16:22.051573',	0,	0,	CONVERT(b'0', UNSIGNED),	218000,	218000,	'05495c60-7d2e-434b-b886-c99bcaf8962d',	'http://localhost:8080/v1/file-storage/get/20089c93-09a8-4faf-9566-382212d0fa96',	'combo Sách Adyashanti - Hành Trình Giác Ngộ & Điều Quan Trọng Nhất',	36,	0,	36,	'f3cb17b9-d29b-4d64-8622-01eda9060a94');

INSERT INTO `live_rooms` (`id`, `created_at`, `description`, `ended_at`, `peak_viewers`, `shop_owner_id`, `started_at`, `status`, `stream_key`, `thumbnail_url`, `title`, `total_orders`, `total_revenue`, `updated_at`, `viewer_count`) VALUES
('1017eb6d-d8f0-4494-a58f-61aed75869a7',	'2026-01-24 15:06:33.619071',	'Live Cuối Năm ',	'2026-01-24 18:14:30.017249',	2,	'3af180f7-1b91-4780-8557-a11cf548ede5',	'2026-01-24 17:12:46.617887',	'ENDED',	'4bd54e62e6454c65846b3645eb065414',	'/v1/file-storage/get/b2c72e0e-c5cf-4df2-85e6-ccad5ec4ce9f',	'Live Cuối Năm',	0,	0,	'2026-01-24 18:14:30.077376',	1),
('17e7919c-91e2-40e7-998b-5ad63e243d79',	'2026-01-25 13:48:17.278192',	'123123123312312312',	NULL,	1,	'3af180f7-1b91-4780-8557-a11cf548ede5',	NULL,	'PENDING',	'e6c570bc3b414ea88c5c744dabb1a7f2',	'/v1/file-storage/get/141b5ef4-f482-4c5b-a80b-f24b82db0c5f',	'123123123123123',	0,	0,	'2026-01-25 13:48:17.278221',	0),
('1852ca4e-5f7e-4f7c-b42e-80efab0d30b4',	'2026-01-23 02:06:08.142805',	'13123',	'2026-01-23 02:16:30.049322',	2,	'3af180f7-1b91-4780-8557-a11cf548ede5',	'2026-01-23 02:07:01.704885',	'ENDED',	'bcc18fb0198243a8829b32c1324046f7',	'/v1/file-storage/get/1aa0d002-2d49-4d92-a60e-d24d289b6c87',	'123123',	0,	0,	'2026-01-23 02:16:30.069662',	1),
('305ad167-0a6c-4902-988d-fe4d01c15354',	'2026-01-23 05:57:39.887491',	'123123',	'2026-01-23 06:25:00.026476',	2,	'3af180f7-1b91-4780-8557-a11cf548ede5',	'2026-01-23 05:57:58.285243',	'ENDED',	'ff11f8eb107a40dbad99b7e37b6cba43',	'/v1/file-storage/get/fa094537-e346-4f9c-b87d-39fc8761e839',	'live bán áo quần',	0,	0,	'2026-01-23 06:25:00.046747',	0),
('58110c47-abab-4732-93b2-5112417f69d7',	'2026-01-24 18:14:41.117822',	'đâs',	'2026-01-25 07:06:36.770481',	2,	'3af180f7-1b91-4780-8557-a11cf548ede5',	'2026-01-24 18:15:33.648645',	'ENDED',	'accd98374a6c4034b2675c88791118cf',	'/v1/file-storage/get/3fa75314-856d-4bcd-aeed-f56d979bbc45',	'ádsa',	0,	0,	'2026-01-25 07:06:36.868972',	0),
('7153dea1-2f16-4d06-9939-d68d824b263f',	'2026-01-23 06:25:12.925693',	'123',	'2026-01-24 15:05:27.592794',	1,	'3af180f7-1b91-4780-8557-a11cf548ede5',	'2026-01-24 15:05:24.858677',	'ENDED',	'1d9ae8ce90a5439389b68cfb2a09fdc1',	'/v1/file-storage/get/946ef9f7-a468-49ac-bf43-3b97c25f35fe',	'123',	0,	0,	'2026-01-24 15:05:27.614872',	0),
('af753750-cd85-4962-aaaa-f390461994db',	'2026-01-25 13:36:58.160759',	'123',	'2026-01-25 13:48:05.570008',	1,	'3af180f7-1b91-4780-8557-a11cf548ede5',	'2026-01-25 13:39:26.255290',	'ENDED',	'dd086dfb8e3e480ebf5ffe26eba2e3bc',	'/v1/file-storage/get/d14021f0-bca8-4555-8297-8d9a864ea57a',	'ư123123',	0,	0,	'2026-01-25 13:48:05.584163',	0),
('f3cb17b9-d29b-4d64-8622-01eda9060a94',	'2026-01-25 07:06:44.299840',	'',	'2026-01-25 07:54:43.325666',	2,	'3af180f7-1b91-4780-8557-a11cf548ede5',	'2026-01-25 07:07:17.266271',	'ENDED',	'a11095ea4e6646e9bab14007df9bf567',	'',	'hâ\\',	0,	0,	'2026-01-25 07:54:43.427922',	0),
('fe285064-247f-4d22-825e-36ffeca39c35',	'2026-01-25 13:23:50.527806',	'ádasdas',	'2026-01-25 13:25:33.114250',	1,	'3af180f7-1b91-4780-8557-a11cf548ede5',	'2026-01-25 13:24:52.861940',	'ENDED',	'4dba66b7fa334e41bbc7f612ca6355e8',	'/v1/file-storage/get/ebfc3b90-fbda-481c-aaeb-46f046bb0fa6',	'Haiz',	0,	0,	'2026-01-25 13:25:33.134299',	0);

INSERT INTO `messages` (`id`, `content`, `conversation_id`, `created_at`, `delivery_status`, `image_id`, `is_read`, `message_type`, `product_id`, `read_at`, `sender_id`, `sender_type`, `updated_at`) VALUES
('057cd3ae-1ee0-4458-b87b-469ac98fb23f',	'helooo bạn   cần gì ??',	'78ab1c08-c74e-4412-a792-6ac385238b75',	'2026-01-23 06:40:44.280253',	'READ',	NULL,	CONVERT(b'1', UNSIGNED),	'TEXT',	NULL,	'2026-01-23 06:40:44.666536',	'3af180f7-1b91-4780-8557-a11cf548ede5',	'SHOP_OWNER',	'2026-01-23 06:40:44.280259'),
('1d21df9f-580f-446f-966a-2e4578660343',	'thuận  hú',	'78ab1c08-c74e-4412-a792-6ac385238b75',	'2026-01-24 15:08:26.567547',	'READ',	NULL,	CONVERT(b'1', UNSIGNED),	'TEXT',	NULL,	'2026-01-24 15:42:01.414728',	'3af180f7-1b91-4780-8557-a11cf548ede5',	'SHOP_OWNER',	'2026-01-24 15:08:26.567560'),
('48d6313e-d683-49ce-b033-c750c30b4751',	'I would like to ask about this product:',	'07f31475-02b6-4309-8b8e-639e9f812acd',	'2026-01-23 02:01:41.184559',	'SENT',	NULL,	CONVERT(b'0', UNSIGNED),	'PRODUCT_LINK',	'9e28fad0-66a4-4d3a-8e37-f95f712d718c',	NULL,	'064c7d5f-75b9-460e-acf7-f486c4a0c406',	'CLIENT',	'2026-01-23 02:01:41.184572'),
('8c5a3a3f-e0dd-45b6-97dc-ae9251492aa1',	'HEs lo',	'78ab1c08-c74e-4412-a792-6ac385238b75',	'2026-01-23 06:40:39.057263',	'READ',	NULL,	CONVERT(b'1', UNSIGNED),	'TEXT',	NULL,	'2026-01-23 06:42:02.249812',	'3412c965-0fd7-4d44-a069-6dafacf1ced1',	'CLIENT',	'2026-01-23 06:40:39.057293'),
('e4d5bbc3-4ef0-4741-8d60-9351a946c37e',	'I would like to ask about this product:',	'78ab1c08-c74e-4412-a792-6ac385238b75',	'2026-01-23 06:40:31.790234',	'READ',	NULL,	CONVERT(b'1', UNSIGNED),	'PRODUCT_LINK',	'c709fdb1-9747-4f41-85fa-96dfa4e4fa39',	'2026-01-23 06:40:33.573834',	'3412c965-0fd7-4d44-a069-6dafacf1ced1',	'CLIENT',	'2026-01-23 06:40:31.790245');

INSERT INTO `missions` (`id`, `creation_timestamp`, `update_timestamp`, `action_code`, `description`, `reward_amount`, `target_count`, `title`) VALUES
('b1dbb725-7db6-4a32-9489-e044f2afece2',	'2026-01-24 15:02:48.470467',	'2026-01-24 15:02:48.470498',	'FOLLOW_SHOP',	'hãy theo giỏi shop bất kì và nhận thưởng',	100,	1,	'Follow Shop Bất Kì');

INSERT INTO `notifications` (`id`, `action_url`, `creation_timestamp`, `message`, `order_id`, `is_read`, `shop_id`, `is_shop_owner_notification`, `title`, `type`, `user_id`) VALUES
('0867af3b-c86a-40ca-901a-a90dba80b822',	NULL,	'2026-01-25 16:46:04.052550',	'Đã cập nhật 2 đơn hàng thành công',	NULL,	CONVERT(b'0', UNSIGNED),	'3af180f7-1b91-4780-8557-a11cf548ede5',	CONVERT(b'1', UNSIGNED),	NULL,	NULL,	'3af180f7-1b91-4780-8557-a11cf548ede5'),
('12dc578e-18c7-4a62-b6b4-eada76c9414b',	NULL,	'2026-01-25 18:50:48.243111',	'Order #8E9E1F02 has been successfully placed! 0 products with a total value of 750000₫',	'8e9e1f02-f435-47ca-8f2f-7c7f437c1fb3',	CONVERT(b'0', UNSIGNED),	'3af180f7-1b91-4780-8557-a11cf548ede5',	CONVERT(b'0', UNSIGNED),	NULL,	NULL,	'3af180f7-1b91-4780-8557-a11cf548ede5'),
('239e5325-885b-440c-bd0e-9df3b3a0f699',	NULL,	'2026-01-25 13:58:02.128220',	'Order #9C2C1434 has been successfully placed! 0 products with a total value of 2030000₫',	'9c2c1434-cc1d-4889-b306-91c468bc78b4',	CONVERT(b'0', UNSIGNED),	'064c7d5f-75b9-460e-acf7-f486c4a0c406',	CONVERT(b'0', UNSIGNED),	NULL,	NULL,	'064c7d5f-75b9-460e-acf7-f486c4a0c406'),
('26b7b0b0-6abe-4b38-8192-1ee7808b04f8',	NULL,	'2026-01-25 16:46:04.035054',	'Đã cập nhật 1 đơn hàng thành công',	NULL,	CONVERT(b'0', UNSIGNED),	'3af180f7-1b91-4780-8557-a11cf548ede5',	CONVERT(b'1', UNSIGNED),	NULL,	NULL,	'3af180f7-1b91-4780-8557-a11cf548ede5'),
('2b51e249-b2ff-427f-bfe8-dbf5137e1def',	NULL,	'2026-01-25 13:38:17.729678',	'Order #ABAD1EB9 has been successfully placed! 0 products with a total value of 70000₫',	'abad1eb9-77f3-4a93-ab8f-b786fb908031',	CONVERT(b'0', UNSIGNED),	'c03a55ff-d9dc-40bf-953d-1d651bd3d4f5',	CONVERT(b'0', UNSIGNED),	NULL,	NULL,	'c03a55ff-d9dc-40bf-953d-1d651bd3d4f5'),
('2eecbc75-be60-4c2d-b910-06d883b8294a',	NULL,	'2026-01-25 15:54:46.720214',	'Order #54CE1CC9 has been successfully placed! 0 products with a total value of 620500₫',	'54ce1cc9-ccd0-4eab-8814-130228f44da1',	CONVERT(b'1', UNSIGNED),	'3af180f7-1b91-4780-8557-a11cf548ede5',	CONVERT(b'0', UNSIGNED),	NULL,	NULL,	'3af180f7-1b91-4780-8557-a11cf548ede5'),
('34c383d6-e0cc-479c-9e5c-659f1c01f185',	NULL,	'2026-01-25 13:43:20.543475',	'Your shop has been unlocked. You can now resume your business.',	NULL,	CONVERT(b'1', UNSIGNED),	'46fc4d45-8c69-4a99-bd45-3c3d95e1a3c2',	CONVERT(b'1', UNSIGNED),	NULL,	NULL,	'46fc4d45-8c69-4a99-bd45-3c3d95e1a3c2'),
('374d8e08-d9cc-49da-93ec-86fc7f00e832',	NULL,	'2026-01-25 18:48:20.411886',	'Order #B9394DEF has been successfully placed! 0 products with a total value of 294001₫',	'b9394def-4093-4f8f-9997-3a69d2900a60',	CONVERT(b'0', UNSIGNED),	'3af180f7-1b91-4780-8557-a11cf548ede5',	CONVERT(b'0', UNSIGNED),	NULL,	NULL,	'3af180f7-1b91-4780-8557-a11cf548ede5'),
('379fc292-51d1-4d73-90e7-60ccfa7c1bdd',	NULL,	'2026-01-25 16:44:42.078421',	'Order #7F14ECD9 has been successfully placed! 0 products with a total value of 31600₫',	'7f14ecd9-68be-4be6-9374-e7726b09df2d',	CONVERT(b'1', UNSIGNED),	'3af180f7-1b91-4780-8557-a11cf548ede5',	CONVERT(b'0', UNSIGNED),	NULL,	NULL,	'3af180f7-1b91-4780-8557-a11cf548ede5'),
('383472a1-b22f-4a3c-9a2a-103adcda3935',	NULL,	'2026-01-25 16:46:29.679902',	'Đã cập nhật 1 đơn hàng thành công',	NULL,	CONVERT(b'0', UNSIGNED),	'3af180f7-1b91-4780-8557-a11cf548ede5',	CONVERT(b'1', UNSIGNED),	NULL,	NULL,	'3af180f7-1b91-4780-8557-a11cf548ede5'),
('3bf96e34-ff44-47c3-8cce-4cfbe4fd10b7',	NULL,	'2026-01-25 16:46:04.026621',	'Đã cập nhật 1 đơn hàng thành công',	NULL,	CONVERT(b'0', UNSIGNED),	'3af180f7-1b91-4780-8557-a11cf548ede5',	CONVERT(b'1', UNSIGNED),	NULL,	NULL,	'3af180f7-1b91-4780-8557-a11cf548ede5'),
('464acedc-6b25-43ce-963a-1fa04c7c7c2a',	NULL,	'2026-01-25 18:33:38.920128',	'Order #C0A962A1 has been successfully placed! 0 products with a total value of 221600₫',	'c0a962a1-0ef5-45ba-9b53-3b12ea05d043',	CONVERT(b'0', UNSIGNED),	'3af180f7-1b91-4780-8557-a11cf548ede5',	CONVERT(b'0', UNSIGNED),	NULL,	NULL,	'3af180f7-1b91-4780-8557-a11cf548ede5'),
('4a8ca055-4399-43df-ad31-16993a2bf6c4',	NULL,	'2026-01-24 18:13:26.089591',	'Order #CBC58620 has been successfully placed! 0 products with a total value of 320500₫',	'cbc58620-c796-45ec-a2f4-b328646148b6',	CONVERT(b'0', UNSIGNED),	'8b01475b-a05a-41f7-a350-dfd1ce404b87',	CONVERT(b'0', UNSIGNED),	NULL,	NULL,	'8b01475b-a05a-41f7-a350-dfd1ce404b87'),
('5479c4a9-ad60-4a64-90a9-f2475edcfb24',	NULL,	'2026-01-25 13:43:53.719463',	'Your shop has been unlocked. You can now resume your business.',	NULL,	CONVERT(b'1', UNSIGNED),	'46fc4d45-8c69-4a99-bd45-3c3d95e1a3c2',	CONVERT(b'1', UNSIGNED),	NULL,	NULL,	'46fc4d45-8c69-4a99-bd45-3c3d95e1a3c2'),
('64a1ffb6-a0cf-44a2-93fd-169b6712af02',	NULL,	'2026-01-25 17:56:23.263368',	'Order #AB8C2728 has been successfully placed! 0 products with a total value of 238105₫',	'ab8c2728-4a54-4703-a4a1-b40325efaf8a',	CONVERT(b'0', UNSIGNED),	'3af180f7-1b91-4780-8557-a11cf548ede5',	CONVERT(b'0', UNSIGNED),	NULL,	NULL,	'3af180f7-1b91-4780-8557-a11cf548ede5'),
('6a036c7f-add6-4483-9fcc-e0a854c38cfe',	NULL,	'2026-01-25 13:46:08.326636',	'Your shop has been locked by admin due to violation of policies.',	NULL,	CONVERT(b'1', UNSIGNED),	'46fc4d45-8c69-4a99-bd45-3c3d95e1a3c2',	CONVERT(b'1', UNSIGNED),	NULL,	NULL,	'46fc4d45-8c69-4a99-bd45-3c3d95e1a3c2'),
('6db25541-21b3-4259-a4ff-6fbd4b6128d6',	NULL,	'2026-01-25 16:46:30.231039',	'Đã cập nhật 1 đơn hàng thành công',	NULL,	CONVERT(b'0', UNSIGNED),	'3af180f7-1b91-4780-8557-a11cf548ede5',	CONVERT(b'1', UNSIGNED),	NULL,	NULL,	'3af180f7-1b91-4780-8557-a11cf548ede5'),
('6ee71960-a3ea-4441-a4ad-775443f2b602',	NULL,	'2026-01-25 18:31:02.153410',	'Order #EF9FABBE has been successfully placed! 0 products with a total value of 1000000₫',	'ef9fabbe-8f4f-4f53-8904-84974c0081e0',	CONVERT(b'0', UNSIGNED),	'3af180f7-1b91-4780-8557-a11cf548ede5',	CONVERT(b'0', UNSIGNED),	NULL,	NULL,	'3af180f7-1b91-4780-8557-a11cf548ede5'),
('70471184-a7ab-4f87-bdfd-ad447aab6d90',	NULL,	'2026-01-25 15:55:18.125065',	'Order #B6491F79 has been successfully placed! 0 products with a total value of 238500₫',	'b6491f79-f86d-4451-b843-92b72e1e0595',	CONVERT(b'1', UNSIGNED),	'3af180f7-1b91-4780-8557-a11cf548ede5',	CONVERT(b'0', UNSIGNED),	NULL,	NULL,	'3af180f7-1b91-4780-8557-a11cf548ede5'),
('75150dd7-24a5-4547-8cfb-7725092c0487',	NULL,	'2026-01-25 18:58:16.114705',	'Order #017DE20A has been successfully placed! 0 products with a total value of 400000₫',	'017de20a-4ee6-4598-8207-e432a6017c06',	CONVERT(b'0', UNSIGNED),	'3af180f7-1b91-4780-8557-a11cf548ede5',	CONVERT(b'0', UNSIGNED),	NULL,	NULL,	'3af180f7-1b91-4780-8557-a11cf548ede5'),
('80c7c8f6-4181-4bc4-96f5-3a755bd42211',	NULL,	'2026-01-25 18:10:38.253663',	'Order #C0D85B03 has been successfully placed! 0 products with a total value of 6126259₫',	'c0d85b03-6ea2-4423-a31a-befb5e71439d',	CONVERT(b'0', UNSIGNED),	'3af180f7-1b91-4780-8557-a11cf548ede5',	CONVERT(b'0', UNSIGNED),	NULL,	NULL,	'3af180f7-1b91-4780-8557-a11cf548ede5'),
('89bd684a-455d-476c-8014-f96bddb07841',	NULL,	'2026-01-25 18:15:04.290399',	'Order #396507FA has been successfully placed! 0 products with a total value of 2437492₫',	'396507fa-c8dd-4df6-a142-0de7beb32cfc',	CONVERT(b'0', UNSIGNED),	'3af180f7-1b91-4780-8557-a11cf548ede5',	CONVERT(b'0', UNSIGNED),	NULL,	NULL,	'3af180f7-1b91-4780-8557-a11cf548ede5'),
('8e31d7b0-b744-4246-a04c-43de9b874cc6',	NULL,	'2026-01-25 18:16:31.054770',	'Order #BBE647F6 has been successfully placed! 0 products with a total value of 1970502₫',	'bbe647f6-4df2-485a-94b4-32e0bd6f3056',	CONVERT(b'0', UNSIGNED),	'3af180f7-1b91-4780-8557-a11cf548ede5',	CONVERT(b'0', UNSIGNED),	NULL,	NULL,	'3af180f7-1b91-4780-8557-a11cf548ede5'),
('8fbb7d7f-f6a9-4a4e-b4b4-fa27640d41a9',	NULL,	'2026-01-25 15:55:31.434740',	'Order #9CA71D4F has been successfully placed! 0 products with a total value of 5578001₫',	'9ca71d4f-a557-4d8d-abd3-0082da81993d',	CONVERT(b'1', UNSIGNED),	'3af180f7-1b91-4780-8557-a11cf548ede5',	CONVERT(b'0', UNSIGNED),	NULL,	NULL,	'3af180f7-1b91-4780-8557-a11cf548ede5'),
('90d30f0f-1605-4d54-9a80-f66d29cf57f4',	NULL,	'2026-01-24 15:54:02.350423',	'Order #1DB33B1C has been successfully placed! 0 products with a total value of 620500₫',	'1db33b1c-a9e6-47e7-b355-9e401e27ad65',	CONVERT(b'0', UNSIGNED),	'3412c965-0fd7-4d44-a069-6dafacf1ced1',	CONVERT(b'0', UNSIGNED),	NULL,	NULL,	'3412c965-0fd7-4d44-a069-6dafacf1ced1'),
('946b67eb-e0a7-48c0-b5cc-a7b5108fffcf',	NULL,	'2026-01-25 13:43:27.408294',	'Your shop has been locked by admin due to violation of policies.',	NULL,	CONVERT(b'1', UNSIGNED),	'46fc4d45-8c69-4a99-bd45-3c3d95e1a3c2',	CONVERT(b'1', UNSIGNED),	NULL,	NULL,	'46fc4d45-8c69-4a99-bd45-3c3d95e1a3c2'),
('9ad2045d-2b94-4352-914c-ea05aa5abf4c',	NULL,	'2026-01-24 15:41:37.654163',	'Order #9484F37E has been successfully placed! 1 products with a total value of 120500₫',	'9484f37e-da1e-4f5b-b161-35bda74bb2d3',	CONVERT(b'0', UNSIGNED),	'3412c965-0fd7-4d44-a069-6dafacf1ced1',	CONVERT(b'0', UNSIGNED),	NULL,	NULL,	'3412c965-0fd7-4d44-a069-6dafacf1ced1'),
('9ffc1ea2-18fa-4fc9-b789-5db9eb4489c7',	NULL,	'2026-01-25 16:46:29.687113',	'Đã cập nhật 1 đơn hàng thành công',	NULL,	CONVERT(b'0', UNSIGNED),	'3af180f7-1b91-4780-8557-a11cf548ede5',	CONVERT(b'1', UNSIGNED),	NULL,	NULL,	'3af180f7-1b91-4780-8557-a11cf548ede5'),
('a0ec1e0f-1b5b-467d-a6d5-2da0c0ce9cdf',	NULL,	'2026-01-24 18:13:16.152097',	'Order #65A35FD6 has been successfully placed! 0 products with a total value of 320500₫',	'65a35fd6-9c18-448c-91b7-1f5581b10d12',	CONVERT(b'0', UNSIGNED),	'8b01475b-a05a-41f7-a350-dfd1ce404b87',	CONVERT(b'0', UNSIGNED),	NULL,	NULL,	'8b01475b-a05a-41f7-a350-dfd1ce404b87'),
('a52c56f4-4854-4c0e-ad2f-148f33c5082e',	NULL,	'2026-01-25 18:12:11.795270',	'Order #17226CA7 has been successfully placed! 0 products with a total value of 1420363₫',	'17226ca7-2133-4304-add9-76e506f50c0e',	CONVERT(b'0', UNSIGNED),	'3af180f7-1b91-4780-8557-a11cf548ede5',	CONVERT(b'0', UNSIGNED),	NULL,	NULL,	'3af180f7-1b91-4780-8557-a11cf548ede5'),
('a8d24097-b3b3-4229-acf7-dfb0049dd6d0',	NULL,	'2026-01-25 18:19:57.795430',	'Order #892AA026 has been successfully placed! 0 products with a total value of 100000₫',	'892aa026-c676-466c-8ebb-94cb1c901861',	CONVERT(b'0', UNSIGNED),	'3af180f7-1b91-4780-8557-a11cf548ede5',	CONVERT(b'0', UNSIGNED),	NULL,	NULL,	'3af180f7-1b91-4780-8557-a11cf548ede5'),
('ae7a54f4-9a9c-4f04-b5c3-d9c890b84ab7',	NULL,	'2026-01-25 18:49:43.786668',	'Order #14128702 has been successfully placed! 0 products with a total value of 294001₫',	'14128702-3326-47e8-b2b0-833a26550a96',	CONVERT(b'0', UNSIGNED),	'3af180f7-1b91-4780-8557-a11cf548ede5',	CONVERT(b'0', UNSIGNED),	NULL,	NULL,	'3af180f7-1b91-4780-8557-a11cf548ede5'),
('afc212f6-fa1e-4bd5-91cb-0b90c66b532a',	NULL,	'2026-01-25 16:46:04.005724',	'Đã cập nhật 1 đơn hàng thành công',	NULL,	CONVERT(b'0', UNSIGNED),	'3af180f7-1b91-4780-8557-a11cf548ede5',	CONVERT(b'1', UNSIGNED),	NULL,	NULL,	'3af180f7-1b91-4780-8557-a11cf548ede5'),
('b0be3c6c-abf1-49d7-b4ab-240a22d4ae95',	NULL,	'2026-01-25 16:46:30.242628',	'Đã cập nhật 2 đơn hàng thành công',	NULL,	CONVERT(b'0', UNSIGNED),	'3af180f7-1b91-4780-8557-a11cf548ede5',	CONVERT(b'1', UNSIGNED),	NULL,	NULL,	'3af180f7-1b91-4780-8557-a11cf548ede5'),
('b787c7c9-b2ae-4d41-86d2-9e6692163d86',	NULL,	'2026-01-25 18:08:39.022399',	'Order #75945A03 has been successfully placed! 0 products with a total value of 432500₫',	'75945a03-171b-4b78-86a6-50d005e66b64',	CONVERT(b'0', UNSIGNED),	'3af180f7-1b91-4780-8557-a11cf548ede5',	CONVERT(b'0', UNSIGNED),	NULL,	NULL,	'3af180f7-1b91-4780-8557-a11cf548ede5'),
('b874462d-975b-410d-bffa-1ca9f93454f8',	NULL,	'2026-01-25 18:15:04.290399',	'Cảnh báo: Sản phẩm \'combo Sách Adyashanti - Hành Trình Giác Ngộ & Điều Quan Trọng Nhất\' sắp hết hàng! Hiện còn: 0',	NULL,	CONVERT(b'0', UNSIGNED),	'3af180f7-1b91-4780-8557-a11cf548ede5',	CONVERT(b'1', UNSIGNED),	NULL,	NULL,	'3af180f7-1b91-4780-8557-a11cf548ede5'),
('c24a0815-2eaa-444c-8ae3-85663d6929e4',	NULL,	'2026-01-25 18:16:31.054770',	'Cảnh báo: Sản phẩm \'Sách Series sách địa chính trị của tác giả Tim Marshall\' sắp hết hàng! Hiện còn: 9',	NULL,	CONVERT(b'0', UNSIGNED),	'3af180f7-1b91-4780-8557-a11cf548ede5',	CONVERT(b'1', UNSIGNED),	NULL,	NULL,	'3af180f7-1b91-4780-8557-a11cf548ede5'),
('cafeb5f1-c063-4977-bb61-a1a091c7cef4',	NULL,	'2026-01-25 18:36:34.067802',	'Order #7DC079F5 has been successfully placed! 0 products with a total value of 3100503₫',	'7dc079f5-f183-403e-a8a9-ae2e26aab3a8',	CONVERT(b'0', UNSIGNED),	'3af180f7-1b91-4780-8557-a11cf548ede5',	CONVERT(b'0', UNSIGNED),	NULL,	NULL,	'3af180f7-1b91-4780-8557-a11cf548ede5'),
('cbfbad21-8771-4038-951f-21f7a1473a0d',	NULL,	'2026-01-25 16:46:04.043479',	'Đã cập nhật 1 đơn hàng thành công',	NULL,	CONVERT(b'0', UNSIGNED),	'3af180f7-1b91-4780-8557-a11cf548ede5',	CONVERT(b'1', UNSIGNED),	NULL,	NULL,	'3af180f7-1b91-4780-8557-a11cf548ede5'),
('cd26242f-0b4e-4ee5-996e-fa478268190d',	NULL,	'2026-01-24 15:41:37.687781',	'Bạn có đơn hàng mới #9484f37e-da1e-4f5b-b161-35bda74bb2d3 với 1 sản phẩm, tổng giá trị: 100000 VNĐ',	'9484f37e-da1e-4f5b-b161-35bda74bb2d3',	CONVERT(b'0', UNSIGNED),	'3af180f7-1b91-4780-8557-a11cf548ede5',	CONVERT(b'1', UNSIGNED),	NULL,	NULL,	'3af180f7-1b91-4780-8557-a11cf548ede5'),
('d185781d-20f0-4644-841c-7bf6ac5e9571',	NULL,	'2026-01-25 16:44:42.054604',	'Order #505EC0D8 has been successfully placed! 0 products with a total value of 4502305₫',	'505ec0d8-6eff-4b59-9223-1b2f2af86221',	CONVERT(b'1', UNSIGNED),	'3af180f7-1b91-4780-8557-a11cf548ede5',	CONVERT(b'0', UNSIGNED),	NULL,	NULL,	'3af180f7-1b91-4780-8557-a11cf548ede5'),
('d2d804d7-1ee9-4a9b-9115-43bc0d6555d9',	NULL,	'2026-01-25 13:35:28.972982',	'Order #DEEC3E8E has been successfully placed! 0 products with a total value of 199900₫',	'deec3e8e-25d1-41f4-88de-2c947f5f58d4',	CONVERT(b'0', UNSIGNED),	'3af180f7-1b91-4780-8557-a11cf548ede5',	CONVERT(b'0', UNSIGNED),	NULL,	NULL,	'3af180f7-1b91-4780-8557-a11cf548ede5'),
('d492f492-97f5-4c8e-a350-c3de04e36d63',	NULL,	'2026-01-25 16:46:29.671104',	'Đã cập nhật 1 đơn hàng thành công',	NULL,	CONVERT(b'0', UNSIGNED),	'3af180f7-1b91-4780-8557-a11cf548ede5',	CONVERT(b'1', UNSIGNED),	NULL,	NULL,	'3af180f7-1b91-4780-8557-a11cf548ede5'),
('d7957b93-b74f-4c8c-bf1a-1a1c4f711773',	NULL,	'2026-01-25 13:44:09.174128',	'Your shop has been locked by admin due to violation of policies.',	NULL,	CONVERT(b'1', UNSIGNED),	'46fc4d45-8c69-4a99-bd45-3c3d95e1a3c2',	CONVERT(b'1', UNSIGNED),	NULL,	NULL,	'46fc4d45-8c69-4a99-bd45-3c3d95e1a3c2'),
('dc7dfc2d-7f52-4e11-9acc-62c5f4894973',	NULL,	'2026-01-24 15:41:37.614729',	'Bạn có đơn hàng mới #cc13627b-2879-4aaa-b39f-839e5fa04ba3 với 1 sản phẩm, tổng giá trị: 10000 VNĐ',	'cc13627b-2879-4aaa-b39f-839e5fa04ba3',	CONVERT(b'0', UNSIGNED),	'064c7d5f-75b9-460e-acf7-f486c4a0c406',	CONVERT(b'1', UNSIGNED),	NULL,	NULL,	'064c7d5f-75b9-460e-acf7-f486c4a0c406'),
('e03c4daa-2243-4fed-87bb-c1f2162f954f',	NULL,	'2026-01-25 13:39:12.262203',	'System has detected suspicious activity from your shop (High cancellation rate/Suspected fake orders). Please review your operational processes.',	NULL,	CONVERT(b'0', UNSIGNED),	'3af180f7-1b91-4780-8557-a11cf548ede5',	CONVERT(b'1', UNSIGNED),	NULL,	NULL,	'3af180f7-1b91-4780-8557-a11cf548ede5'),
('efaef2e9-ec83-4508-98b0-e6194e63aef2',	NULL,	'2026-01-24 15:41:37.614730',	'Order #CC13627B has been successfully placed! 1 products with a total value of 31600₫',	'cc13627b-2879-4aaa-b39f-839e5fa04ba3',	CONVERT(b'0', UNSIGNED),	'3412c965-0fd7-4d44-a069-6dafacf1ced1',	CONVERT(b'0', UNSIGNED),	NULL,	NULL,	'3412c965-0fd7-4d44-a069-6dafacf1ced1'),
('f18ae8ea-946d-47ac-b1e7-65992fa68b7e',	NULL,	'2026-01-25 16:47:16.423966',	'Order #17BC4E2F has been successfully placed! 0 products with a total value of 238500₫',	'17bc4e2f-ff93-4f2d-bfc9-a5e2242584bb',	CONVERT(b'1', UNSIGNED),	'3af180f7-1b91-4780-8557-a11cf548ede5',	CONVERT(b'0', UNSIGNED),	NULL,	NULL,	'3af180f7-1b91-4780-8557-a11cf548ede5'),
('f7df7c1b-7f50-4027-948e-2768268f1291',	NULL,	'2026-01-25 19:27:45.754700',	'Order #D0918FC1 has been successfully placed! 0 products with a total value of 290445₫',	'd0918fc1-413d-4f44-8db3-3583913609f7',	CONVERT(b'0', UNSIGNED),	'3af180f7-1b91-4780-8557-a11cf548ede5',	CONVERT(b'0', UNSIGNED),	NULL,	NULL,	'3af180f7-1b91-4780-8557-a11cf548ede5'),
('f931c288-a7b6-4396-8e75-fa9b7dd62fbe',	NULL,	'2026-01-25 15:55:05.890913',	'Order #4B7A5575 has been successfully placed! 0 products with a total value of 1439500₫',	'4b7a5575-af5f-422d-9eba-abee07757615',	CONVERT(b'1', UNSIGNED),	'3af180f7-1b91-4780-8557-a11cf548ede5',	CONVERT(b'0', UNSIGNED),	NULL,	NULL,	'3af180f7-1b91-4780-8557-a11cf548ede5');

INSERT INTO `order_items` (`id`, `created_at`, `updated_at`, `is_flash_sale`, `product_id`, `quantity`, `size_id`, `total_price`, `unit_price`, `order_id`) VALUES
('00a98e08-36a4-4cd1-a505-d436a117f182',	'2026-01-25 18:16:30.760725',	'2026-01-25 18:16:30.760725',	CONVERT(b'0', UNSIGNED),	'8659c215-ee16-4768-a139-fcd1a25112a9',	10,	'7f6c607c-ab2c-4995-a745-41dafd7459a3',	2000000,	200000,	'bbe647f6-4df2-485a-94b4-32e0bd6f3056'),
('043c2d54-c553-45f0-87ef-596318d2c656',	'2026-01-24 15:41:38.059035',	'2026-01-24 15:41:38.059064',	CONVERT(b'0', UNSIGNED),	'c709fdb1-9747-4f41-85fa-96dfa4e4fa39',	1,	'ba0f2d5c-703e-4a04-bdc2-3f2cc3919caa',	100000,	100000,	'9484f37e-da1e-4f5b-b161-35bda74bb2d3'),
('0993ae5d-29c4-406d-92a1-5fce2c845ec0',	'2026-01-25 18:49:43.444621',	'2026-01-25 18:49:43.444621',	CONVERT(b'1', UNSIGNED),	'701565a6-3c0b-4c55-90a9-7835c531f37f',	3,	'b1db3080-7b1d-44b1-b47e-591ec786b547',	300000,	100000,	'14128702-3326-47e8-b2b0-833a26550a96'),
('0ca3ca6b-5a09-42b4-972f-2ae53eb7232b',	'2026-01-25 18:12:11.327079',	'2026-01-25 18:12:11.327079',	CONVERT(b'0', UNSIGNED),	'f4ce5ab1-6910-4cb9-90f8-c65c4a42d72c',	5,	'b19a505d-fb3d-4b94-af50-74a333f620a6',	500000,	100000,	'17226ca7-2133-4304-add9-76e506f50c0e'),
('23bfe9bd-788e-4d2b-9748-cb6cd3fde5cf',	'2026-01-25 18:36:33.719534',	'2026-01-25 18:36:33.719534',	CONVERT(b'0', UNSIGNED),	'd9cfbdd4-f9b1-4565-bb0e-ae54cf999bd5',	15,	'b2c7aae2-bae0-42be-9dc8-4ea8d868ec12',	3000000,	200000,	'7dc079f5-f183-403e-a8a9-ae2e26aab3a8'),
('23e3ef59-6dbf-4822-8c40-05db6ddd7634',	'2026-01-25 18:58:15.819160',	'2026-01-25 18:58:15.819160',	CONVERT(b'0', UNSIGNED),	'f4ce5ab1-6910-4cb9-90f8-c65c4a42d72c',	5,	'b19a505d-fb3d-4b94-af50-74a333f620a6',	500000,	100000,	'017de20a-4ee6-4598-8207-e432a6017c06'),
('3d748d97-d6d8-47ea-bd1b-74ef00291e86',	'2026-01-25 18:50:47.969519',	'2026-01-25 18:50:47.969519',	CONVERT(b'1', UNSIGNED),	'ae641784-d4ce-4c68-8880-515f2178158c',	5,	'2bd5b0d9-7e09-49eb-944e-a805079fafc1',	750000,	150000,	'8e9e1f02-f435-47ca-8f2f-7c7f437c1fb3'),
('4c65b6cc-f9cd-11f0-b554-520e5bbb2950',	'2026-01-25 09:07:39.000000',	'2026-01-25 09:07:39.000000',	NULL,	'prod-susp-01',	1,	NULL,	5000000,	5000000,	'ord-susp-01-1'),
('4c65cd1a-f9cd-11f0-b554-520e5bbb2950',	'2026-01-25 09:07:39.000000',	'2026-01-25 09:07:39.000000',	NULL,	'prod-susp-01',	1,	NULL,	5000000,	5000000,	'ord-susp-01-2'),
('4c65d038-f9cd-11f0-b554-520e5bbb2950',	'2026-01-25 09:07:39.000000',	'2026-01-25 09:07:39.000000',	NULL,	'prod-susp-01',	1,	NULL,	5000000,	5000000,	'ord-susp-01-3'),
('4c65d247-f9cd-11f0-b554-520e5bbb2950',	'2026-01-25 09:07:39.000000',	'2026-01-25 09:07:39.000000',	NULL,	'prod-susp-01',	1,	NULL,	5000000,	5000000,	'ord-susp-01-4'),
('4c65d931-f9cd-11f0-b554-520e5bbb2950',	'2026-01-25 09:07:39.000000',	'2026-01-25 09:07:39.000000',	NULL,	'prod-susp-01',	1,	NULL,	5000000,	5000000,	'ord-susp-01-5'),
('4c65ddaf-f9cd-11f0-b554-520e5bbb2950',	'2026-01-25 09:07:39.000000',	'2026-01-25 09:07:39.000000',	NULL,	'prod-susp-01',	1,	NULL,	5000000,	5000000,	'ord-susp-01-6'),
('4c701cab-f9cd-11f0-b554-520e5bbb2950',	'2026-01-25 09:07:39.000000',	'2026-01-25 09:07:39.000000',	NULL,	'prod-susp-02',	1,	NULL,	3000000,	3000000,	'ord-susp-02-1'),
('4c704d9f-f9cd-11f0-b554-520e5bbb2950',	'2026-01-25 09:07:39.000000',	'2026-01-25 09:07:39.000000',	NULL,	'prod-susp-02',	1,	NULL,	3000000,	3000000,	'ord-susp-02-2'),
('4c704ed5-f9cd-11f0-b554-520e5bbb2950',	'2026-01-25 09:07:39.000000',	'2026-01-25 09:07:39.000000',	NULL,	'prod-susp-02',	1,	NULL,	3000000,	3000000,	'ord-susp-02-3'),
('4c705d33-f9cd-11f0-b554-520e5bbb2950',	'2026-01-25 09:07:39.000000',	'2026-01-25 09:07:39.000000',	NULL,	'prod-susp-02',	1,	NULL,	3000000,	3000000,	'ord-susp-02-4'),
('4c705e66-f9cd-11f0-b554-520e5bbb2950',	'2026-01-25 09:07:39.000000',	'2026-01-25 09:07:39.000000',	NULL,	'prod-susp-02',	1,	NULL,	3000000,	3000000,	'ord-susp-02-5'),
('4c705ed3-f9cd-11f0-b554-520e5bbb2950',	'2026-01-25 09:07:39.000000',	'2026-01-25 09:07:39.000000',	NULL,	'prod-susp-02',	1,	NULL,	3000000,	3000000,	'ord-susp-02-6'),
('4c706148-f9cd-11f0-b554-520e5bbb2950',	'2026-01-25 09:07:39.000000',	'2026-01-25 09:07:39.000000',	NULL,	'prod-susp-02',	1,	NULL,	3000000,	3000000,	'ord-susp-02-7'),
('4c70625e-f9cd-11f0-b554-520e5bbb2950',	'2026-01-25 09:07:39.000000',	'2026-01-25 09:07:39.000000',	NULL,	'prod-susp-02',	1,	NULL,	3000000,	3000000,	'ord-susp-02-8'),
('4c7064f7-f9cd-11f0-b554-520e5bbb2950',	'2026-01-25 09:07:39.000000',	'2026-01-25 09:07:39.000000',	NULL,	'prod-susp-02',	1,	NULL,	3000000,	3000000,	'ord-susp-02-9'),
('4c7065a5-f9cd-11f0-b554-520e5bbb2950',	'2026-01-25 09:07:39.000000',	'2026-01-25 09:07:39.000000',	NULL,	'prod-susp-02',	1,	NULL,	3000000,	3000000,	'ord-susp-02-10'),
('4c7911aa-f9cd-11f0-b554-520e5bbb2950',	'2026-01-25 09:07:39.000000',	'2026-01-25 09:07:39.000000',	NULL,	'prod-susp-03',	1,	NULL,	50000,	50000,	'ord-susp-03-1'),
('4c792d74-f9cd-11f0-b554-520e5bbb2950',	'2026-01-25 09:07:39.000000',	'2026-01-25 09:07:39.000000',	NULL,	'prod-susp-03',	1,	NULL,	50000,	50000,	'ord-susp-03-2'),
('4c793017-f9cd-11f0-b554-520e5bbb2950',	'2026-01-25 09:07:39.000000',	'2026-01-25 09:07:39.000000',	NULL,	'prod-susp-03',	1,	NULL,	50000,	50000,	'ord-susp-03-3'),
('4c7931b6-f9cd-11f0-b554-520e5bbb2950',	'2026-01-25 09:07:39.000000',	'2026-01-25 09:07:39.000000',	NULL,	'prod-susp-03',	1,	NULL,	50000,	50000,	'ord-susp-03-4'),
('4c79330f-f9cd-11f0-b554-520e5bbb2950',	'2026-01-25 09:07:39.000000',	'2026-01-25 09:07:39.000000',	NULL,	'prod-susp-03',	1,	NULL,	50000,	50000,	'ord-susp-03-5'),
('4c79365c-f9cd-11f0-b554-520e5bbb2950',	'2026-01-25 09:07:39.000000',	'2026-01-25 09:07:39.000000',	NULL,	'prod-susp-03',	1,	NULL,	50000,	50000,	'ord-susp-03-6'),
('4c830cf4-f9cd-11f0-b554-520e5bbb2950',	'2026-01-05 09:07:39.000000',	'2026-01-07 09:07:39.000000',	NULL,	'prod-susp-04',	1,	NULL,	1000000,	1000000,	'ord-susp-04-1'),
('4c8a312b-f9cd-11f0-b554-520e5bbb2950',	'2026-01-20 09:07:39.000000',	'2026-01-21 09:07:39.000000',	NULL,	'prod-susp-05',	1,	NULL,	2000,	2000,	'ord-susp-05-1'),
('4f51445c-5921-4b7f-8c41-71e9e2a7100a',	'2026-01-25 18:10:37.976785',	'2026-01-25 18:10:37.976785',	CONVERT(b'0', UNSIGNED),	'8c229dbf-18a3-4e17-9fe7-cefe51a06add',	7,	'b6dce9a1-c531-438a-8dba-2619dc73ec4f',	1750000,	250000,	'c0d85b03-6ea2-4423-a31a-befb5e71439d'),
('56836436-6917-4546-9459-0524e568d7db',	'2026-01-25 18:15:04.119327',	'2026-01-25 18:15:04.119327',	CONVERT(b'0', UNSIGNED),	'05495c60-7d2e-434b-b886-c99bcaf8962d',	11,	'd378c686-4625-4aa3-98c2-fe7e7889b2d3',	2398000,	218000,	'396507fa-c8dd-4df6-a142-0de7beb32cfc'),
('62dc811f-95a5-4d39-b520-6d1302a44575',	'2026-01-25 13:35:28.643546',	'2026-01-25 13:35:28.643563',	CONVERT(b'1', UNSIGNED),	'701565a6-3c0b-4c55-90a9-7835c531f37f',	2,	'b1db3080-7b1d-44b1-b47e-591ec786b547',	200000,	100000,	'deec3e8e-25d1-41f4-88de-2c947f5f58d4'),
('662b8686-c9bf-4276-a650-ba4f5c7ab78e',	'2026-01-24 15:54:02.151931',	'2026-01-24 15:54:02.151956',	CONVERT(b'1', UNSIGNED),	'ae641784-d4ce-4c68-8880-515f2178158c',	4,	'2bd5b0d9-7e09-49eb-944e-a805079fafc1',	600000,	150000,	'1db33b1c-a9e6-47e7-b355-9e401e27ad65'),
('67c2d33c-6520-474e-b90a-60e6b84c984b',	'2026-01-25 18:48:20.138694',	'2026-01-25 18:48:20.138694',	CONVERT(b'1', UNSIGNED),	'701565a6-3c0b-4c55-90a9-7835c531f37f',	3,	'b1db3080-7b1d-44b1-b47e-591ec786b547',	300000,	100000,	'b9394def-4093-4f8f-9997-3a69d2900a60'),
('71229134-0f1a-48fd-9f40-74d3510166b1',	'2026-01-25 19:27:45.539117',	'2026-01-25 19:27:45.539117',	CONVERT(b'0', UNSIGNED),	'f4ce5ab1-6910-4cb9-90f8-c65c4a42d72c',	5,	'bc735f68-e4d2-4881-afa4-28e2b30ac754',	545000,	109000,	'd0918fc1-413d-4f44-8db3-3583913609f7'),
('71514a3b-353b-4249-b44f-cab2f47e4736',	'2026-01-25 18:12:11.330239',	'2026-01-25 18:12:11.330239',	CONVERT(b'0', UNSIGNED),	'f4ce5ab1-6910-4cb9-90f8-c65c4a42d72c',	8,	'bc735f68-e4d2-4881-afa4-28e2b30ac754',	872000,	109000,	'17226ca7-2133-4304-add9-76e506f50c0e'),
('71dc1304-ba8d-4f11-b1b1-a8c17776eb0b',	'2026-01-24 15:41:38.018266',	'2026-01-24 15:41:38.018283',	CONVERT(b'0', UNSIGNED),	'9e28fad0-66a4-4d3a-8e37-f95f712d718c',	1,	'efb5c7fe-4462-4c4b-92b0-f46c28db7ba9',	10000,	10000,	'cc13627b-2879-4aaa-b39f-839e5fa04ba3'),
('79673b52-231a-469b-a426-8ae80d65574f',	'2026-01-25 18:10:37.980972',	'2026-01-25 18:10:37.980972',	CONVERT(b'0', UNSIGNED),	'8659c215-ee16-4768-a139-fcd1a25112a9',	21,	'7f6c607c-ab2c-4995-a745-41dafd7459a3',	4200000,	200000,	'c0d85b03-6ea2-4423-a31a-befb5e71439d'),
('910c16cf-4f9d-41b9-a574-6a7e9e4e380f',	'2026-01-24 18:13:16.030643',	'2026-01-24 18:13:16.030664',	CONVERT(b'0', UNSIGNED),	'c709fdb1-9747-4f41-85fa-96dfa4e4fa39',	3,	'ba0f2d5c-703e-4a04-bdc2-3f2cc3919caa',	300000,	100000,	'65a35fd6-9c18-448c-91b7-1f5581b10d12'),
('92093911-0756-487a-9763-ea5aef0713a7',	'2026-01-25 18:19:57.362363',	'2026-01-25 18:19:57.362363',	CONVERT(b'1', UNSIGNED),	'701565a6-3c0b-4c55-90a9-7835c531f37f',	1,	'b1db3080-7b1d-44b1-b47e-591ec786b547',	100000,	100000,	'892aa026-c676-466c-8ebb-94cb1c901861'),
('a303805f-c97d-4ef3-b11f-cb0bbce00ae1',	'2026-01-25 15:55:05.589369',	'2026-01-25 15:55:05.589369',	CONVERT(b'0', UNSIGNED),	'8659c215-ee16-4768-a139-fcd1a25112a9',	7,	'7f6c607c-ab2c-4995-a745-41dafd7459a3',	1400000,	200000,	'4b7a5575-af5f-422d-9eba-abee07757615'),
('a56c912c-2299-446b-bfbc-288f669c25e3',	'2026-01-25 16:47:16.379235',	'2026-01-25 16:47:16.379235',	CONVERT(b'0', UNSIGNED),	'05495c60-7d2e-434b-b886-c99bcaf8962d',	1,	'd378c686-4625-4aa3-98c2-fe7e7889b2d3',	218000,	218000,	'17bc4e2f-ff93-4f2d-bfc9-a5e2242584bb'),
('a7736551-b067-4fb3-8087-58516d82c10f',	'2026-01-25 16:44:41.529546',	'2026-01-25 16:44:41.529546',	CONVERT(b'0', UNSIGNED),	'9e28fad0-66a4-4d3a-8e37-f95f712d718c',	1,	'efb5c7fe-4462-4c4b-92b0-f46c28db7ba9',	10000,	10000,	'7f14ecd9-68be-4be6-9374-e7726b09df2d'),
('aae7b59a-67ed-4429-ba22-4d1e0fde0373',	'2026-01-25 15:55:31.208556',	'2026-01-25 15:55:31.208556',	CONVERT(b'0', UNSIGNED),	'8c229dbf-18a3-4e17-9fe7-cefe51a06add',	10,	'a8280930-1b0b-428e-972c-45e113826f5d',	5500000,	550000,	'9ca71d4f-a557-4d8d-abd3-0082da81993d'),
('adc8d1d9-34ad-40b5-ad81-fbe0c74ea38e',	'2026-01-25 18:08:38.544313',	'2026-01-25 18:08:38.544313',	CONVERT(b'0', UNSIGNED),	'05495c60-7d2e-434b-b886-c99bcaf8962d',	2,	'd378c686-4625-4aa3-98c2-fe7e7889b2d3',	436000,	218000,	'75945a03-171b-4b78-86a6-50d005e66b64'),
('caea69bb-b8fa-4347-a6c4-2ef51b59ba47',	'2026-01-25 13:38:17.427834',	'2026-01-25 13:38:17.427846',	CONVERT(b'0', UNSIGNED),	'9e28fad0-66a4-4d3a-8e37-f95f712d718c',	4,	'a1231495-10dd-40f9-9066-9cedb316cc4c',	40000,	10000,	'abad1eb9-77f3-4a93-ab8f-b786fb908031'),
('cdaa3b6b-c400-4551-b307-da8eb708235c',	'2026-01-25 18:31:01.673889',	'2026-01-25 18:31:01.673889',	CONVERT(b'0', UNSIGNED),	'8659c215-ee16-4768-a139-fcd1a25112a9',	5,	'7f6c607c-ab2c-4995-a745-41dafd7459a3',	1000000,	200000,	'ef9fabbe-8f4f-4f53-8904-84974c0081e0'),
('d47b1b4d-dc15-44ee-b41a-3e7b8c1a5e9d',	'2026-01-25 13:58:01.616683',	'2026-01-25 13:58:01.616704',	CONVERT(b'0', UNSIGNED),	'd9cfbdd4-f9b1-4565-bb0e-ae54cf999bd5',	10,	'b2c7aae2-bae0-42be-9dc8-4ea8d868ec12',	2000000,	200000,	'9c2c1434-cc1d-4889-b306-91c468bc78b4'),
('d9adfb12-289d-4bfb-a6b3-40b28c0f8088',	'2026-01-24 18:13:25.903238',	'2026-01-24 18:13:25.903266',	CONVERT(b'0', UNSIGNED),	'c709fdb1-9747-4f41-85fa-96dfa4e4fa39',	3,	'ba0f2d5c-703e-4a04-bdc2-3f2cc3919caa',	300000,	100000,	'cbc58620-c796-45ec-a2f4-b328646148b6'),
('e2826b08-484b-4b0b-990c-8eece4d3788f',	'2026-01-25 17:56:22.685275',	'2026-01-25 17:56:22.685275',	CONVERT(b'0', UNSIGNED),	'05495c60-7d2e-434b-b886-c99bcaf8962d',	1,	'd378c686-4625-4aa3-98c2-fe7e7889b2d3',	218000,	218000,	'ab8c2728-4a54-4703-a4a1-b40325efaf8a'),
('f42f1ccf-f078-4f55-b393-7ca921018c69',	'2026-01-25 15:55:17.885258',	'2026-01-25 15:55:17.885258',	CONVERT(b'0', UNSIGNED),	'05495c60-7d2e-434b-b886-c99bcaf8962d',	1,	'd378c686-4625-4aa3-98c2-fe7e7889b2d3',	218000,	218000,	'b6491f79-f86d-4451-b843-92b72e1e0595'),
('fb8774f3-5ed6-428b-947d-163d21f9bc51',	'2026-01-25 15:54:46.316162',	'2026-01-25 15:54:46.316162',	CONVERT(b'0', UNSIGNED),	'8659c215-ee16-4768-a139-fcd1a25112a9',	3,	'7f6c607c-ab2c-4995-a745-41dafd7459a3',	600000,	200000,	'54ce1cc9-ccd0-4eab-8814-130228f44da1'),
('fdb535e2-30d9-4c94-8aa6-b7d191e6403b',	'2026-01-25 16:44:41.540509',	'2026-01-25 16:44:41.540509',	CONVERT(b'0', UNSIGNED),	'05495c60-7d2e-434b-b886-c99bcaf8962d',	20,	'd378c686-4625-4aa3-98c2-fe7e7889b2d3',	4360000,	218000,	'505ec0d8-6eff-4b59-9223-1b2f2af86221'),
('ff067f03-377e-49c0-9153-1cf8f3074a07',	'2026-01-25 18:33:38.648079',	'2026-01-25 18:33:38.648079',	CONVERT(b'0', UNSIGNED),	'd9cfbdd4-f9b1-4565-bb0e-ae54cf999bd5',	1,	'b2c7aae2-bae0-42be-9dc8-4ea8d868ec12',	200000,	200000,	'c0a962a1-0ef5-45ba-9b53-3b12ea05d043');

INSERT INTO `orders` (`id`, `created_at`, `updated_at`, `address_id`, `cancel_reason`, `order_status`, `payment_method`, `recipient_name`, `recipient_phone`, `return_reason`, `shipping_fee`, `total_price`, `user_id`, `voucher_discount`, `voucher_id`, `coin_discount`, `coins_used`, `platform_voucher_code`, `platform_voucher_discount`) VALUES
('017de20a-4ee6-4598-8207-e432a6017c06',	'2026-01-25 18:58:15.812962',	'2026-01-25 13:35:40.731247',	'12f6a095-ce1c-4462-bebf-74f8883f956d',	'123',	'CANCELLED',	'COD',	NULL,	NULL,	NULL,	0.00,	400000,	'3af180f7-1b91-4780-8557-a11cf548ede5',	NULL,	NULL,	NULL,	NULL,	'KMS0-UC7O',	100000.00),
('14128702-3326-47e8-b2b0-833a26550a96',	'2026-01-25 18:49:43.444102',	'2026-01-25 18:49:43.444102',	'12f6a095-ce1c-4462-bebf-74f8883f956d',	NULL,	'PENDING',	'COD',	NULL,	NULL,	NULL,	0.00,	294001,	'3af180f7-1b91-4780-8557-a11cf548ede5',	NULL,	NULL,	5999.00,	5999,	NULL,	NULL),
('17226ca7-2133-4304-add9-76e506f50c0e',	'2026-01-25 18:12:11.326547',	'2026-01-25 18:13:50.264266',	'12f6a095-ce1c-4462-bebf-74f8883f956d',	'',	'CANCELLED',	'COD',	NULL,	NULL,	NULL,	48363.00,	1420363,	'3af180f7-1b91-4780-8557-a11cf548ede5',	NULL,	NULL,	NULL,	NULL,	NULL,	NULL),
('17bc4e2f-ff93-4f2d-bfc9-a5e2242584bb',	'2026-01-25 16:47:16.376090',	'2026-01-25 16:47:26.596799',	'12f6a095-ce1c-4462-bebf-74f8883f956d',	NULL,	'READY_TO_SHIP',	'COD',	NULL,	NULL,	NULL,	20500.00,	238500,	'3af180f7-1b91-4780-8557-a11cf548ede5',	NULL,	NULL,	NULL,	NULL,	NULL,	NULL),
('1db33b1c-a9e6-47e7-b355-9e401e27ad65',	'2026-01-24 15:54:02.149543',	'2026-01-25 16:46:29.583939',	'3b0558a6-060c-4b21-9d9b-e83bd1eaea4c',	NULL,	'READY_TO_SHIP',	'COD',	NULL,	NULL,	NULL,	20500.00,	620500,	'3412c965-0fd7-4d44-a069-6dafacf1ced1',	NULL,	NULL,	NULL,	NULL,	NULL,	NULL),
('396507fa-c8dd-4df6-a142-0de7beb32cfc',	'2026-01-25 18:15:04.118787',	'2026-01-25 18:18:14.184137',	'12f6a095-ce1c-4462-bebf-74f8883f956d',	'',	'CANCELLED',	'COD',	NULL,	NULL,	NULL,	39492.00,	2437492,	'3af180f7-1b91-4780-8557-a11cf548ede5',	NULL,	NULL,	NULL,	NULL,	NULL,	NULL),
('4b7a5575-af5f-422d-9eba-abee07757615',	'2026-01-25 15:55:05.588835',	'2026-01-25 16:46:29.699708',	'12f6a095-ce1c-4462-bebf-74f8883f956d',	NULL,	'READY_TO_SHIP',	'COD',	NULL,	NULL,	NULL,	39500.00,	1439500,	'3af180f7-1b91-4780-8557-a11cf548ede5',	NULL,	NULL,	NULL,	NULL,	NULL,	NULL),
('505ec0d8-6eff-4b59-9223-1b2f2af86221',	'2026-01-25 16:44:41.525814',	'2026-01-25 16:46:29.699708',	'12f6a095-ce1c-4462-bebf-74f8883f956d',	NULL,	'READY_TO_SHIP',	'COD',	NULL,	NULL,	NULL,	142305.00,	4502305,	'3af180f7-1b91-4780-8557-a11cf548ede5',	NULL,	NULL,	NULL,	NULL,	NULL,	NULL),
('54ce1cc9-ccd0-4eab-8814-130228f44da1',	'2026-01-25 15:54:46.252915',	'2026-01-25 16:46:29.639731',	'12f6a095-ce1c-4462-bebf-74f8883f956d',	NULL,	'READY_TO_SHIP',	'COD',	NULL,	NULL,	NULL,	20500.00,	620500,	'3af180f7-1b91-4780-8557-a11cf548ede5',	NULL,	NULL,	NULL,	NULL,	NULL,	NULL),
('65a35fd6-9c18-448c-91b7-1f5581b10d12',	'2026-01-24 18:13:16.002910',	'2026-01-24 18:13:34.819667',	'2d181e7f-fd7a-4b16-a711-b8956f60a6b4',	'',	'CANCELLED',	'COD',	NULL,	NULL,	NULL,	20500.00,	320500,	'8b01475b-a05a-41f7-a350-dfd1ce404b87',	NULL,	NULL,	NULL,	NULL,	NULL,	NULL),
('75945a03-171b-4b78-86a6-50d005e66b64',	'2026-01-25 18:08:38.542770',	'2026-01-25 18:18:22.410738',	'12f6a095-ce1c-4462-bebf-74f8883f956d',	'',	'CANCELLED',	'COD',	NULL,	NULL,	NULL,	0.00,	432500,	'3af180f7-1b91-4780-8557-a11cf548ede5',	NULL,	NULL,	3500.00,	3500,	NULL,	NULL),
('7dc079f5-f183-403e-a8a9-ae2e26aab3a8',	'2026-01-25 18:36:33.714107',	'2026-01-25 18:36:37.062529',	'12f6a095-ce1c-4462-bebf-74f8883f956d',	'',	'CANCELLED',	'COD',	NULL,	NULL,	NULL,	100503.00,	3100503,	'3af180f7-1b91-4780-8557-a11cf548ede5',	NULL,	NULL,	NULL,	NULL,	NULL,	NULL),
('7f14ecd9-68be-4be6-9374-e7726b09df2d',	'2026-01-25 16:44:41.506559',	'2026-01-25 16:44:41.507074',	'12f6a095-ce1c-4462-bebf-74f8883f956d',	NULL,	'PENDING',	'COD',	NULL,	NULL,	NULL,	21600.00,	31600,	'3af180f7-1b91-4780-8557-a11cf548ede5',	NULL,	NULL,	NULL,	NULL,	NULL,	NULL),
('892aa026-c676-466c-8ebb-94cb1c901861',	'2026-01-25 18:19:57.353532',	'2026-01-25 18:30:28.812669',	'12f6a095-ce1c-4462-bebf-74f8883f956d',	'',	'CANCELLED',	'COD',	NULL,	NULL,	NULL,	0.00,	100000,	'3af180f7-1b91-4780-8557-a11cf548ede5',	NULL,	NULL,	NULL,	NULL,	NULL,	NULL),
('8e9e1f02-f435-47ca-8f2f-7c7f437c1fb3',	'2026-01-25 18:50:47.968986',	'2026-01-25 18:57:40.442013',	'12f6a095-ce1c-4462-bebf-74f8883f956d',	'',	'CANCELLED',	'COD',	NULL,	NULL,	NULL,	0.00,	750000,	'3af180f7-1b91-4780-8557-a11cf548ede5',	NULL,	NULL,	NULL,	NULL,	NULL,	NULL),
('9484f37e-da1e-4f5b-b161-35bda74bb2d3',	'2026-01-24 15:41:38.017745',	'2026-01-24 15:43:21.343707',	'3b0558a6-060c-4b21-9d9b-e83bd1eaea4c',	NULL,	'COMPLETED',	'VNPAY',	NULL,	NULL,	NULL,	20500.00,	120500,	'3412c965-0fd7-4d44-a069-6dafacf1ced1',	NULL,	NULL,	NULL,	NULL,	NULL,	NULL),
('9c2c1434-cc1d-4889-b306-91c468bc78b4',	'2026-01-25 13:58:01.607187',	'2026-01-25 13:58:41.097353',	'3984cbda-b59b-4543-9a8e-fadcb1c777dc',	NULL,	'READY_TO_SHIP',	'COD',	NULL,	NULL,	NULL,	30000.00,	2030000,	'064c7d5f-75b9-460e-acf7-f486c4a0c406',	NULL,	NULL,	NULL,	NULL,	NULL,	NULL),
('9ca71d4f-a557-4d8d-abd3-0082da81993d',	'2026-01-25 15:55:31.207505',	'2026-01-25 16:46:29.583939',	'12f6a095-ce1c-4462-bebf-74f8883f956d',	NULL,	'READY_TO_SHIP',	'COD',	NULL,	NULL,	NULL,	78001.00,	5578001,	'3af180f7-1b91-4780-8557-a11cf548ede5',	NULL,	NULL,	NULL,	NULL,	NULL,	NULL),
('ab8c2728-4a54-4703-a4a1-b40325efaf8a',	'2026-01-25 17:56:22.672757',	'2026-01-25 18:18:30.733481',	'12f6a095-ce1c-4462-bebf-74f8883f956d',	'',	'CANCELLED',	'COD',	NULL,	NULL,	NULL,	20500.00,	238105,	'3af180f7-1b91-4780-8557-a11cf548ede5',	NULL,	NULL,	395.00,	395,	NULL,	NULL),
('abad1eb9-77f3-4a93-ab8f-b786fb908031',	'2026-01-25 13:38:17.427099',	'2026-01-25 13:43:20.787361',	'8ccdffeb-bd05-4c7b-8a3d-6bef3cf74384',	NULL,	'READY_TO_SHIP',	'COD',	NULL,	NULL,	NULL,	30000.00,	70000,	'c03a55ff-d9dc-40bf-953d-1d651bd3d4f5',	NULL,	NULL,	NULL,	NULL,	NULL,	NULL),
('b6491f79-f86d-4451-b843-92b72e1e0595',	'2026-01-25 15:55:17.883428',	'2026-01-25 16:46:29.719008',	'12f6a095-ce1c-4462-bebf-74f8883f956d',	NULL,	'READY_TO_SHIP',	'COD',	NULL,	NULL,	NULL,	20500.00,	238500,	'3af180f7-1b91-4780-8557-a11cf548ede5',	NULL,	NULL,	NULL,	NULL,	NULL,	NULL),
('b9394def-4093-4f8f-9997-3a69d2900a60',	'2026-01-25 18:48:20.119533',	'2026-01-25 18:48:36.352340',	'12f6a095-ce1c-4462-bebf-74f8883f956d',	'',	'CANCELLED',	'COD',	NULL,	NULL,	NULL,	0.00,	294001,	'3af180f7-1b91-4780-8557-a11cf548ede5',	NULL,	NULL,	5999.00,	5999,	NULL,	NULL),
('bbe647f6-4df2-485a-94b4-32e0bd6f3056',	'2026-01-25 18:16:30.760181',	'2026-01-25 18:18:11.616713',	'12f6a095-ce1c-4462-bebf-74f8883f956d',	'',	'CANCELLED',	'COD',	NULL,	NULL,	NULL,	30501.00,	1970502,	'3af180f7-1b91-4780-8557-a11cf548ede5',	NULL,	NULL,	59999.00,	59999,	NULL,	NULL),
('c0a962a1-0ef5-45ba-9b53-3b12ea05d043',	'2026-01-25 18:33:38.644951',	'2026-01-25 18:34:26.388920',	'12f6a095-ce1c-4462-bebf-74f8883f956d',	'',	'CANCELLED',	'COD',	NULL,	NULL,	NULL,	21600.00,	221600,	'3af180f7-1b91-4780-8557-a11cf548ede5',	NULL,	NULL,	NULL,	NULL,	NULL,	NULL),
('c0d85b03-6ea2-4423-a31a-befb5e71439d',	'2026-01-25 18:10:37.976270',	'2026-01-25 18:18:18.477811',	'12f6a095-ce1c-4462-bebf-74f8883f956d',	'',	'CANCELLED',	'COD',	NULL,	NULL,	NULL,	176259.00,	6126259,	'3af180f7-1b91-4780-8557-a11cf548ede5',	NULL,	NULL,	NULL,	NULL,	NULL,	NULL),
('cbc58620-c796-45ec-a2f4-b328646148b6',	'2026-01-24 18:13:25.902058',	'2026-01-24 18:13:32.755562',	'2d181e7f-fd7a-4b16-a711-b8956f60a6b4',	'',	'CANCELLED',	'COD',	NULL,	NULL,	NULL,	20500.00,	320500,	'8b01475b-a05a-41f7-a350-dfd1ce404b87',	NULL,	NULL,	NULL,	NULL,	NULL,	NULL),
('cc13627b-2879-4aaa-b39f-839e5fa04ba3',	'2026-01-24 15:41:37.897114',	'2026-01-24 15:41:38.107265',	'3b0558a6-060c-4b21-9d9b-e83bd1eaea4c',	NULL,	'PENDING',	'VNPAY',	NULL,	NULL,	NULL,	21600.00,	31600,	'3412c965-0fd7-4d44-a069-6dafacf1ced1',	NULL,	NULL,	NULL,	NULL,	NULL,	NULL),
('d0918fc1-413d-4f44-8db3-3583913609f7',	'2026-01-25 19:27:45.528378',	'2026-01-25 19:28:18.514604',	'12f6a095-ce1c-4462-bebf-74f8883f956d',	NULL,	'READY_TO_SHIP',	'COD',	NULL,	NULL,	NULL,	0.00,	290445,	'3af180f7-1b91-4780-8557-a11cf548ede5',	NULL,	NULL,	154555.00,	154555,	'KMS0-UC7O',	100000.00),
('deec3e8e-25d1-41f4-88de-2c947f5f58d4',	'2026-01-25 13:35:28.621928',	'2026-01-25 13:35:28.621972',	'12f6a095-ce1c-4462-bebf-74f8883f956d',	NULL,	'PENDING',	'COD',	NULL,	NULL,	NULL,	0.00,	199900,	'3af180f7-1b91-4780-8557-a11cf548ede5',	NULL,	NULL,	100.00,	100,	NULL,	NULL),
('ef9fabbe-8f4f-4f53-8904-84974c0081e0',	'2026-01-25 18:31:01.666552',	'2026-01-25 18:31:45.290079',	'12f6a095-ce1c-4462-bebf-74f8883f956d',	'',	'CANCELLED',	'COD',	NULL,	NULL,	NULL,	0.00,	1000000,	'3af180f7-1b91-4780-8557-a11cf548ede5',	NULL,	NULL,	NULL,	NULL,	NULL,	NULL),
('ord-susp-01-1',	'2026-01-25 09:07:39.000000',	'2026-01-25 09:07:39.000000',	'addr-u1',	NULL,	'CANCELLED',	NULL,	NULL,	NULL,	NULL,	NULL,	5000000,	'a0b1c2d3-0001-4444-8888-000000000001',	NULL,	NULL,	NULL,	NULL,	NULL,	NULL),
('ord-susp-01-2',	'2026-01-25 09:07:39.000000',	'2026-01-25 09:07:39.000000',	'addr-u2',	NULL,	'CANCELLED',	NULL,	NULL,	NULL,	NULL,	NULL,	5000000,	'a0b1c2d3-0002-4444-8888-000000000002',	NULL,	NULL,	NULL,	NULL,	NULL,	NULL),
('ord-susp-01-3',	'2026-01-25 09:07:39.000000',	'2026-01-25 09:07:39.000000',	'addr-u3',	NULL,	'CANCELLED',	NULL,	NULL,	NULL,	NULL,	NULL,	5000000,	'a0b1c2d3-0003-4444-8888-000000000003',	NULL,	NULL,	NULL,	NULL,	NULL,	NULL),
('ord-susp-01-4',	'2026-01-25 09:07:39.000000',	'2026-01-25 09:07:39.000000',	'addr-u4',	NULL,	'CANCELLED',	NULL,	NULL,	NULL,	NULL,	NULL,	5000000,	'a0b1c2d3-0004-4444-8888-000000000004',	NULL,	NULL,	NULL,	NULL,	NULL,	NULL),
('ord-susp-01-5',	'2026-01-25 09:07:39.000000',	'2026-01-25 09:07:39.000000',	'addr-u5',	NULL,	'CANCELLED',	NULL,	NULL,	NULL,	NULL,	NULL,	5000000,	'a0b1c2d3-0005-4444-8888-000000000005',	NULL,	NULL,	NULL,	NULL,	NULL,	NULL),
('ord-susp-01-6',	'2026-01-25 09:07:39.000000',	'2026-01-25 09:07:39.000000',	'addr-u1',	NULL,	'DELIVERED',	NULL,	NULL,	NULL,	NULL,	NULL,	5000000,	'a0b1c2d3-0001-4444-8888-000000000001',	NULL,	NULL,	NULL,	NULL,	NULL,	NULL),
('ord-susp-02-1',	'2026-01-25 09:07:39.000000',	'2026-01-25 09:07:39.000000',	'addr-u1',	NULL,	'CANCELLED',	NULL,	NULL,	NULL,	NULL,	NULL,	3000000,	'a0b1c2d3-0001-4444-8888-000000000001',	NULL,	NULL,	NULL,	NULL,	NULL,	NULL),
('ord-susp-02-10',	'2026-01-25 09:07:39.000000',	'2026-01-25 09:07:39.000000',	'addr-u1',	NULL,	'DELIVERED',	NULL,	NULL,	NULL,	NULL,	NULL,	3000000,	'a0b1c2d3-0001-4444-8888-000000000001',	NULL,	NULL,	NULL,	NULL,	NULL,	NULL),
('ord-susp-02-2',	'2026-01-25 09:07:39.000000',	'2026-01-25 09:07:39.000000',	'addr-u1',	NULL,	'CANCELLED',	NULL,	NULL,	NULL,	NULL,	NULL,	3000000,	'a0b1c2d3-0001-4444-8888-000000000001',	NULL,	NULL,	NULL,	NULL,	NULL,	NULL),
('ord-susp-02-3',	'2026-01-25 09:07:39.000000',	'2026-01-25 09:07:39.000000',	'addr-u1',	NULL,	'CANCELLED',	NULL,	NULL,	NULL,	NULL,	NULL,	3000000,	'a0b1c2d3-0001-4444-8888-000000000001',	NULL,	NULL,	NULL,	NULL,	NULL,	NULL),
('ord-susp-02-4',	'2026-01-25 09:07:39.000000',	'2026-01-25 09:07:39.000000',	'addr-u1',	NULL,	'CANCELLED',	NULL,	NULL,	NULL,	NULL,	NULL,	3000000,	'a0b1c2d3-0001-4444-8888-000000000001',	NULL,	NULL,	NULL,	NULL,	NULL,	NULL),
('ord-susp-02-5',	'2026-01-25 09:07:39.000000',	'2026-01-25 09:07:39.000000',	'addr-u1',	NULL,	'CANCELLED',	NULL,	NULL,	NULL,	NULL,	NULL,	3000000,	'a0b1c2d3-0001-4444-8888-000000000001',	NULL,	NULL,	NULL,	NULL,	NULL,	NULL),
('ord-susp-02-6',	'2026-01-25 09:07:39.000000',	'2026-01-25 09:07:39.000000',	'addr-u1',	NULL,	'CANCELLED',	NULL,	NULL,	NULL,	NULL,	NULL,	3000000,	'a0b1c2d3-0001-4444-8888-000000000001',	NULL,	NULL,	NULL,	NULL,	NULL,	NULL),
('ord-susp-02-7',	'2026-01-25 09:07:39.000000',	'2026-01-25 09:07:39.000000',	'addr-u1',	NULL,	'CANCELLED',	NULL,	NULL,	NULL,	NULL,	NULL,	3000000,	'a0b1c2d3-0001-4444-8888-000000000001',	NULL,	NULL,	NULL,	NULL,	NULL,	NULL),
('ord-susp-02-8',	'2026-01-25 09:07:39.000000',	'2026-01-25 09:07:39.000000',	'addr-u1',	NULL,	'CANCELLED',	NULL,	NULL,	NULL,	NULL,	NULL,	3000000,	'a0b1c2d3-0001-4444-8888-000000000001',	NULL,	NULL,	NULL,	NULL,	NULL,	NULL),
('ord-susp-02-9',	'2026-01-25 09:07:39.000000',	'2026-01-25 09:07:39.000000',	'addr-u1',	NULL,	'CANCELLED',	NULL,	NULL,	NULL,	NULL,	NULL,	3000000,	'a0b1c2d3-0001-4444-8888-000000000001',	NULL,	NULL,	NULL,	NULL,	NULL,	NULL),
('ord-susp-03-1',	'2026-01-25 09:07:39.000000',	'2026-01-25 09:07:39.000000',	'addr-u1',	NULL,	'DELIVERED',	NULL,	NULL,	NULL,	NULL,	NULL,	50000,	'a0b1c2d3-0001-4444-8888-000000000001',	NULL,	NULL,	NULL,	NULL,	NULL,	NULL),
('ord-susp-03-2',	'2026-01-25 09:07:39.000000',	'2026-01-25 09:07:39.000000',	'addr-u1',	NULL,	'DELIVERED',	NULL,	NULL,	NULL,	NULL,	NULL,	50000,	'a0b1c2d3-0001-4444-8888-000000000001',	NULL,	NULL,	NULL,	NULL,	NULL,	NULL),
('ord-susp-03-3',	'2026-01-25 09:07:39.000000',	'2026-01-25 09:07:39.000000',	'addr-u1',	NULL,	'DELIVERED',	NULL,	NULL,	NULL,	NULL,	NULL,	50000,	'a0b1c2d3-0001-4444-8888-000000000001',	NULL,	NULL,	NULL,	NULL,	NULL,	NULL),
('ord-susp-03-4',	'2026-01-25 09:07:39.000000',	'2026-01-25 09:07:39.000000',	'addr-u1',	NULL,	'DELIVERED',	NULL,	NULL,	NULL,	NULL,	NULL,	50000,	'a0b1c2d3-0001-4444-8888-000000000001',	NULL,	NULL,	NULL,	NULL,	NULL,	NULL),
('ord-susp-03-5',	'2026-01-25 09:07:39.000000',	'2026-01-25 09:07:39.000000',	'addr-u1',	NULL,	'DELIVERED',	NULL,	NULL,	NULL,	NULL,	NULL,	50000,	'a0b1c2d3-0001-4444-8888-000000000001',	NULL,	NULL,	NULL,	NULL,	NULL,	NULL),
('ord-susp-03-6',	'2026-01-25 09:07:39.000000',	'2026-01-25 09:07:39.000000',	'addr-u1',	NULL,	'DELIVERED',	NULL,	NULL,	NULL,	NULL,	NULL,	50000,	'a0b1c2d3-0001-4444-8888-000000000001',	NULL,	NULL,	NULL,	NULL,	NULL,	NULL),
('ord-susp-04-1',	'2026-01-05 09:07:39.000000',	'2026-01-07 09:07:39.000000',	'addr-u2',	NULL,	'DELIVERED',	NULL,	NULL,	NULL,	NULL,	NULL,	1000000,	'a0b1c2d3-0002-4444-8888-000000000002',	NULL,	NULL,	NULL,	NULL,	NULL,	NULL),
('ord-susp-05-1',	'2026-01-20 09:07:39.000000',	'2026-01-21 09:07:39.000000',	'addr-u2',	NULL,	'DELIVERED',	NULL,	NULL,	NULL,	NULL,	NULL,	2000,	'a0b1c2d3-0002-4444-8888-000000000002',	NULL,	NULL,	NULL,	NULL,	NULL,	NULL);

INSERT INTO `payments` (`id`, `amount`, `bank_code`, `card_type`, `created_at`, `currency`, `gateway_txn_no`, `message`, `method`, `order_data`, `order_id`, `payment_url`, `raw_callback`, `response_code`, `return_url`, `status`, `txn_ref`, `updated_at`) VALUES
('3a3ed6e3-0864-4912-a8e3-6469911745a9',	152100.00,	'NCB',	'ATM',	'2026-01-24 15:41:07.773193',	'VND',	'15409734',	NULL,	'VNPAY',	'{\"userId\":\"3412c965-0fd7-4d44-a069-6dafacf1ced1\",\"addressId\":\"3b0558a6-060c-4b21-9d9b-e83bd1eaea4c\",\"shippingFee\":42100,\"shopShippingFees\":{\"064c7d5f-75b9-460e-acf7-f486c4a0c406\":21600,\"3af180f7-1b91-4780-8557-a11cf548ede5\":20500},\"voucherId\":null,\"voucherDiscount\":0,\"tempOrderId\":\"temp_3412c965-0fd7-4d44-a069-6dafacf1ced1_1769269263652\",\"selectedItems\":[{\"productId\":\"9e28fad0-66a4-4d3a-8e37-f95f712d718c\",\"sizeId\":\"efb5c7fe-4462-4c4b-92b0-f46c28db7ba9\",\"quantity\":1,\"unitPrice\":10000,\"isFlashSale\":false,\"shopOwnerId\":\"064c7d5f-75b9-460e-acf7-f486c4a0c406\"},{\"productId\":\"c709fdb1-9747-4f41-85fa-96dfa4e4fa39\",\"sizeId\":\"ba0f2d5c-703e-4a04-bdc2-3f2cc3919caa\",\"quantity\":1,\"unitPrice\":100000,\"isFlashSale\":false,\"shopOwnerId\":\"3af180f7-1b91-4780-8557-a11cf548ede5\"}]}',	'cc13627b-2879-4aaa-b39f-839e5fa04ba3',	'https://sandbox.vnpayment.vn/paymentv2/vpcpay.html?vnp_Amount=15210000&vnp_Command=pay&vnp_CreateDate=20260124224107&vnp_CurrCode=VND&vnp_ExpireDate=20260124225607&vnp_IpAddr=2405%3A4802%3Aa6bb%3Ac950%3Ac82e%3A5409%3A64cf%3A5723&vnp_Locale=vn&vnp_OrderInfo=Checkout+Orders&vnp_OrderType=other&vnp_ReturnUrl=http%3A%2F%2Flocalhost%2Fpayment%2Fvnpay%2Freturn&vnp_TmnCode=OCFVVWW0&vnp_TxnRef=972416132743&vnp_Version=2.1.0&vnp_SecureHash=330ecf271b524854aa0064748035b01d61d3173fec79f26b806fdfde38fda6b384464ae15aba595b62cfe4bb53c3690afaaf0f8379beb40c1763a71ef0c5c4c0',	'{\"vnp_BankCode\":\"NCB\",\"vnp_PayDate\":\"20260124224130\",\"vnp_TransactionNo\":\"15409734\",\"vnp_TmnCode\":\"OCFVVWW0\",\"vnp_SecureHash\":\"2803d1ae03e308313affc056184a4127252c475fa4a521f9acc4bd357c27a13ca4a15fc4daf9f6385a2c2e26a27e8fdbcdaabe55dbbe56e4a8e3f02f18077a4a\",\"vnp_OrderInfo\":\"Checkout Orders\",\"vnp_TxnRef\":\"972416132743\",\"vnp_Amount\":\"15210000\",\"vnp_CardType\":\"ATM\",\"vnp_TransactionStatus\":\"00\",\"vnp_BankTranNo\":\"VNP15409734\",\"vnp_ResponseCode\":\"00\"}',	'00',	'http://localhost/payment/vnpay/return',	'PAID',	'972416132743',	'2026-01-24 15:41:37.752264'),
('fbeff55d-1b89-4564-acf9-caa882829b05',	170500.00,	NULL,	NULL,	'2026-01-24 18:13:59.860405',	'VND',	NULL,	NULL,	'MOMO',	'{\"userId\":\"8b01475b-a05a-41f7-a350-dfd1ce404b87\",\"addressId\":\"2d181e7f-fd7a-4b16-a711-b8956f60a6b4\",\"shippingFee\":20500,\"shopShippingFees\":{\"3af180f7-1b91-4780-8557-a11cf548ede5\":20500},\"voucherId\":null,\"voucherDiscount\":0,\"tempOrderId\":\"temp_8b01475b-a05a-41f7-a350-dfd1ce404b87_1769278435386\",\"selectedItems\":[{\"productId\":\"ae641784-d4ce-4c68-8880-515f2178158c\",\"sizeId\":\"2bd5b0d9-7e09-49eb-944e-a805079fafc1\",\"quantity\":1,\"unitPrice\":150000,\"isFlashSale\":true,\"shopOwnerId\":\"3af180f7-1b91-4780-8557-a11cf548ede5\"}]}',	NULL,	'https://test-payment.momo.vn/v2/gateway/pay?t=TU9NT3xPUkRFUl8xNzY5Mjc4NDM4ODc2&s=fef86e2cfbb740bdea4dc22950b7a2511e41965615b47e226cf5702bdb32e6a7',	NULL,	NULL,	'https://impactive-pteridological-sherron.ngrok-free.dev/payment/momo/return',	'PENDING',	'ORDER_1769278438876',	'2026-01-24 18:13:59.861085');


INSERT INTO `platform_vouchers` (`id`, `created_at`, `updated_at`, `code`, `description`, `discount_type`, `discount_value`, `end_at`, `max_discount_amount`, `min_order_value`, `quantity_total`, `quantity_used`, `start_at`, `status`, `title`) VALUES
('2cdcd416-a342-4da4-bfc0-cac712724600',	'2026-01-23 06:14:29.778200',	'2026-01-23 06:14:29.778770',	'KMS0-UC7O',	'Sale tết 20%',	'PERCENT',	20.00,	'2026-01-24 23:59:59.000000',	100000.00,	97000.00,	10,	0,	'2026-01-22 00:00:00.000000',	'ACTIVE',	'Sale tết 20%');

INSERT INTO `product_analytics` (`product_id`, `cart_count`, `conversion_rate`, `created_at`, `last_viewed_at`, `purchase_count`, `shop_id`, `unique_viewers`, `updated_at`, `view_count`) VALUES
('05495c60-7d2e-434b-b886-c99bcaf8962d',	1,	17.647058823529413,	'2026-01-23 05:52:36.544254',	'2026-01-25 13:36:59.727589',	6,	'3af180f7-1b91-4780-8557-a11cf548ede5',	0,	'2026-01-25 13:36:59.727796',	34),
('19e3628f-bb38-45e3-a7a7-72b914792e12',	0,	0,	'2026-01-23 05:53:01.839159',	'2026-01-25 13:48:25.389573',	0,	'3af180f7-1b91-4780-8557-a11cf548ede5',	0,	'2026-01-25 13:48:25.389790',	9),
('38eaf7a8-f9cd-11f0-b554-520e5bbb2950',	1,	0,	'2026-01-25 18:32:19.063931',	'2026-01-25 18:32:30.452655',	0,	's1o2c3d4-0001-5555-aaaa-000000000001',	0,	'2026-01-25 18:32:30.453929',	3),
('38ef5a34-f9cd-11f0-b554-520e5bbb2950',	0,	0,	'2026-01-25 18:46:36.033252',	'2026-01-25 18:46:37.993410',	0,	's1o2c3d4-0002-5555-aaaa-000000000002',	0,	'2026-01-25 18:46:37.993916',	2),
('38ef5ceb-f9cd-11f0-b554-520e5bbb2950',	0,	0,	'2026-01-25 18:32:36.950318',	'2026-01-25 18:32:38.455717',	0,	's1o2c3d4-0002-5555-aaaa-000000000002',	0,	'2026-01-25 18:32:38.455717',	2),
('701565a6-3c0b-4c55-90a9-7835c531f37f',	0,	13.333333333333334,	'2026-01-23 05:52:48.612448',	'2026-01-25 13:34:24.472379',	4,	'3af180f7-1b91-4780-8557-a11cf548ede5',	0,	'2026-01-25 13:35:28.604130',	30),
('8659c215-ee16-4768-a139-fcd1a25112a9',	2,	17.24137931034483,	'2026-01-23 02:16:40.504360',	'2026-01-25 18:18:43.860434',	5,	'3af180f7-1b91-4780-8557-a11cf548ede5',	0,	'2026-01-25 18:31:01.506442',	29),
('8c229dbf-18a3-4e17-9fe7-cefe51a06add',	0,	15.384615384615385,	'2026-01-23 05:52:39.594077',	'2026-01-25 18:09:55.060660',	2,	'3af180f7-1b91-4780-8557-a11cf548ede5',	0,	'2026-01-25 18:10:37.868659',	13),
('9e28fad0-66a4-4d3a-8e37-f95f712d718c',	0,	5,	'2026-01-23 02:00:13.850642',	'2026-01-25 13:37:37.134827',	2,	'064c7d5f-75b9-460e-acf7-f486c4a0c406',	0,	'2026-01-25 13:38:17.469517',	40),
('ae641784-d4ce-4c68-8880-515f2178158c',	1,	8.333333333333334,	'2026-01-23 05:52:50.534302',	'2026-01-25 18:50:25.917044',	2,	'3af180f7-1b91-4780-8557-a11cf548ede5',	0,	'2026-01-25 18:50:47.926722',	24),
('c709fdb1-9747-4f41-85fa-96dfa4e4fa39',	0,	5.128205128205129,	'2026-01-23 02:16:42.884294',	'2026-01-25 13:30:55.610922',	2,	'3af180f7-1b91-4780-8557-a11cf548ede5',	0,	'2026-01-25 13:30:55.611267',	39),
('d9cfbdd4-f9b1-4565-bb0e-ae54cf999bd5',	0,	50,	'2026-01-25 18:32:39.272864',	'2026-01-25 13:57:32.283286',	3,	'064c7d5f-75b9-460e-acf7-f486c4a0c406',	0,	'2026-01-25 13:57:59.786413',	6),
('f4ce5ab1-6910-4cb9-90f8-c65c4a42d72c',	1,	30.76923076923077,	'2026-01-24 14:54:17.229088',	'2026-01-25 13:34:53.802713',	4,	'3af180f7-1b91-4780-8557-a11cf548ede5',	0,	'2026-01-25 13:34:53.802981',	13);

INSERT INTO `product_images` (`product_id`, `image_id`) VALUES
('c709fdb1-9747-4f41-85fa-96dfa4e4fa39',	'18060616-93b4-498d-95cf-d8e4d89fa56d'),
('c709fdb1-9747-4f41-85fa-96dfa4e4fa39',	'8483b886-6393-4284-bb20-bfc7d157640a'),
('c709fdb1-9747-4f41-85fa-96dfa4e4fa39',	'5651e3c7-dc8c-4f03-b117-a770f8418bcb'),
('c709fdb1-9747-4f41-85fa-96dfa4e4fa39',	'427eb03f-100d-4d24-8224-128077e27ffb'),
('8659c215-ee16-4768-a139-fcd1a25112a9',	'5e99e931-633f-42d4-bbcd-cebc6d30b008'),
('8659c215-ee16-4768-a139-fcd1a25112a9',	'55b9c16f-f012-4c9c-a527-6a1323c5229b'),
('8659c215-ee16-4768-a139-fcd1a25112a9',	'6046cfe6-d576-4797-8a9d-cfae586b54e7'),
('8659c215-ee16-4768-a139-fcd1a25112a9',	'7bd2dde4-59c4-4d0b-aad3-fd5fd02facef'),
('8659c215-ee16-4768-a139-fcd1a25112a9',	'77e57042-3488-4fa9-b918-831b42ebd3bd'),
('8659c215-ee16-4768-a139-fcd1a25112a9',	'c94e18c4-83d3-4437-a1e1-a69eaa2266f9'),
('f4ce5ab1-6910-4cb9-90f8-c65c4a42d72c',	'82d97434-4185-4362-a609-5e082b8d5227'),
('f4ce5ab1-6910-4cb9-90f8-c65c4a42d72c',	'c3070106-2ed5-4f40-b732-591f8d339e89'),
('f4ce5ab1-6910-4cb9-90f8-c65c4a42d72c',	'b4132e6c-e57c-4fc7-8b76-545ee83076fb'),
('701565a6-3c0b-4c55-90a9-7835c531f37f',	'd9a55eaf-2a4f-433a-a067-ed9bbdf3bb5f'),
('701565a6-3c0b-4c55-90a9-7835c531f37f',	'ced119e3-025c-420b-890c-e74bb34b1105'),
('701565a6-3c0b-4c55-90a9-7835c531f37f',	'9f4ed542-abc2-4a13-af0a-f71c03a46833'),
('ae641784-d4ce-4c68-8880-515f2178158c',	'32608ba2-e79e-459a-8848-928d38493b4f'),
('05495c60-7d2e-434b-b886-c99bcaf8962d',	'20089c93-09a8-4faf-9566-382212d0fa96'),
('8c229dbf-18a3-4e17-9fe7-cefe51a06add',	'436ee35e-9009-48cc-a144-35815240dab2'),
('19e3628f-bb38-45e3-a7a7-72b914792e12',	'73472877-539d-453b-a58b-8eee03b62e5f'),
('19e3628f-bb38-45e3-a7a7-72b914792e12',	'67d502b8-2292-418f-8fde-4459bfe0a6a4'),
('19e3628f-bb38-45e3-a7a7-72b914792e12',	'4017e732-2256-4095-b1df-34416760a799'),
('f4b2f0aa-c70e-4b5c-9f68-4e7c4a65ec87',	'7ebfac0b-439b-4026-bf7d-8ffd6008538e'),
('f4b2f0aa-c70e-4b5c-9f68-4e7c4a65ec87',	'b465076c-3205-4305-a790-6966077bcf95'),
('f4b2f0aa-c70e-4b5c-9f68-4e7c4a65ec87',	'1c76d525-ac26-4320-bfb3-a2cb1177ab9a'),
('d9cfbdd4-f9b1-4565-bb0e-ae54cf999bd5',	'741ef3c0-a799-4af1-a9ff-61f088fe3866'),
('d9cfbdd4-f9b1-4565-bb0e-ae54cf999bd5',	'2225f0ec-d95a-4cee-9ef6-241dfdd261cb'),
('d9cfbdd4-f9b1-4565-bb0e-ae54cf999bd5',	'8f9ce2f5-2a38-4200-b475-de1dc3b66307'),
('9e28fad0-66a4-4d3a-8e37-f95f712d718c',	'd431b9b5-8916-4470-a7ba-20cfa61c30ca');

INSERT INTO `products` (`id`, `created_timestamp`, `updated_timestamp`, `attribute_json`, `description`, `discount_percent`, `image_id`, `name`, `original_price`, `price`, `status`, `user_id`, `category_id`) VALUES
('05495c60-7d2e-434b-b886-c99bcaf8962d',	'2026-01-23 05:41:38.874648',	'2026-01-25 18:18:14.172896',	'{}',	'<p>123</p>',	59.63,	'20089c93-09a8-4faf-9566-382212d0fa96',	'combo Sách Adyashanti - Hành Trình Giác Ngộ & Điều Quan Trọng Nhất',	540000,	218000,	'IN_STOCK',	'3af180f7-1b91-4780-8557-a11cf548ede5',	'ba11d6d3-f702-4a2e-94ec-16d113d4fa03'),
('19e3628f-bb38-45e3-a7a7-72b914792e12',	'2026-01-23 05:49:33.827987',	'2026-01-23 05:49:33.828012',	'{}',	'<p>12312</p>',	50,	'73472877-539d-453b-a58b-8eee03b62e5f',	'Dầu Tẩy Trang Làm Sạch Sâu Pore Reset Glass Skin Cleansing Oil BETHESKIN 150ml',	200000,	100000,	'IN_STOCK',	'3af180f7-1b91-4780-8557-a11cf548ede5',	'3'),
('38ead2c4-f9cd-11f0-b554-520e5bbb2950',	'2026-01-25 09:07:06.000000',	'2026-01-25 09:07:06.000000',	NULL,	'High performance laptop',	0,	NULL,	'Laptop Gaming X1',	1500000,	1500000,	'IN_STOCK',	's1o2c3d4-0001-5555-aaaa-000000000001',	'10'),
('38eaf7a8-f9cd-11f0-b554-520e5bbb2950',	'2026-01-25 09:07:06.000000',	'2026-01-25 09:07:06.000000',	NULL,	'Ergonomic mouse',	16.6,	NULL,	'Wireless Mouse',	30000,	25000,	'IN_STOCK',	's1o2c3d4-0001-5555-aaaa-000000000001',	'10'),
('38eb05a6-f9cd-11f0-b554-520e5bbb2950',	'2026-01-25 09:07:06.000000',	'2026-01-25 09:07:06.000000',	NULL,	'Mechanical Keyboard',	20,	NULL,	'Keychron K2',	100000,	80000,	'IN_STOCK',	's1o2c3d4-0001-5555-aaaa-000000000001',	'10'),
('38eb08e0-f9cd-11f0-b554-520e5bbb2950',	'2026-01-25 09:07:06.000000',	'2026-01-25 09:07:06.000000',	NULL,	'Silicon Case',	0,	NULL,	'iPhone 15 Case',	15000,	15000,	'IN_STOCK',	's1o2c3d4-0001-5555-aaaa-000000000001',	'7'),
('38eb0be9-f9cd-11f0-b554-520e5bbb2950',	'2026-01-25 09:07:06.000000',	'2026-01-25 09:07:06.000000',	NULL,	'25W USB-C',	0,	NULL,	'Samsung Fast Charger',	20000,	20000,	'IN_STOCK',	's1o2c3d4-0001-5555-aaaa-000000000001',	'7'),
('38ef3f34-f9cd-11f0-b554-520e5bbb2950',	'2026-01-25 09:07:06.000000',	'2026-01-25 09:07:06.000000',	NULL,	'Cotton dress',	20,	NULL,	'Floral Summer Dress',	50000,	40000,	'IN_STOCK',	's1o2c3d4-0002-5555-aaaa-000000000002',	'2'),
('38ef58d3-f9cd-11f0-b554-520e5bbb2950',	'2026-01-25 09:07:06.000000',	'2026-01-25 09:07:06.000000',	NULL,	'Vintage style',	0,	NULL,	'Denim Jacket',	60000,	60000,	'IN_STOCK',	's1o2c3d4-0002-5555-aaaa-000000000002',	'2'),
('38ef5a34-f9cd-11f0-b554-520e5bbb2950',	'2026-01-25 09:07:06.000000',	'2026-01-25 09:07:06.000000',	NULL,	'Classic fit',	0,	NULL,	'Men Polo Shirt',	25000,	25000,	'IN_STOCK',	's1o2c3d4-0002-5555-aaaa-000000000002',	'1'),
('38ef5c50-f9cd-11f0-b554-520e5bbb2950',	'2026-01-25 09:07:06.000000',	'2026-01-25 09:07:06.000000',	NULL,	'Genuine leather',	20,	NULL,	'Leather Handbag',	150000,	120000,	'IN_STOCK',	's1o2c3d4-0002-5555-aaaa-000000000002',	'2'),
('38ef5ceb-f9cd-11f0-b554-520e5bbb2950',	'2026-01-25 09:07:06.000000',	'2026-01-25 09:07:06.000000',	NULL,	'Beige color',	0,	NULL,	'Chino Pants',	35000,	35000,	'IN_STOCK',	's1o2c3d4-0002-5555-aaaa-000000000002',	'1'),
('701565a6-3c0b-4c55-90a9-7835c531f37f',	'2026-01-23 05:32:47.745881',	'2026-01-23 05:32:47.745921',	'{}',	'<p>123123</p>',	49.83,	'd9a55eaf-2a4f-433a-a067-ed9bbdf3bb5f',	'LOCAL BRAND Áo thun The Weird Phong Cách Unisex Form Rộng ATK905',	299000,	150000,	'IN_STOCK',	'3af180f7-1b91-4780-8557-a11cf548ede5',	'e505c910-09bd-48c1-851c-116b2adc123d'),
('8659c215-ee16-4768-a139-fcd1a25112a9',	'2026-01-23 01:58:40.320802',	'2026-01-23 01:58:40.320834',	'{}',	'<p>1241f</p>',	33.33,	'5e99e931-633f-42d4-bbcd-cebc6d30b008',	'Sách Series sách địa chính trị của tác giả Tim Marshall',	300000,	200000,	'IN_STOCK',	'3af180f7-1b91-4780-8557-a11cf548ede5',	'ba11d6d3-f702-4a2e-94ec-16d113d4fa03'),
('8c229dbf-18a3-4e17-9fe7-cefe51a06add',	'2026-01-23 05:43:59.951988',	'2026-01-23 05:43:59.952027',	'{}',	'<p><br></p>',	37.03,	'436ee35e-9009-48cc-a144-35815240dab2',	'Sách - Combo 4 Sách Tư Duy Ngược + Tư Duy Mở + Biến Mọi Thứ Thành Tiền (Quyển 1 + 2)',	397000,	250000,	'IN_STOCK',	'3af180f7-1b91-4780-8557-a11cf548ede5',	'ba11d6d3-f702-4a2e-94ec-16d113d4fa03'),
('9e28fad0-66a4-4d3a-8e37-f95f712d718c',	'2026-01-23 01:59:43.966751',	'2026-01-25 13:28:32.057629',	'{\"Tall Fit\":\"ddddd\"}',	'<p>hehe</p>',	66.67,	'd431b9b5-8916-4470-a7ba-20cfa61c30ca',	'Sneaker',	30000,	10000,	'IN_STOCK',	'064c7d5f-75b9-460e-acf7-f486c4a0c406',	'4'),
('ae641784-d4ce-4c68-8880-515f2178158c',	'2026-01-23 05:35:02.064082',	'2026-01-23 05:35:39.182168',	'{}',	'<p>123</p>',	33.33,	'32608ba2-e79e-459a-8848-928d38493b4f',	'Váy babydoll dáng dài tay phồng 3 tầng cổ vuông tay bồng thắt dây-đầm dự tiệc đi chơi sang trọng màu trắng hàn quốc,AMEE',	450000,	300000,	'IN_STOCK',	'3af180f7-1b91-4780-8557-a11cf548ede5',	'e505c910-09bd-48c1-851c-116b2adc123d'),
('c709fdb1-9747-4f41-85fa-96dfa4e4fa39',	'2026-01-23 01:55:52.803201',	'2026-01-23 01:55:52.803221',	'{}',	'<p>123</p>',	90,	'18060616-93b4-498d-95cf-d8e4d89fa56d',	'LOCAL BRAND Áo thun The Weird Phong Cách Unisex Form Rộng ATK803',	1000000,	100000,	'IN_STOCK',	'3af180f7-1b91-4780-8557-a11cf548ede5',	'e505c910-09bd-48c1-851c-116b2adc123d'),
('d9cfbdd4-f9b1-4565-bb0e-ae54cf999bd5',	'2026-01-23 06:38:52.408758',	'2026-01-23 06:38:52.408767',	'{\"Season\":\"Winter\"}',	'<p>Áo Khoác</p>',	80,	'741ef3c0-a799-4af1-a9ff-61f088fe3866',	'Áo Khoác',	1000000,	200000,	'IN_STOCK',	'064c7d5f-75b9-460e-acf7-f486c4a0c406',	'1'),
('f4b2f0aa-c70e-4b5c-9f68-4e7c4a65ec87',	'2026-01-23 06:36:36.121646',	'2026-01-23 06:36:36.121656',	'{\"Color\":\"white\"}',	'<p>Áo Thun</p>',	60,	'7ebfac0b-439b-4026-bf7d-8ffd6008538e',	'Áo thun',	50000,	20000,	'IN_STOCK',	'064c7d5f-75b9-460e-acf7-f486c4a0c406',	'1'),
('f4ce5ab1-6910-4cb9-90f8-c65c4a42d72c',	'2026-01-23 05:31:07.526012',	'2026-01-23 05:31:07.526040',	'{}',	'<p>123123</p>',	33.33,	'82d97434-4185-4362-a609-5e082b8d5227',	'LOCAL BRAND Áo thun The Weird Phong Cách Unisex Form Rộng ATK803',	150000,	100000,	'IN_STOCK',	'3af180f7-1b91-4780-8557-a11cf548ede5',	'e505c910-09bd-48c1-851c-116b2adc123d');

INSERT INTO `review_images` (`review_id`, `image_id`) VALUES
('1b97200a-0c61-410a-9e4f-fbfd8d22852c',	'b728b6bd-1d06-4272-a3df-e615de5d8d29');

INSERT INTO `reviews` (`id`, `comment`, `created_at`, `product_id`, `rating`, `replied_at`, `reply`, `user_avatar`, `user_id`, `username`) VALUES
('1b97200a-0c61-410a-9e4f-fbfd8d22852c',	'Như cức ',	'2026-01-24 15:43:35.777043',	'c709fdb1-9747-4f41-85fa-96dfa4e4fa39',	1,	NULL,	NULL,	NULL,	'3412c965-0fd7-4d44-a069-6dafacf1ced1',	'admin');

INSERT INTO `role_requests` (`id`, `creation_timestamp`, `update_timestamp`, `admin_note`, `reason`, `rejection_reason`, `requested_role`, `reviewed_at`, `reviewed_by`, `status`, `type`, `user_id`) VALUES
('39f978ba-4cc8-42aa-bdaf-24cddf3b640d',	'2026-01-23 01:57:13.440671',	'2026-01-23 01:57:50.540018',	'Approved by admin',	'kh',	NULL,	'SHOP_OWNER',	'2026-01-23 01:57:50.539168',	'3412c965-0fd7-4d44-a069-6dafacf1ced1',	'APPROVED',	'REGISTRATION',	'064c7d5f-75b9-460e-acf7-f486c4a0c406'),
('40745c93-d5c5-45f2-93d9-d41463bbef53',	'2026-01-23 06:25:18.155215',	'2026-01-23 06:25:43.432832',	'Approved by admin',	'af',	NULL,	'SHOP_OWNER',	'2026-01-23 06:25:43.432274',	'3412c965-0fd7-4d44-a069-6dafacf1ced1',	'APPROVED',	'REGISTRATION',	'46fc4d45-8c69-4a99-bd45-3c3d95e1a3c2'),
('53f95d2a-6d6d-4e5e-8161-f01b2c7a46d8',	'2026-01-23 01:51:53.584617',	'2026-01-23 01:53:58.732838',	'Approved by admin',	'23',	NULL,	'SHOP_OWNER',	'2026-01-23 01:53:58.732127',	'3412c965-0fd7-4d44-a069-6dafacf1ced1',	'APPROVED',	'REGISTRATION',	'3af180f7-1b91-4780-8557-a11cf548ede5'),
('b1c2d3e4-0001-5555-9999-000000000001',	'2026-01-25 09:06:44.000000',	'2026-01-25 09:06:44.000000',	NULL,	'I want to sell clothes',	NULL,	'SHOP_OWNER',	NULL,	NULL,	'PENDING',	'REGISTRATION',	'a0b1c2d3-0001-4444-8888-000000000001'),
('b1c2d3e4-0002-5555-9999-000000000002',	'2026-01-25 09:06:44.000000',	'2026-01-25 09:06:44.000000',	NULL,	'Handmade crafts shop',	NULL,	'SHOP_OWNER',	NULL,	NULL,	'PENDING',	'REGISTRATION',	'a0b1c2d3-0002-4444-8888-000000000002'),
('b1c2d3e4-0003-5555-9999-000000000003',	'2026-01-25 09:06:44.000000',	'2026-01-25 09:06:44.000000',	NULL,	'Electronics reseller',	NULL,	'SHOP_OWNER',	NULL,	NULL,	'PENDING',	'REGISTRATION',	'a0b1c2d3-0003-4444-8888-000000000003'),
('b1c2d3e4-0004-5555-9999-000000000004',	'2026-01-25 09:06:44.000000',	'2026-01-25 09:06:44.000000',	NULL,	'Books and stationery',	NULL,	'SHOP_OWNER',	NULL,	NULL,	'PENDING',	'REGISTRATION',	'a0b1c2d3-0004-4444-8888-000000000004'),
('b1c2d3e4-0005-5555-9999-000000000005',	'2026-01-23 09:06:44.000000',	'2026-01-23 09:06:44.000000',	'Not enough details',	'I want to sell stuff',	'Profile incomplete',	'SHOP_OWNER',	'2026-01-23 09:06:44.000000',	'admin',	'REJECTED',	'REGISTRATION',	'a0b1c2d3-0005-4444-8888-000000000005'),
('b1c2d3e4-0006-5555-9999-000000000006',	'2026-01-24 09:06:44.000000',	'2026-01-24 09:06:44.000000',	'Invalid ID photo',	'Trying again to sell stuff',	'ID photo unclear',	'SHOP_OWNER',	'2026-01-24 09:06:44.000000',	'admin',	'REJECTED',	'REGISTRATION',	'a0b1c2d3-0005-4444-8888-000000000005'),
('b1c2d3e4-0007-5555-9999-000000000007',	'2026-01-25 09:06:44.000000',	'2026-01-25 09:06:44.000000',	NULL,	'Full documentation provided',	NULL,	'SHOP_OWNER',	NULL,	NULL,	'PENDING',	'REGISTRATION',	'a0b1c2d3-0005-4444-8888-000000000005'),
('d3914c28-2d43-4f79-861d-c641d28f6e72',	'2026-01-25 13:44:33.245817',	'2026-01-25 13:44:53.805142',	'Approved by admin',	'Help',	NULL,	'SHOP_OWNER',	'2026-01-25 13:44:53.804622',	'3412c965-0fd7-4d44-a069-6dafacf1ced1',	'APPROVED',	'UNLOCK',	'46fc4d45-8c69-4a99-bd45-3c3d95e1a3c2');

INSERT INTO `search_analytics` (`id`, `click_count`, `created_at`, `date`, `keyword`, `search_count`, `updated_at`) VALUES
('00fbfffb-4ef8-4d08-93c6-6ae0d56961a6',	0,	'2026-01-24 16:06:10.127101',	'2026-01-24',	'50k',	1,	'2026-01-24 16:06:10.127101'),
('09a481e9-8b8d-494f-ab3a-b8c88ad1d190',	0,	'2026-01-23 02:34:05.468711',	'2026-01-23',	'hehe',	5,	'2026-01-23 02:36:53.205532'),
('13185066-a708-4fc4-9136-325736192559',	0,	'2026-01-24 15:51:27.962717',	'2026-01-24',	'sản phẩm dưới 100k',	2,	'2026-01-24 15:51:39.132241'),
('22a280c8-efa9-42ef-8337-a8f845e3bd94',	0,	'2026-01-24 16:59:46.166282',	'2026-01-24',	'sách series sách địa chính trị của tác giả tim marshall',	1,	'2026-01-24 16:59:46.166282'),
('2d87280c-cde0-4bd3-b92d-4a6ce9fd90d9',	0,	'2026-01-24 16:06:05.796749',	'2026-01-24',	'400k',	2,	'2026-01-24 16:06:09.835622'),
('43e1ea52-1b86-4f94-b165-a0fd44db51d5',	0,	'2026-01-24 17:00:53.129479',	'2026-01-24',	'local brand áo thun the weird phong cách unisex form rộng atk905',	1,	'2026-01-24 17:00:53.129479'),
('5e30055f-7030-484a-9826-cd9533949dde',	0,	'2026-01-24 15:20:41.599759',	'2026-01-24',	'sneaker',	1,	'2026-01-24 15:20:41.599768'),
('6c2d16c3-eb6c-4b8e-803f-4b9aebe9261a',	0,	'2026-01-24 16:05:47.179899',	'2026-01-24',	'100k',	2,	'2026-01-24 16:05:52.616903'),
('73d227c2-14a1-4854-b0a9-fa39cc2068fc',	0,	'2026-01-24 17:00:26.387187',	'2026-01-24',	'local',	1,	'2026-01-24 17:00:26.387187'),
('8e8411a8-899e-4d19-a4d6-5a9b3b1bc6a0',	0,	'2026-01-25 13:52:23.883831',	'2026-01-25',	'áo khoác',	4,	'2026-01-25 13:55:44.761704'),
('9df9a31a-5a25-4fa9-b8dc-5608e5e6b880',	0,	'2026-01-24 17:00:06.322828',	'2026-01-24',	'sách - combo 4 sách tư duy ngược + tư duy mở + biến mọi thứ thành tiền (quyển 1 + 2)',	4,	'2026-01-24 15:20:30.975018'),
('a158cb20-53f9-47f5-afac-1c6538c5c301',	0,	'2026-01-24 15:19:58.546129',	'2026-01-24',	'dầu tẩy trang làm sạch sâu pore reset glass skin cleansing oil betheskin 150ml',	3,	'2026-01-24 15:20:22.575108'),
('ac574f57-11f0-404e-b1db-350c85aa590c',	0,	'2026-01-23 02:34:26.915232',	'2026-01-23',	'local',	4,	'2026-01-23 02:34:36.233577'),
('af1ee2c4-119a-4a2e-bcb9-5af8dfb38525',	0,	'2026-01-24 17:00:20.722553',	'2026-01-24',	'sách',	1,	'2026-01-24 17:00:20.722553'),
('c70a85fd-3a4e-4c44-b59d-833623fbc18a',	0,	'2026-01-24 15:20:10.811564',	'2026-01-24',	'combo sách adyashanti - hành trình giác ngộ & điều quan trọng nhất',	2,	'2026-01-24 15:20:19.226481'),
('d3051eef-5701-4640-a822-5865438d2279',	0,	'2026-01-24 16:05:52.965629',	'2026-01-24',	'200k',	2,	'2026-01-24 16:06:00.056707'),
('d7e6e934-cc58-4910-91bd-d39c8cd14568',	0,	'2026-01-24 16:06:00.430396',	'2026-01-24',	'300k',	2,	'2026-01-24 16:06:05.449922'),
('fbd50400-0b9c-47ef-b10c-d7414c3fbbf3',	0,	'2026-01-24 15:51:39.424202',	'2026-01-24',	'sản phẩm dưới 300k',	1,	'2026-01-24 15:51:39.424202'),
('fe903b37-bd2a-46c4-b642-5f27b3c30d22',	0,	'2026-01-25 13:28:06.804317',	'2026-01-25',	'hehe',	2,	'2026-01-25 13:28:07.025229');

INSERT INTO `shipping_orders` (`id`, `created_at`, `updated_at`, `cod_amount`, `expected_delivery_time`, `ghn_order_code`, `ghn_response`, `last_lat`, `last_lng`, `last_ts`, `order_id`, `shipping_fee`, `status`, `tracking_history`, `weight`) VALUES
('05c9c598-f2c9-487e-ac51-c39a1d15cdb1',	'2026-01-25 19:28:11.033055',	'2026-01-25 19:28:18.493317',	290445.00,	'2026-01-27 16:59:59.000000',	'LWTLH4',	'{\"code\":200,\"message\":\"Success\",\"data\":{\"order_code\":\"LWTLH4\",\"total_fee\":24501,\"expected_delivery_time\":\"2026-01-27T16:59:59Z\"}}',	NULL,	NULL,	NULL,	'd0918fc1-413d-4f44-8db3-3583913609f7',	24501.00,	'READY_TO_PICK',	'[{\"descEn\":\"Order is waiting for shipper to pick up\",\"titleEn\":\"Waiting for pickup\",\"description\":\"Đơn hàng đang chờ shipper đến lấy\",\"title\":\"Chờ lấy hàng\",\"descVi\":\"Đơn hàng đang chờ shipper đến lấy\",\"ts\":\"2026-01-25T19:28:18.488523100\",\"status\":\"ready_to_pick\",\"titleVi\":\"Chờ lấy hàng\"}]',	2500),
('44d6d839-5211-4ef3-82e2-83a96111708d',	'2026-01-25 16:47:23.427877',	'2026-01-25 16:47:26.579628',	238500.00,	'2026-01-26 16:59:59.000000',	'LWTQNV',	'{\"code\":200,\"message\":\"Success\",\"data\":{\"order_code\":\"LWTQNV\",\"total_fee\":20500,\"expected_delivery_time\":\"2026-01-26T16:59:59Z\"}}',	NULL,	NULL,	NULL,	'17bc4e2f-ff93-4f2d-bfc9-a5e2242584bb',	20500.00,	'READY_TO_PICK',	'[{\"descEn\":\"Order is waiting for shipper to pick up\",\"titleEn\":\"Waiting for pickup\",\"description\":\"Đơn hàng đang chờ shipper đến lấy\",\"title\":\"Chờ lấy hàng\",\"descVi\":\"Đơn hàng đang chờ shipper đến lấy\",\"ts\":\"2026-01-25T16:47:26.575453600\",\"status\":\"ready_to_pick\",\"titleVi\":\"Chờ lấy hàng\"}]',	500),
('c4bf7155-b0ff-42af-a9d1-c3c1a9b32301',	'2026-01-24 15:42:02.425849',	'2026-01-24 15:43:00.084542',	120500.00,	'2026-01-26 16:59:59.000000',	'LWWXP8',	'{\"code\":200,\"message\":\"Success\",\"data\":{\"order_code\":\"LWWXP8\",\"total_fee\":20500,\"expected_delivery_time\":\"2026-01-26T16:59:59Z\"}}',	NULL,	NULL,	NULL,	'9484f37e-da1e-4f5b-b161-35bda74bb2d3',	20500.00,	'DELIVERED',	'[{\"descEn\":\"Order is waiting for shipper to pick up\",\"titleEn\":\"Waiting for pickup\",\"description\":\"Đơn hàng đang chờ shipper đến lấy\",\"title\":\"Chờ lấy hàng\",\"descVi\":\"Đơn hàng đang chờ shipper đến lấy\",\"ts\":\"2026-01-24T15:42:06.578039336\",\"status\":\"ready_to_pick\",\"titleVi\":\"Chờ lấy hàng\"},{\"descEn\":\"Delivery successful\",\"titleEn\":\"Delivered\",\"description\":\"Giao hàng thành công\",\"title\":\"Đã giao hàng\",\"descVi\":\"Giao hàng thành công\",\"ts\":\"2026-01-24T15:43:00.082063725\",\"status\":\"delivered\",\"titleVi\":\"Đã giao hàng\"}]',	500);

INSERT INTO `shop_coins` (`id`, `creation_timestamp`, `update_timestamp`, `check_in_date`, `consecutive_days`, `is_checked_in_today`, `last_check_in_date`, `last_review_mission_date`, `last_view_product_date`, `points`, `user_id`) VALUES
('06722bc9-ac1a-42f6-ac87-8e4bf40af3c5',	'2026-01-24 14:06:21.855847',	'2026-01-24 15:03:22.837929',	'2026-01-24',	1,	CONVERT(b'1', UNSIGNED),	'2026-01-24',	NULL,	NULL,	200,	'3412c965-0fd7-4d44-a069-6dafacf1ced1'),
('16e91bb8-0748-447d-9a3f-06beedead926',	'2026-01-25 13:38:14.337870',	'2026-01-25 13:38:14.337881',	NULL,	0,	CONVERT(b'0', UNSIGNED),	NULL,	NULL,	NULL,	0,	'c03a55ff-d9dc-40bf-953d-1d651bd3d4f5'),
('6a085213-6d74-41d7-aa36-1163a4c06b0a',	'2026-01-23 02:34:40.500587',	'2026-01-25 13:35:28.550327',	'2026-01-25',	1,	CONVERT(b'1', UNSIGNED),	'2026-01-25',	NULL,	NULL,	0,	'3af180f7-1b91-4780-8557-a11cf548ede5'),
('9213bb97-c264-4d2f-bae4-1238da681a4e',	'2026-01-25 13:47:54.214787',	'2026-01-25 13:48:08.437744',	NULL,	0,	CONVERT(b'0', UNSIGNED),	NULL,	NULL,	NULL,	2,	'46fc4d45-8c69-4a99-bd45-3c3d95e1a3c2'),
('e0572a36-9b1b-4955-b440-54ebc5723616',	'2026-01-23 02:00:34.643410',	'2026-01-23 02:00:35.780949',	'2026-01-23',	1,	CONVERT(b'1', UNSIGNED),	'2026-01-23',	NULL,	NULL,	100,	'064c7d5f-75b9-460e-acf7-f486c4a0c406');

INSERT INTO `shop_decorations` (`id`, `content`, `created_at`, `shop_id`, `updated_at`) VALUES
(1,	'[{\"id\":1769150081657,\"type\":\"banner\",\"data\":{\"images\":[{\"imageId\":\"bc9fc258-38aa-4382-878e-9c8d288d696a\"},{\"imageId\":\"643bf671-3625-4a8f-9f98-7ccc0f5b63d9\"},{\"imageId\":\"a821a240-2030-4028-a423-76beb411d80d\"}]}},{\"id\":1769150339949,\"type\":\"products\",\"data\":{\"productIds\":[\"d9cfbdd4-f9b1-4565-bb0e-ae54cf999bd5\",\"f4b2f0aa-c70e-4b5c-9f68-4e7c4a65ec87\"],\"title\":\"Featured Products\"}}]',	'2026-01-23 06:35:24.719244',	'064c7d5f-75b9-460e-acf7-f486c4a0c406',	'2026-01-23 06:39:07.581152');

INSERT INTO `shop_follows` (`id`, `creation_timestamp`, `update_timestamp`, `follower_id`, `shop_id`) VALUES
('4abfd78b-efcd-47a9-8076-36b13049e517',	'2026-01-23 02:37:17.604240',	'2026-01-23 02:37:17.604276',	'b3f1b0fb-3735-467f-af3d-4f45189d2555',	'064c7d5f-75b9-460e-acf7-f486c4a0c406'),
('4f12dfe7-896c-433d-9f0d-a18401d6b1e4',	'2026-01-24 15:03:13.734366',	'2026-01-24 15:03:13.734390',	'3412c965-0fd7-4d44-a069-6dafacf1ced1',	'3af180f7-1b91-4780-8557-a11cf548ede5'),
('c8038f31-1d52-495e-a1e4-e6ef14a2ed04',	'2026-01-25 13:35:03.296437',	'2026-01-25 13:35:03.296460',	'3af180f7-1b91-4780-8557-a11cf548ede5',	'064c7d5f-75b9-460e-acf7-f486c4a0c406');

INSERT INTO `shop_ledger` (`id`, `created_at`, `updated_at`, `balance_available`, `balance_pending`, `shop_owner_id`, `total_commission`, `total_earnings`, `total_payouts`) VALUES
('57f05d20-b354-4997-a372-526f5754c343',	'2026-01-24 15:43:29.310979',	'2026-01-25 18:08:07.505244',	99444000.00,	0.00,	'3af180f7-1b91-4780-8557-a11cf548ede5',	8000.00,	100000.00,	0.00);

INSERT INTO `shop_ledger_entry` (`id`, `created_at`, `updated_at`, `amount_gross`, `amount_net`, `balance_after`, `balance_before`, `commission_fixed`, `commission_freeship`, `commission_payment`, `commission_total`, `commission_voucher`, `description`, `entry_type`, `order_id`, `other_fees`, `ref_txn`, `shipping_fee`, `shop_owner_id`) VALUES
('bcfb924d-d67b-4386-8cd6-c08e52e82e1a',	'2026-01-25 18:04:27.908788',	'2026-01-25 18:04:27.908788',	0.00,	-199000.00,	99793000.00,	99992000.00,	0.00,	0.00,	0.00,	0.00,	0.00,	'Payment for subscription: Voucher Xtra',	'SUBSCRIPTION_PAYMENT',	NULL,	0.00,	'SUB_plan-vx_1769339067796',	0.00,	'3af180f7-1b91-4780-8557-a11cf548ede5'),
('f51ef149-ecd0-4584-8bb1-f358883792ee',	'2026-01-24 15:43:29.314254',	'2026-01-24 15:43:29.314278',	100000.00,	92000.00,	92000.00,	0.00,	4000.00,	0.00,	4000.00,	8000.00,	0.00,	'Earning from order 9484f37e-da1e-4f5b-b161-35bda74bb2d3',	'EARNING',	'9484f37e-da1e-4f5b-b161-35bda74bb2d3',	0.00,	'9484f37e-da1e-4f5b-b161-35bda74bb2d3_3af180f7-1b91-4780-8557-a11cf548ede5',	0.00,	'3af180f7-1b91-4780-8557-a11cf548ede5'),
('ff23f5ef-b569-485f-b6a7-894b47666274',	'2026-01-25 18:08:07.500203',	'2026-01-25 18:08:07.500203',	0.00,	-349000.00,	99444000.00,	99793000.00,	0.00,	0.00,	0.00,	0.00,	0.00,	'Payment for subscription: Business Pro',	'SUBSCRIPTION_PAYMENT',	NULL,	0.00,	'SUB_plan-pro_1769339287477',	0.00,	'3af180f7-1b91-4780-8557-a11cf548ede5');

INSERT INTO `shop_owners` (`user_id`, `active`, `address`, `created_at`, `district_id`, `district_name`, `email`, `followers_count`, `following_count`, `header_image_url`, `header_style`, `profile_image_url`, `latitude`, `longitude`, `owner_name`, `phone`, `province_id`, `province_name`, `shop_name`, `street_address`, `total_ratings`, `updated_at`, `verified`, `ward_code`, `ward_name`) VALUES
('064c7d5f-75b9-460e-acf7-f486c4a0c406',	NULL,	'sdfghjk\ndfghjkl, Xã Tam Đa, Huyện Phù Cừ, Hưng Yên',	'2026-01-23 01:57:13.410204',	1573,	'Quận Bình Thủy',	'dinhpro2005@gmail.com',	2,	0,	'96c72355-c64c-40cb-a314-2187be9313fb',	NULL,	NULL,	NULL,	NULL,	'Trung Dinh',	'0322323327',	220,	'Cần Thơ',	'Shop Quan Ao',	'sdfghjk\ndfghjkl',	0,	'2026-01-25 13:35:31.383731',	CONVERT(b'0', UNSIGNED),	'550202',	'Phường Bình Thủy'),
('3af180f7-1b91-4780-8557-a11cf548ede5',	NULL,	'THới Lai Thàanh Phố Cần Thơ',	'2026-01-23 01:51:53.438300',	1803,	'Huyện Ba Vì',	'quy@gmail.com',	1,	1,	NULL,	NULL,	NULL,	NULL,	NULL,	'Trần Minh Quý',	'0987654321',	201,	'Hà Nội',	'Bán Bậy Bạ Chơi',	'qưeqweqweqweádadsadasdasdasd',	1,	'2026-01-25 13:37:52.583229',	CONVERT(b'1', UNSIGNED),	'1B1716',	'Xã Phú Cường'),
('46fc4d45-8c69-4a99-bd45-3c3d95e1a3c2',	'INACTIVE',	'82 Lý Tự Trọng, Phường Bình Thủy, Quận Bình Thủy, Cần Thơ',	'2026-01-23 06:25:18.100515',	1573,	'Quận Bình Thủy',	'trang123123100@gmail.com',	0,	0,	NULL,	NULL,	NULL,	10.033527,	105.779887,	'Pham GIa Huy',	'0706637399',	220,	'Cần Thơ',	'Gia Huy',	'82 Lý Tự Trọng',	0,	'2026-01-25 13:46:08.334692',	CONVERT(b'0', UNSIGNED),	'550202',	'Phường Bình Thủy'),
('a0b1c2d3-0001-4444-8888-000000000001',	'ACTIVE',	'123 Street A, Ward 1, District 1',	'2026-01-25 09:06:44.000000',	NULL,	NULL,	NULL,	NULL,	NULL,	NULL,	NULL,	NULL,	NULL,	NULL,	'Nguyen Van A',	'0900000001',	NULL,	NULL,	'User1 Fashion View',	NULL,	NULL,	'2026-01-25 09:06:44.000000',	CONVERT(b'0', UNSIGNED),	NULL,	NULL),
('a0b1c2d3-0002-4444-8888-000000000002',	'ACTIVE',	'456 Street B, Ward 2, District 1',	'2026-01-25 09:06:44.000000',	NULL,	NULL,	NULL,	NULL,	NULL,	NULL,	NULL,	NULL,	NULL,	NULL,	'Tran Thi B',	'0900000002',	NULL,	NULL,	'User2 Handmade',	NULL,	NULL,	'2026-01-25 09:06:44.000000',	CONVERT(b'0', UNSIGNED),	NULL,	NULL),
('a0b1c2d3-0003-4444-8888-000000000003',	'ACTIVE',	'789 Street C, Ward 3, District 1',	'2026-01-25 09:06:44.000000',	NULL,	NULL,	NULL,	NULL,	NULL,	NULL,	NULL,	NULL,	NULL,	NULL,	'Le Van C',	'0900000003',	NULL,	NULL,	'User3 Electronics',	NULL,	NULL,	'2026-01-25 09:06:44.000000',	CONVERT(b'0', UNSIGNED),	NULL,	NULL),
('a0b1c2d3-0004-4444-8888-000000000004',	'ACTIVE',	'101 Street D, Ward 4, District 1',	'2026-01-25 09:06:44.000000',	NULL,	NULL,	NULL,	NULL,	NULL,	NULL,	NULL,	NULL,	NULL,	NULL,	'Pham Thi D',	'0900000004',	NULL,	NULL,	'User4 Books',	NULL,	NULL,	'2026-01-25 09:06:44.000000',	CONVERT(b'0', UNSIGNED),	NULL,	NULL),
('a0b1c2d3-0005-4444-8888-000000000005',	'ACTIVE',	'202 Street E, Ward 5, District 1',	'2026-01-25 09:06:44.000000',	NULL,	NULL,	NULL,	NULL,	NULL,	NULL,	NULL,	NULL,	NULL,	NULL,	'Hoang Van E',	'0900000005',	NULL,	NULL,	'User5 Decor',	NULL,	NULL,	'2026-01-25 09:06:44.000000',	CONVERT(b'0', UNSIGNED),	NULL,	NULL),
('s1o2c3d4-0001-5555-aaaa-000000000001',	'ACTIVE',	'123 Tech Street',	'2026-01-25 09:07:06.000000',	NULL,	NULL,	NULL,	0,	0,	NULL,	NULL,	NULL,	NULL,	NULL,	'Mr. One',	'0981111111',	NULL,	NULL,	'Tech Heaven',	NULL,	0,	'2026-01-25 18:32:19.093966',	CONVERT(b'1', UNSIGNED),	NULL,	NULL),
('s1o2c3d4-0002-5555-aaaa-000000000002',	'ACTIVE',	'456 Style Ave',	'2026-01-25 09:07:06.000000',	NULL,	NULL,	NULL,	0,	0,	NULL,	NULL,	NULL,	NULL,	NULL,	'Ms. Two',	'0981111112',	NULL,	NULL,	'Fashionista',	NULL,	0,	'2026-01-25 18:32:36.989869',	CONVERT(b'1', UNSIGNED),	NULL,	NULL),
('s1o2c3d4-0003-5555-aaaa-000000000003',	'ACTIVE',	'789 Gizmo Rd',	'2026-01-25 09:07:06.000000',	NULL,	NULL,	NULL,	100,	2,	NULL,	NULL,	NULL,	NULL,	NULL,	'Mr. Three',	'0981111113',	NULL,	NULL,	'Gadget Guru',	NULL,	5,	'2026-01-25 09:07:06.000000',	CONVERT(b'1', UNSIGNED),	NULL,	NULL),
('s1o2c3d4-0004-5555-aaaa-000000000004',	'ACTIVE',	'101 Glow Lane',	'2026-01-25 09:07:06.000000',	NULL,	NULL,	NULL,	5,	0,	NULL,	NULL,	NULL,	NULL,	NULL,	'Ms. Four',	'0981111114',	NULL,	NULL,	'Beauty Boutique',	NULL,	0,	'2026-01-25 09:07:06.000000',	CONVERT(b'1', UNSIGNED),	NULL,	NULL),
('s1o2c3d4-0005-5555-aaaa-000000000005',	'ACTIVE',	'202 Art Blvd',	'2026-01-25 09:07:06.000000',	NULL,	NULL,	NULL,	50,	10,	NULL,	NULL,	NULL,	NULL,	NULL,	'Mr. Five',	'0981111115',	NULL,	NULL,	'Home Decor',	NULL,	4,	'2026-01-25 09:07:06.000000',	CONVERT(b'1', UNSIGNED),	NULL,	NULL);

INSERT INTO `shop_subscriptions` (`id`, `creation_timestamp`, `update_timestamp`, `auto_renew`, `cancellation_reason`, `cancelled_at`, `commission_fixed_rate`, `commission_freeship_rate`, `commission_payment_rate`, `commission_voucher_rate`, `end_date`, `freeship_enabled`, `is_active`, `payment_status`, `plan_code`, `plan_duration`, `price`, `price_paid`, `shop_owner_id`, `start_date`, `subscription_type`, `voucher_enabled`, `voucher_max_per_item`, `plan_id`) VALUES
('536c8760-c1d1-4967-ab2f-d6b9145a4784',	'2026-01-25 18:08:07.517909',	'2026-01-25 18:08:07.517909',	CONVERT(b'0', UNSIGNED),	NULL,	NULL,	0.0150,	0.0500,	0.0150,	0.0450,	'2026-02-25 18:08:07.517383',	CONVERT(b'1', UNSIGNED),	CONVERT(b'1', UNSIGNED),	'PAID',	'PRO_BOTH',	'MONTHLY',	349000.00,	349000.00,	'3af180f7-1b91-4780-8557-a11cf548ede5',	'2026-01-25 18:08:07.517383',	'BOTH',	CONVERT(b'1', UNSIGNED),	500000.00,	'plan-pro'),
('91c1241f-98df-4a60-aea6-e2d53bd1ef44',	'2026-01-25 18:04:27.955568',	'2026-01-25 18:08:05.099684',	CONVERT(b'0', UNSIGNED),	'Shop Owner cancelled via Dashboard',	'2026-01-25 18:08:05.099178',	0.0200,	0.0000,	0.0200,	0.0550,	'2026-01-25 18:08:05.099178',	CONVERT(b'0', UNSIGNED),	CONVERT(b'0', UNSIGNED),	'PAID',	'VOUCHER_XTRA',	'MONTHLY',	199000.00,	199000.00,	'3af180f7-1b91-4780-8557-a11cf548ede5',	'2026-01-25 18:04:27.949662',	'VOUCHER_XTRA',	CONVERT(b'1', UNSIGNED),	200000.00,	'plan-vx'),
('sub-test-01',	'2026-01-25 08:40:49.000000',	'2026-01-25 16:12:10.077307',	CONVERT(b'1', UNSIGNED),	'Shop Owner cancelled via Dashboard',	'2026-01-25 16:12:10.024716',	0.0200,	0.0650,	0.0200,	0.0000,	'2026-01-25 16:12:10.024716',	CONVERT(b'1', UNSIGNED),	CONVERT(b'0', UNSIGNED),	'PAID',	'FREESHIP_XTRA',	'MONTHLY',	199000.00,	199000.00,	'3af180f7-1b91-4780-8557-a11cf548ede5',	'2026-01-25 08:40:49.000000',	'FREESHIP_XTRA',	CONVERT(b'0', UNSIGNED),	0.00,	'plan-fs');

INSERT INTO `shop_vouchers` (`id`, `created_at`, `updated_at`, `applicable_scope`, `code`, `description`, `discount_type`, `discount_value`, `end_at`, `max_discount_amount`, `min_order_value`, `quantity_total`, `quantity_used`, `shop_owner_id`, `start_at`, `status`, `title`) VALUES
('cb8b6cca-5c14-472b-af13-1df91a2463a1',	'2026-01-25 18:05:52.490276',	'2026-01-25 18:06:06.806798',	'ALL_PRODUCTS',	'HEHE',	'',	'PERCENT',	20.00,	'2026-01-31 18:05:00.000000',	50000.00,	0.00,	100,	0,	'3af180f7-1b91-4780-8557-a11cf548ede5',	'2026-01-24 18:05:00.000000',	'ACTIVE',	'HÊHEHEHE');

INSERT INTO `sizes` (`id`, `created_timestamp`, `updated_timestamp`, `description`, `name`, `price_modifier`, `stock`, `weight`, `product_id`) VALUES
('2bd5b0d9-7e09-49eb-944e-a805079fafc1',	'2026-01-23 05:35:39.180821',	'2026-01-24 14:56:27.752596',	'',	'XLL',	0,	10,	500,	'ae641784-d4ce-4c68-8880-515f2178158c'),
('5bbf6170-ef88-4f75-978a-eae7fb88c046',	'2026-01-23 05:49:33.834492',	'2026-01-23 05:49:33.834505',	'',	'1 chai ',	0,	20,	500,	'19e3628f-bb38-45e3-a7a7-72b914792e12'),
('7f6c607c-ab2c-4995-a745-41dafd7459a3',	'2026-01-23 01:58:40.347379',	'2026-01-25 18:31:45.270022',	'',	'Chỉ có 1',	0,	40,	500,	'8659c215-ee16-4768-a139-fcd1a25112a9'),
('9f81b18d-318a-4767-9092-2ae0eb4fdc41',	'2026-01-23 06:36:36.133291',	'2026-01-23 06:36:36.133304',	'',	'XL',	0,	10,	500,	'f4b2f0aa-c70e-4b5c-9f68-4e7c4a65ec87'),
('a1231495-10dd-40f9-9066-9cedb316cc4c',	'2026-01-25 13:28:32.055583',	'2026-01-25 13:38:17.496207',	'',	'XL',	0,	993,	500,	'9e28fad0-66a4-4d3a-8e37-f95f712d718c'),
('a8280930-1b0b-428e-972c-45e113826f5d',	'2026-01-23 05:43:59.966160',	'2026-01-25 15:55:31.300670',	'',	'Combo 4 cuốn',	300000,	90,	500,	'8c229dbf-18a3-4e17-9fe7-cefe51a06add'),
('b19a505d-fb3d-4b94-af50-74a333f620a6',	'2026-01-23 05:31:07.580560',	'2026-01-25 13:35:40.707704',	'',	'xl',	0,	19,	500,	'f4ce5ab1-6910-4cb9-90f8-c65c4a42d72c'),
('b1db3080-7b1d-44b1-b47e-591ec786b547',	'2026-01-23 05:32:47.765663',	'2026-01-24 14:56:34.370305',	'',	'M',	0,	3,	500,	'701565a6-3c0b-4c55-90a9-7835c531f37f'),
('b2c7aae2-bae0-42be-9dc8-4ea8d868ec12',	'2026-01-23 06:38:52.414559',	'2026-01-25 13:58:01.898774',	'',	'XL',	0,	90,	500,	'd9cfbdd4-f9b1-4565-bb0e-ae54cf999bd5'),
('b6dce9a1-c531-438a-8dba-2619dc73ec4f',	'2026-01-23 05:43:59.963593',	'2026-01-25 18:18:18.428602',	'',	'Combo 2 cuốn',	0,	20,	500,	'8c229dbf-18a3-4e17-9fe7-cefe51a06add'),
('ba0f2d5c-703e-4a04-bdc2-3f2cc3919caa',	'2026-01-23 01:55:52.831232',	'2026-01-24 18:13:34.795209',	'',	'123',	0,	99,	500,	'c709fdb1-9747-4f41-85fa-96dfa4e4fa39'),
('bc735f68-e4d2-4881-afa4-28e2b30ac754',	'2026-01-23 05:31:07.582728',	'2026-01-25 19:27:45.575927',	'',	'xxl',	9000,	15,	500,	'f4ce5ab1-6910-4cb9-90f8-c65c4a42d72c'),
('bd32a2ef-1d22-4677-9bc7-938caec6b00a',	'2026-01-23 05:49:33.835476',	'2026-01-23 05:49:33.835534',	'',	'2 chai ',	48000,	20,	500,	'19e3628f-bb38-45e3-a7a7-72b914792e12'),
('cff30908-31ef-41b6-a37f-b7c34be053e7',	'2026-01-23 05:32:47.763491',	'2026-01-24 14:56:34.372106',	'',	'L',	0,	0,	500,	'701565a6-3c0b-4c55-90a9-7835c531f37f'),
('d378c686-4625-4aa3-98c2-fe7e7889b2d3',	'2026-01-23 05:44:30.073013',	'2026-01-25 18:18:30.712084',	'',	'Combo',	0,	14,	500,	'05495c60-7d2e-434b-b886-c99bcaf8962d');

INSERT INTO `subscription_plan_feature` (`id`, `creation_timestamp`, `update_timestamp`, `display_order`, `feature_text`, `plan_id`) VALUES
('ft-fs-1',	'2026-01-25 08:21:37.000000',	'2026-01-25 08:21:37.000000',	1,	'Free shipping for orders from 0 VND',	'plan-fs'),
('ft-fs-2',	'2026-01-25 08:21:37.000000',	'2026-01-25 08:21:37.000000',	2,	'Prominent Freeship Xtra badge',	'plan-fs'),
('ft-fs-3',	'2026-01-25 08:21:37.000000',	'2026-01-25 08:21:37.000000',	3,	'Priority display in search results',	'plan-fs'),
('ft-pro-1',	'2026-01-25 08:21:37.000000',	'2026-01-25 08:21:37.000000',	1,	'Includes all Freeship & Voucher benefits',	'plan-pro'),
('ft-pro-2',	'2026-01-25 08:21:37.000000',	'2026-01-25 08:21:37.000000',	2,	'Discounted payment commission rate (1.5%)',	'plan-pro'),
('ft-pro-3',	'2026-01-25 08:21:37.000000',	'2026-01-25 08:21:37.000000',	3,	'24/7 technical support & Dedicated account manager',	'plan-pro'),
('ft-pro-4',	'2026-01-25 08:21:37.000000',	'2026-01-25 08:21:37.000000',	4,	'Advanced sales data analytics',	'plan-pro'),
('ft-vx-1',	'2026-01-25 08:21:37.000000',	'2026-01-25 08:21:37.000000',	1,	'Discount vouchers up to 500k VND',	'plan-vx'),
('ft-vx-2',	'2026-01-25 08:21:37.000000',	'2026-01-25 08:21:37.000000',	2,	'Exclusive Voucher Xtra badge',	'plan-vx'),
('ft-vx-3',	'2026-01-25 08:21:37.000000',	'2026-01-25 08:21:37.000000',	3,	'Participation in major Flash Sale events',	'plan-vx');

INSERT INTO `subscription_plan_pricing` (`id`, `creation_timestamp`, `update_timestamp`, `is_active`, `plan_duration`, `price`, `plan_id`) VALUES
('prc-fs-m',	'2026-01-25 08:19:30.000000',	'2026-01-25 08:19:30.000000',	CONVERT(b'1', UNSIGNED),	'MONTHLY',	199000.00,	'plan-fs'),
('prc-fs-y',	'2026-01-25 08:19:30.000000',	'2026-01-25 08:19:30.000000',	CONVERT(b'1', UNSIGNED),	'YEARLY',	1990000.00,	'plan-fs'),
('prc-pro-m',	'2026-01-25 08:19:30.000000',	'2026-01-25 08:19:30.000000',	CONVERT(b'1', UNSIGNED),	'MONTHLY',	349000.00,	'plan-pro'),
('prc-pro-y',	'2026-01-25 08:19:30.000000',	'2026-01-25 08:19:30.000000',	CONVERT(b'1', UNSIGNED),	'YEARLY',	3490000.00,	'plan-pro'),
('prc-vx-m',	'2026-01-25 08:19:30.000000',	'2026-01-25 08:19:30.000000',	CONVERT(b'1', UNSIGNED),	'MONTHLY',	199000.00,	'plan-vx'),
('prc-vx-y',	'2026-01-25 08:19:30.000000',	'2026-01-25 08:19:30.000000',	CONVERT(b'1', UNSIGNED),	'YEARLY',	1990000.00,	'plan-vx');

INSERT INTO `subscription_plans` (`id`, `creation_timestamp`, `update_timestamp`, `code`, `color_hex`, `commission_fixed_rate`, `commission_freeship_rate`, `commission_payment_rate`, `commission_voucher_rate`, `description`, `display_order`, `freeship_enabled`, `icon`, `is_active`, `name`, `subscription_type`, `voucher_enabled`, `voucher_max_per_item`) VALUES
('plan-fs',	'2026-01-25 08:19:30.000000',	'2026-01-25 08:19:30.000000',	'FREESHIP_XTRA',	'#EE4D2D',	0.0200,	0.0650,	0.0200,	0.0000,	'Super savings on shipping for your customers.',	1,	CONVERT(b'1', UNSIGNED),	'truck',	CONVERT(b'1', UNSIGNED),	'Freeship Xtra',	'FREESHIP_XTRA',	CONVERT(b'0', UNSIGNED),	0.00),
('plan-pro',	'2026-01-25 08:19:30.000000',	'2026-01-25 08:19:30.000000',	'PRO_BOTH',	'#007BFF',	0.0150,	0.0500,	0.0150,	0.0450,	'The ultimate plan: Freeship Xtra + Voucher Xtra bundled with lower rates.',	3,	CONVERT(b'1', UNSIGNED),	'shield-check',	CONVERT(b'1', UNSIGNED),	'Business Pro',	'BOTH',	CONVERT(b'1', UNSIGNED),	500000.00),
('plan-vx',	'2026-01-25 08:19:30.000000',	'2026-01-25 08:19:30.000000',	'VOUCHER_XTRA',	'#FFC107',	0.0200,	0.0000,	0.0200,	0.0550,	'Increase conversion with exclusive shop vouchers.',	2,	CONVERT(b'0', UNSIGNED),	'ticket',	CONVERT(b'1', UNSIGNED),	'Voucher Xtra',	'VOUCHER_XTRA',	CONVERT(b'1', UNSIGNED),	200000.00);

INSERT INTO `tax_info` (`id`, `business_address`, `business_type`, `created_at`, `email`, `tax_code`, `updated_at`, `user_id`) VALUES
('33dbd0d4-6f6d-48aa-8d36-9785523254af',	', , ,',	'CA_NHAN',	'2026-01-23 01:51:53.466363',	'quy@gmail.com',	'09876543224',	'2026-01-23 01:51:53.466375',	'3af180f7-1b91-4780-8557-a11cf548ede5'),
('616f8c1f-c0f1-4fe2-891b-b9c3ea535d89',	'sdfghjk\ndfghjkl, Xã Tam Đa, Huyện Phù Cừ, Hưng Yên',	'CA_NHAN',	'2026-01-23 01:57:13.414196',	'dinh@gmail.com',	'6768768',	'2026-01-23 01:57:13.414208',	'064c7d5f-75b9-460e-acf7-f486c4a0c406'),
('f8593383-36cf-4855-b296-18060b83e073',	'82 Lý Tự Trọng, Phường Bình Thủy, Quận Bình Thủy, Cần Thơ',	'CA_NHAN',	'2026-01-23 06:25:18.109534',	'thuannguyen418@gmail.com',	'9200000',	'2026-01-23 06:25:18.109541',	'46fc4d45-8c69-4a99-bd45-3c3d95e1a3c2'),
('tax-0001-aaaa-bbbb-cccc00000001',	'123 Street A',	'CA_NHAN',	'2026-01-25 09:06:44.000000',	'user1@example.com',	'1234567890',	'2026-01-25 09:06:44.000000',	'a0b1c2d3-0001-4444-8888-000000000001'),
('tax-0002-aaaa-bbbb-cccc00000002',	'456 Street B',	'HO_KINH_DOANH',	'2026-01-25 09:06:44.000000',	'user2@example.com',	'1234567891',	'2026-01-25 09:06:44.000000',	'a0b1c2d3-0002-4444-8888-000000000002'),
('tax-0003-aaaa-bbbb-cccc00000003',	'789 Street C',	'CONG_TY',	'2026-01-25 09:06:44.000000',	'user3@example.com',	'1234567892',	'2026-01-25 09:06:44.000000',	'a0b1c2d3-0003-4444-8888-000000000003'),
('tax-0004-aaaa-bbbb-cccc00000004',	'101 Street D',	'CA_NHAN',	'2026-01-25 09:06:44.000000',	'user4@example.com',	'1234567893',	'2026-01-25 09:06:44.000000',	'a0b1c2d3-0004-4444-8888-000000000004'),
('tax-0005-aaaa-bbbb-cccc00000005',	'202 Street E',	'HO_KINH_DOANH',	'2026-01-25 09:06:44.000000',	'user5@example.com',	'1234567894',	'2026-01-25 09:06:44.000000',	'a0b1c2d3-0005-4444-8888-000000000005');

INSERT INTO `user_missions` (`id`, `creation_timestamp`, `update_timestamp`, `claimed`, `completed`, `last_updated_date`, `progress`, `user_id`, `mission_id`) VALUES
('136b83db-79ce-4426-984d-aaff4885a8e6',	'2026-01-25 13:35:03.288806',	'2026-01-25 13:35:07.410818',	CONVERT(b'1', UNSIGNED),	CONVERT(b'1', UNSIGNED),	'2026-01-25',	1,	'3af180f7-1b91-4780-8557-a11cf548ede5',	'b1dbb725-7db6-4a32-9489-e044f2afece2'),
('b30ff6c0-6357-4501-88f7-0a24d43c674b',	'2026-01-24 15:03:13.722753',	'2026-01-24 15:03:22.836378',	CONVERT(b'1', UNSIGNED),	CONVERT(b'1', UNSIGNED),	'2026-01-24',	1,	'3412c965-0fd7-4d44-a069-6dafacf1ced1',	'b1dbb725-7db6-4a32-9489-e044f2afece2');

INSERT INTO `user_roles` (`user_id`, `role`) VALUES
('3412c965-0fd7-4d44-a069-6dafacf1ced1',	'ADMIN'),
('3af180f7-1b91-4780-8557-a11cf548ede5',	'USER'),
('064c7d5f-75b9-460e-acf7-f486c4a0c406',	'USER'),
('8b01475b-a05a-41f7-a350-dfd1ce404b87',	'USER'),
('3af180f7-1b91-4780-8557-a11cf548ede5',	'SHOP_OWNER'),
('064c7d5f-75b9-460e-acf7-f486c4a0c406',	'SHOP_OWNER'),
('2f370e25-fd3d-40f4-a5bd-902664859f74',	'USER'),
('b3f1b0fb-3735-467f-af3d-4f45189d2555',	'USER'),
('46fc4d45-8c69-4a99-bd45-3c3d95e1a3c2',	'USER'),
('46fc4d45-8c69-4a99-bd45-3c3d95e1a3c2',	'SHOP_OWNER'),
('0577ce72-3612-4d86-9b66-f300ad4fa284',	'USER'),
('a0b1c2d3-0001-4444-8888-000000000001',	'USER'),
('a0b1c2d3-0002-4444-8888-000000000002',	'USER'),
('a0b1c2d3-0003-4444-8888-000000000003',	'USER'),
('a0b1c2d3-0004-4444-8888-000000000004',	'USER'),
('a0b1c2d3-0005-4444-8888-000000000005',	'USER'),
('a0b1c2d3-0006-4444-8888-000000000006',	'USER'),
('a0b1c2d3-0007-4444-8888-000000000007',	'USER'),
('a0b1c2d3-0008-4444-8888-000000000008',	'USER'),
('a0b1c2d3-0009-4444-8888-000000000009',	'USER'),
('a0b1c2d3-0010-4444-8888-000000000010',	'USER'),
('a0b1c2d3-0011-4444-8888-000000000011',	'USER'),
('a0b1c2d3-0012-4444-8888-000000000012',	'USER'),
('a0b1c2d3-0013-4444-8888-000000000013',	'USER'),
('a0b1c2d3-0014-4444-8888-000000000014',	'USER'),
('a0b1c2d3-0015-4444-8888-000000000015',	'USER'),
('a0b1c2d3-0016-4444-8888-000000000016',	'USER'),
('a0b1c2d3-0017-4444-8888-000000000017',	'USER'),
('a0b1c2d3-0018-4444-8888-000000000018',	'USER'),
('a0b1c2d3-0019-4444-8888-000000000019',	'USER'),
('a0b1c2d3-0020-4444-8888-000000000020',	'USER'),
('s1o2c3d4-0001-5555-aaaa-000000000001',	'SHOP_OWNER'),
('s1o2c3d4-0002-5555-aaaa-000000000002',	'SHOP_OWNER'),
('s1o2c3d4-0003-5555-aaaa-000000000003',	'SHOP_OWNER'),
('s1o2c3d4-0004-5555-aaaa-000000000004',	'SHOP_OWNER'),
('s1o2c3d4-0005-5555-aaaa-000000000005',	'SHOP_OWNER'),
('12df851f-5e5e-49f0-9c57-8bbda3c9932b',	'USER'),
('c03a55ff-d9dc-40bf-953d-1d651bd3d4f5',	'USER');

INSERT INTO `user_wallet_entries` (`id`, `amount`, `balance_after`, `balance_before`, `created_at`, `description`, `entry_type`, `order_id`, `payment_id`, `ref_txn`, `user_id`) VALUES
('2b5965b8-29ea-42fd-85e6-bf4ffdca1ad0',	50000.00,	23111.00,	73111.00,	'2026-01-25 13:36:00.081053',	'Withdrawal to Ngan Hang Test (Demo) - 999988887777',	'WITHDRAWAL',	NULL,	NULL,	'WITHDRAWAL_3af180f7-1b91-4780-8557-a11cf548ede5_1769348160078',	'3af180f7-1b91-4780-8557-a11cf548ede5'),
('425fb41d-29e8-4138-910c-c023b01fb561',	100000.00,	100000.00,	0.00,	'2026-01-23 02:00:44.559311',	'Direct Deposit (Manual)',	'DEPOSIT',	'WALLET_DIRECT_064c7d5f-75b9-460e-acf7-f486c4a0c406_1769133644531',	NULL,	'DEPOSIT_WALLET_DIRECT_064c7d5f-75b9-460e-acf7-f486c4a0c406_1769133644531_1769133644542',	'064c7d5f-75b9-460e-acf7-f486c4a0c406'),
('52e99df6-0ccb-4395-b46c-54a3efaa9a9c',	50000.00,	73111.00,	123111.00,	'2026-01-25 13:35:57.995779',	'Withdrawal to Ngan Hang Test (Demo) - 999988887777',	'WITHDRAWAL',	NULL,	NULL,	'WITHDRAWAL_3af180f7-1b91-4780-8557-a11cf548ede5_1769348157994',	'3af180f7-1b91-4780-8557-a11cf548ede5'),
('eb861002-d438-4792-a127-ee9c7a8bc6d7',	123111.00,	123111.00,	0.00,	'2026-01-25 13:35:52.513697',	'Direct Deposit (Manual)',	'DEPOSIT',	'WALLET_DIRECT_3af180f7-1b91-4780-8557-a11cf548ede5_1769348152501',	NULL,	'DEPOSIT_WALLET_DIRECT_3af180f7-1b91-4780-8557-a11cf548ede5_1769348152501_1769348152504',	'3af180f7-1b91-4780-8557-a11cf548ede5');

INSERT INTO `user_wallets` (`id`, `balance_available`, `balance_pending`, `created_at`, `total_deposits`, `total_refunds`, `total_withdrawals`, `updated_at`, `user_id`) VALUES
('14877143-7e4b-4182-8650-ca8ef96b6d39',	0.00,	0.00,	'2026-01-24 18:12:56.259083',	0.00,	0.00,	0.00,	'2026-01-24 18:12:56.259134',	'8b01475b-a05a-41f7-a350-dfd1ce404b87'),
('2d54282d-6cfb-4900-b06f-1ec3152fc5a5',	0.00,	0.00,	'2026-01-25 13:37:46.872982',	0.00,	0.00,	0.00,	'2026-01-25 13:37:46.872996',	'c03a55ff-d9dc-40bf-953d-1d651bd3d4f5'),
('69bee0f5-dfdf-4621-a71e-88f64d9e1fd9',	100000.00,	0.00,	'2026-01-23 02:00:37.973184',	100000.00,	0.00,	0.00,	'2026-01-23 02:00:44.561779',	'064c7d5f-75b9-460e-acf7-f486c4a0c406'),
('af0090f5-3590-4b82-b683-4c5e04e6a7be',	23111.00,	0.00,	'2026-01-23 02:34:39.644587',	123111.00,	0.00,	100000.00,	'2026-01-25 13:36:00.082790',	'3af180f7-1b91-4780-8557-a11cf548ede5'),
('dff567cc-f851-488a-89b9-bc9b959771d2',	0.00,	0.00,	'2026-01-23 02:34:42.248164',	0.00,	0.00,	0.00,	'2026-01-23 02:34:42.248176',	'b3f1b0fb-3735-467f-af3d-4f45189d2555'),
('e6d4ae8a-f870-4dc8-becd-da90210bf777',	0.00,	0.00,	'2026-01-24 14:19:46.192974',	0.00,	0.00,	0.00,	'2026-01-24 14:19:46.192974',	'3412c965-0fd7-4d44-a069-6dafacf1ced1');

INSERT INTO `users` (`id`, `creation_timestamp`, `update_timestamp`, `active`, `email`, `password`, `primary_role`, `about_me`, `birth_date`, `first_name`, `gender`, `image_url`, `last_name`, `phone_number`, `username`) VALUES
('0577ce72-3612-4d86-9b66-f300ad4fa284',	'2026-01-25 07:10:34.350119',	'2026-01-25 13:34:58.580610',	'ACTIVE',	'ntthuana23127@cusc.ctu.edu.vn',	'$2a$10$rgnYodzXTHXADxoIH/pDWuxqBfxXUgHPNteDsMVUtts7RrQXkaMa6',	'USER',	NULL,	NULL,	'trang',	0,	NULL,	'pham',	'',	'Thuận Nguyễn Trung'),
('064c7d5f-75b9-460e-acf7-f486c4a0c406',	'2026-01-23 01:50:27.662189',	'2026-01-23 01:50:27.662207',	'ACTIVE',	'dinhpro2005@gmail.com',	'$2a$10$bLoCDHbuYoT0VlowfO/YkecSXm.c9QucvUeHbLSqUvHH6JOfP3L0.',	'USER',	NULL,	NULL,	NULL,	NULL,	NULL,	NULL,	NULL,	'Kiroww'),
('12df851f-5e5e-49f0-9c57-8bbda3c9932b',	'2026-01-25 13:31:19.360394',	'2026-01-25 13:35:36.396469',	'ACTIVE',	'trangyh05@gmail.com',	'$2a$10$GAS2V1OP0wzu52WhANrisOAhpxuR7ON1STJz/8EEZwef5KNNabtra',	'USER',	NULL,	NULL,	'trang',	1,	NULL,	'pham',	'0325443427',	'trangggg'),
('2f370e25-fd3d-40f4-a5bd-902664859f74',	'2026-01-23 02:12:33.826981',	'2026-01-23 02:12:33.827021',	'ACTIVE',	'quy1@gmail.com',	'$2a$10$mDrQitx8dPB1XKUQdt0IQu7HuHEbZEdjmCMo9/Jtk5AEo3qwp7Lh6',	'USER',	NULL,	NULL,	NULL,	NULL,	NULL,	NULL,	NULL,	'quy1@gmail.com'),
('3af180f7-1b91-4780-8557-a11cf548ede5',	'2026-01-23 01:49:19.549821',	'2026-01-25 21:49:39.788202',	'INACTIVE',	'quy@gmail.com',	'$2a$10$bLoCDHbuYoT0VlowfO/YkecSXm.c9QucvUeHbLSqUvHH6JOfP3L0.',	'USER',	NULL,	NULL,	NULL,	NULL,	NULL,	NULL,	NULL,	'quy@gmail.com'),
('46fc4d45-8c69-4a99-bd45-3c3d95e1a3c2',	'2026-01-23 06:07:43.041110',	'2026-01-25 13:47:21.160329',	'ACTIVE',	'trang123123100@gmail.com',	'$2a$10$Jmwkmk9ZDcj8l5FN.kG.cejWz/MLmq08ZMZVNqqp/T5BDyqy8BJrS',	'USER',	NULL,	NULL,	'Pham',	0,	NULL,	'Trang',	'0325443427',	'trang123'),
('8b01475b-a05a-41f7-a350-dfd1ce404b87',	'2026-01-23 01:51:25.009334',	'2026-01-23 01:52:31.707733',	'INACTIVE',	'nguyentrungthuan417@gmail.com',	'$2a$10$iOJQ5/0mXR6vds.MgL1s5uxhnjWFIRFY0aDChFOAnimu41mxXJODe',	'USER',	NULL,	NULL,	NULL,	NULL,	NULL,	NULL,	NULL,	'Thuận Nguyễn'),
('a0b1c2d3-0001-4444-8888-000000000001',	'2026-01-25 09:06:27.000000',	'2026-01-25 13:40:15.759330',	'INACTIVE',	'user1@example.com',	'$2a$10$smbGgiAAyqqtCtsDkSvTOuenfW9THH26DMSPvH6rh8BhKXGl68dzm',	'USER',	NULL,	NULL,	'Nguyen',	0,	NULL,	'Van A',	'0900000001',	'user1'),
('a0b1c2d3-0002-4444-8888-000000000002',	'2026-01-25 09:06:27.000000',	'2026-01-25 09:06:27.000000',	'ACTIVE',	'user2@example.com',	'$2a$10$smbGgiAAyqqtCtsDkSvTOuenfW9THH26DMSPvH6rh8BhKXGl68dzm',	'USER',	NULL,	NULL,	'Tran',	1,	NULL,	'Thi B',	'0900000002',	'user2'),
('a0b1c2d3-0003-4444-8888-000000000003',	'2026-01-25 09:06:27.000000',	'2026-01-25 09:06:27.000000',	'ACTIVE',	'user3@example.com',	'$2a$10$smbGgiAAyqqtCtsDkSvTOuenfW9THH26DMSPvH6rh8BhKXGl68dzm',	'USER',	NULL,	NULL,	'Le',	0,	NULL,	'Van C',	'0900000003',	'user3'),
('a0b1c2d3-0004-4444-8888-000000000004',	'2026-01-25 09:06:27.000000',	'2026-01-25 09:06:27.000000',	'ACTIVE',	'user4@example.com',	'$2a$10$smbGgiAAyqqtCtsDkSvTOuenfW9THH26DMSPvH6rh8BhKXGl68dzm',	'USER',	NULL,	NULL,	'Pham',	1,	NULL,	'Thi D',	'0900000004',	'user4'),
('a0b1c2d3-0005-4444-8888-000000000005',	'2026-01-25 09:06:27.000000',	'2026-01-25 09:06:27.000000',	'ACTIVE',	'user5@example.com',	'$2a$10$smbGgiAAyqqtCtsDkSvTOuenfW9THH26DMSPvH6rh8BhKXGl68dzm',	'USER',	NULL,	NULL,	'Hoang',	0,	NULL,	'Van E',	'0900000005',	'user5'),
('a0b1c2d3-0006-4444-8888-000000000006',	'2026-01-25 09:06:27.000000',	'2026-01-25 09:06:27.000000',	'ACTIVE',	'user6@example.com',	'$2a$10$smbGgiAAyqqtCtsDkSvTOuenfW9THH26DMSPvH6rh8BhKXGl68dzm',	'USER',	NULL,	NULL,	'Do',	1,	NULL,	'Thi F',	'0900000006',	'user6'),
('a0b1c2d3-0007-4444-8888-000000000007',	'2026-01-25 09:06:27.000000',	'2026-01-25 09:06:27.000000',	'ACTIVE',	'user7@example.com',	'$2a$10$smbGgiAAyqqtCtsDkSvTOuenfW9THH26DMSPvH6rh8BhKXGl68dzm',	'USER',	NULL,	NULL,	'Ngo',	0,	NULL,	'Van G',	'0900000007',	'user7'),
('a0b1c2d3-0008-4444-8888-000000000008',	'2026-01-25 09:06:27.000000',	'2026-01-25 09:06:27.000000',	'ACTIVE',	'user8@example.com',	'$2a$10$smbGgiAAyqqtCtsDkSvTOuenfW9THH26DMSPvH6rh8BhKXGl68dzm',	'USER',	NULL,	NULL,	'Vu',	1,	NULL,	'Thi H',	'0900000008',	'user8'),
('a0b1c2d3-0009-4444-8888-000000000009',	'2026-01-25 09:06:27.000000',	'2026-01-25 09:06:27.000000',	'ACTIVE',	'user9@example.com',	'$2a$10$smbGgiAAyqqtCtsDkSvTOuenfW9THH26DMSPvH6rh8BhKXGl68dzm',	'USER',	NULL,	NULL,	'Dang',	0,	NULL,	'Van I',	'0900000009',	'user9'),
('a0b1c2d3-0010-4444-8888-000000000010',	'2026-01-25 09:06:27.000000',	'2026-01-25 09:06:27.000000',	'ACTIVE',	'user10@example.com',	'$2a$10$smbGgiAAyqqtCtsDkSvTOuenfW9THH26DMSPvH6rh8BhKXGl68dzm',	'USER',	NULL,	NULL,	'Bui',	1,	NULL,	'Thi K',	'0900000010',	'user10'),
('a0b1c2d3-0011-4444-8888-000000000011',	'2026-01-25 09:06:27.000000',	'2026-01-25 09:06:27.000000',	'ACTIVE',	'user11@example.com',	'$2a$10$smbGgiAAyqqtCtsDkSvTOuenfW9THH26DMSPvH6rh8BhKXGl68dzm',	'USER',	NULL,	NULL,	'Doan',	0,	NULL,	'Van L',	'0900000011',	'user11'),
('a0b1c2d3-0012-4444-8888-000000000012',	'2026-01-25 09:06:27.000000',	'2026-01-25 09:06:27.000000',	'ACTIVE',	'user12@example.com',	'$2a$10$smbGgiAAyqqtCtsDkSvTOuenfW9THH26DMSPvH6rh8BhKXGl68dzm',	'USER',	NULL,	NULL,	'Ho',	1,	NULL,	'Thi M',	'0900000012',	'user12'),
('a0b1c2d3-0013-4444-8888-000000000013',	'2026-01-25 09:06:27.000000',	'2026-01-25 09:06:27.000000',	'ACTIVE',	'user13@example.com',	'$2a$10$smbGgiAAyqqtCtsDkSvTOuenfW9THH26DMSPvH6rh8BhKXGl68dzm',	'USER',	NULL,	NULL,	'Duong',	0,	NULL,	'Van N',	'0900000013',	'user13'),
('a0b1c2d3-0014-4444-8888-000000000014',	'2026-01-25 09:06:27.000000',	'2026-01-25 09:06:27.000000',	'ACTIVE',	'user14@example.com',	'$2a$10$smbGgiAAyqqtCtsDkSvTOuenfW9THH26DMSPvH6rh8BhKXGl68dzm',	'USER',	NULL,	NULL,	'Ly',	1,	NULL,	'Thi O',	'0900000014',	'user14'),
('a0b1c2d3-0015-4444-8888-000000000015',	'2026-01-25 09:06:27.000000',	'2026-01-25 09:06:27.000000',	'ACTIVE',	'user15@example.com',	'$2a$10$smbGgiAAyqqtCtsDkSvTOuenfW9THH26DMSPvH6rh8BhKXGl68dzm',	'USER',	NULL,	NULL,	'Truong',	0,	NULL,	'Van P',	'0900000015',	'user15'),
('a0b1c2d3-0016-4444-8888-000000000016',	'2026-01-25 09:06:27.000000',	'2026-01-25 09:06:27.000000',	'ACTIVE',	'user16@example.com',	'$2a$10$smbGgiAAyqqtCtsDkSvTOuenfW9THH26DMSPvH6rh8BhKXGl68dzm',	'USER',	NULL,	NULL,	'Dinh',	1,	NULL,	'Thi Q',	'0900000016',	'user16'),
('a0b1c2d3-0017-4444-8888-000000000017',	'2026-01-25 09:06:27.000000',	'2026-01-25 09:06:27.000000',	'ACTIVE',	'user17@example.com',	'$2a$10$smbGgiAAyqqtCtsDkSvTOuenfW9THH26DMSPvH6rh8BhKXGl68dzm',	'USER',	NULL,	NULL,	'Chau',	0,	NULL,	'Van R',	'0900000017',	'user17'),
('a0b1c2d3-0018-4444-8888-000000000018',	'2026-01-25 09:06:27.000000',	'2026-01-25 09:06:27.000000',	'ACTIVE',	'user18@example.com',	'$2a$10$smbGgiAAyqqtCtsDkSvTOuenfW9THH26DMSPvH6rh8BhKXGl68dzm',	'USER',	NULL,	NULL,	'Luu',	1,	NULL,	'Thi S',	'0900000018',	'user18'),
('a0b1c2d3-0019-4444-8888-000000000019',	'2026-01-25 09:06:27.000000',	'2026-01-25 09:06:27.000000',	'INACTIVE',	'user19@locked.com',	'$2a$10$smbGgiAAyqqtCtsDkSvTOuenfW9THH26DMSPvH6rh8BhKXGl68dzm',	'USER',	NULL,	NULL,	'Mai',	0,	NULL,	'Van T',	'0900000019',	'user19'),
('a0b1c2d3-0020-4444-8888-000000000020',	'2026-01-25 09:06:27.000000',	'2026-01-25 09:06:27.000000',	'INACTIVE',	'user20@locked.com',	'$2a$10$smbGgiAAyqqtCtsDkSvTOuenfW9THH26DMSPvH6rh8BhKXGl68dzm',	'USER',	NULL,	NULL,	'Cao',	1,	NULL,	'Thi U',	'0900000020',	'user20'),
('b3f1b0fb-3735-467f-af3d-4f45189d2555',	'2026-01-23 02:30:28.183511',	'2026-01-23 02:30:28.183557',	'ACTIVE',	'david@gmail.com',	'$2a$10$gfNKGmdGwNlCt.b0DioalOVr1dYv43uTqa0cqf0DMU4g0cx0GUAwe',	'USER',	NULL,	NULL,	NULL,	NULL,	NULL,	NULL,	NULL,	'DavidNguyen'),
('c03a55ff-d9dc-40bf-953d-1d651bd3d4f5',	'2026-01-25 13:37:17.930893',	'2026-01-25 13:37:17.930947',	'ACTIVE',	'kirowwiut1104@gmail.com',	'$2a$10$cMnpua/04KeeNyxpOtpQc.D7.3NelXkFLe.xuhpiu/RAuRY3lawlW',	'USER',	NULL,	NULL,	NULL,	NULL,	NULL,	NULL,	NULL,	'Kiroww Hehe'),
('s1o2c3d4-0001-5555-aaaa-000000000001',	'2026-01-25 09:07:06.000000',	'2026-01-25 09:07:06.000000',	'ACTIVE',	'shop1@example.com',	'$2a$10$smbGgiAAyqqtCtsDkSvTOuenfW9THH26DMSPvH6rh8BhKXGl68dzm',	'SHOP_OWNER',	NULL,	NULL,	'Shop',	0,	NULL,	'One',	'0981111111',	'shopowner1'),
('s1o2c3d4-0002-5555-aaaa-000000000002',	'2026-01-25 09:07:06.000000',	'2026-01-25 09:07:06.000000',	'ACTIVE',	'shop2@example.com',	'$2a$10$smbGgiAAyqqtCtsDkSvTOuenfW9THH26DMSPvH6rh8BhKXGl68dzm',	'SHOP_OWNER',	NULL,	NULL,	'Shop',	1,	NULL,	'Two',	'0981111112',	'shopowner2'),
('s1o2c3d4-0003-5555-aaaa-000000000003',	'2026-01-25 09:07:06.000000',	'2026-01-25 09:07:06.000000',	'ACTIVE',	'shop3@example.com',	'$2a$10$smbGgiAAyqqtCtsDkSvTOuenfW9THH26DMSPvH6rh8BhKXGl68dzm',	'SHOP_OWNER',	NULL,	NULL,	'Shop',	0,	NULL,	'Three',	'0981111113',	'shopowner3'),
('s1o2c3d4-0004-5555-aaaa-000000000004',	'2026-01-25 09:07:06.000000',	'2026-01-25 09:07:06.000000',	'ACTIVE',	'shop4@example.com',	'$2a$10$smbGgiAAyqqtCtsDkSvTOuenfW9THH26DMSPvH6rh8BhKXGl68dzm',	'SHOP_OWNER',	NULL,	NULL,	'Shop',	1,	NULL,	'Four',	'0981111114',	'shopowner4'),
('s1o2c3d4-0005-5555-aaaa-000000000005',	'2026-01-25 09:07:06.000000',	'2026-01-25 09:07:06.000000',	'ACTIVE',	'shop5@example.com',	'$2a$10$smbGgiAAyqqtCtsDkSvTOuenfW9THH26DMSPvH6rh8BhKXGl68dzm',	'SHOP_OWNER',	NULL,	NULL,	'Shop',	0,	NULL,	'Five',	'0981111115',	'shopowner5');



-- 2026-01-25 15:19:28 UTC
